代码,名称,上榜日,涨跌幅,换手率,净买额,净买占成交,龙虎额占市场,流通市值,买占比,收益,盈利
000002,万科A,2025-12-10,10.0629,6.5478,246.233615999997,0.0762542889694046,2865.061727900449,51011098052.25,0.5013307617114638,-0.9652509652509632,False
000021,深科技,2026-05-18,10.0119,6.016,45613.257264,13.1987210458488,2905.451924496895,58286770816.4,0.7271371440457456,3.6393264530146574,True
000021,深科技,2026-02-02,-10.0031,8.9706,-25105.736475,-5.917935691283133,2847.3195368739257,46009073332.8,0.3960788275667079,-2.090357383681729,False
000021,深科技,2025-10-17,-9.9869,12.83,-5707.226509,-1.00445869968579,2224.1308506163373,43057159888.2,0.4774190736258292,-1.9410496046010084,False
000021,深科技,2025-10-10,3.4573,24.5564,-9668.100299,-0.8214207278893271,2453.6831562283755,49845734001.96,0.4832614751867157,4.819277108433751,True
000021,深科技,2025-10-09,10.0108,11.2223,55149.27230599999,10.243256739822556,2901.165124108182,48180019057.38,0.6765369481161698,0.5383580080753791,True
000021,深科技,2025-10-09,10.0108,11.2223,80172.42585,7.24044152448233,2111.6864448167244,48180019057.38,0.6714374201305898,0.5383580080753791,True
000021,深科技,2025-09-24,9.9868,8.7227,19197.375403,5.873061030962585,2593.280827617889,39175733650.0,0.6132361171303883,-0.7642799678197809,False
000062,深圳华强,2026-06-02,10.0098,9.6623,42958.74771,13.17715183663978,2580.0112439718177,35025050581.04,0.755370046689295,-8.644400785854634,False
000062,深圳华强,2026-05-11,9.9887,8.3235,47507.668544,14.472490345616665,2657.0221956836817,40845144009.93,0.7723441747894909,-9.164556962025303,False
000062,深圳华强,2026-04-27,9.9884,10.2892,516.383012,0.1306361835564729,1904.8673474694128,39465875908.29,0.5034290099972059,-7.990568509300511,False
000062,深圳华强,2026-04-27,9.9884,10.2892,5082.20901199999,0.6613747556911744,1636.1489752175814,39465875908.29,0.5202113244487172,-7.990568509300511,False
000062,深圳华强,2026-04-24,9.9936,10.7316,9402.239119,2.519709388494623,1975.701547258736,35881868644.18,0.5637674600192194,8.22228522823929,True
000062,深圳华强,2026-04-07,10.0122,5.1717,15898.5741,11.067589754600208,2694.519007377245,28243649081.31,0.7053722709748674,-1.485673859214709,False
000062,深圳华强,2025-05-06,9.9922,6.174,11012.783388,6.361633718942568,1989.562905714412,29446099220.0,0.659875159027913,-0.3577817531305816,False
000062,深圳华强,2025-04-15,1.568,11.549,7683.666802,1.1679064184598469,1496.1435000591196,27074110390.0,0.5390305615207931,-3.570027461749703,False
000062,深圳华强,2025-04-14,10.0043,9.3486,2833.0251120000003,1.184085377561782,1624.7516045790348,26656138790.0,0.5364389662464304,-2.187260168841132,False
000062,深圳华强,2025-04-11,10.0095,4.3555,7216.950695999999,6.975145091861842,1877.996574527979,24231903510.0,0.6857070770646906,11.130063965884853,True
000062,深圳华强,2025-03-27,9.9863,3.1394,15264.7086,19.98079963610663,3592.895791010873,25088745290.0,0.778059826924245,0.170575692963748,True
000063,中兴通讯,2026-05-28,9.9943,5.5297,74968.233663,9.18362546951721,3030.4034614652314,154257893185.6,0.6515247983692051,-4.805194805194812,False
000063,中兴通讯,2025-12-11,-9.9952,10.8302,-26425.502857,-1.5619221282068052,2066.8176447150727,152314758112.14,0.4622143218052957,1.192411924119252,True
000063,中兴通讯,2025-12-01,10.0024,8.1259,153722.529094,10.48158540896242,2395.7775852891605,186466771565.1,0.71875122034121,-5.798618379736242,False
000063,中兴通讯,2025-10-17,-9.9944,7.9356,-42000.299503,-2.612218949106264,1943.626376177247,195850520544.51,0.4328003833163651,-0.2653061224489828,False
000063,中兴通讯,2025-08-22,9.375,11.0154,132267.79787799998,2.4027788356126,1748.966634041994,187473611584.35,0.5686913857830324,-5.401429171920979,False
000063,中兴通讯,2025-01-09,10.0057,9.7211,-90340.656869,-6.238850665693684,2696.582586179637,154530329252.7,0.3843193103436054,-2.3162939297124763,False
000338,潍柴动力,2026-05-06,10.0,2.4593,113106.545474,26.80490720865963,6489.449612505528,171719880515.04,0.7065268151324042,-3.920470456454772,False
000338,潍柴动力,2025-11-06,10.0061,3.38,3579.829786,1.1807479850647051,3435.475919035033,89882545630.41,0.5171846348641611,3.4425319267073595,True
000539,粤电力A,2026-06-18,-9.9757,9.8478,-8775.467857,-4.535735122014184,2211.863924206152,20634424332.6,0.3974680342588869,-2.439024390243893,False
000539,粤电力A,2026-06-05,-10.0327,11.0669,-20119.138762,-8.176238315395715,2110.758437228751,22822471356.75,0.3063198949916214,0.3875968992248069,True
000539,粤电力A,2026-06-03,2.9573,18.1421,-25444.812712,-6.16871930779089,2430.670067415376,25817054850.6,0.3731066097680974,1.7758046614872347,True
000539,粤电力A,2026-06-01,10.0225,18.6464,-34977.345495999994,-7.781987794827495,2986.202853876567,26754563923.23,0.3697009517500589,-7.128099173553714,False
000539,粤电力A,2026-06-01,10.0225,18.6464,-31719.644723,-5.747309448707767,2887.770427493649,26754563923.23,0.4004888097407388,-7.128099173553714,False
000539,粤电力A,2026-05-28,9.9455,5.8521,25987.031611,10.62209737542726,2715.366281497249,22426374354.93,0.6955923487709041,11.402508551881407,True
000539,粤电力A,2026-05-27,10.045,6.8808,11156.532049,8.94265759742529,2852.634816378105,20505053358.66,0.6567438205914399,11.012658227848092,True
000539,粤电力A,2026-04-23,9.1603,11.7338,-6167.682519,-3.050305714995879,2728.75513419695,19963641287.85,0.4441081085516023,-4.129793510324486,False
000539,粤电力A,2026-04-23,9.1603,11.7338,-6637.08840099999,-1.4663115152535335,2256.1819941366152,19963641287.85,0.4675045825411204,-4.129793510324486,False
000539,粤电力A,2026-03-31,-6.5079,6.9143,-2540.758789,-0.6284803597262252,1553.0789428801056,16703933395.11,0.479766631869957,-3.511705685618738,False
000539,粤电力A,2026-03-27,-7.3431,9.0976,-1463.3624630000002,-0.8909790860430998,1585.802873772293,19450962279.06,0.4719076342722331,-10.248901903367502,False
000539,粤电力A,2026-03-26,0.4021,14.8818,-14338.200698,-5.077333559079467,1982.330460380631,20856425073.51,0.3719352383329529,-3.9381153305203975,False
000539,粤电力A,2026-03-20,7.9417,13.7356,-8144.274155,-3.699596747217436,1981.5079229160144,18663597227.34,0.4066469352851978,0.8169934640522847,True
000539,粤电力A,2026-03-19,9.9822,5.4312,2774.828662,2.7966364978135703,3396.9333740185925,17443393966.83,0.5411641352639356,0.990099009900991,True
000539,粤电力A,2025-05-29,10.0209,3.7431,21764.846278,17.488652795792262,3449.003500292803,14936090140.23,0.7535319664695551,-13.391304347826082,False
000555,神州信息,2025-11-07,-8.216,17.3482,-509.59244300000097,-0.1519546320933918,2193.4024656273764,19000714637.1,0.4965360978098032,-2.797558494404884,False
000555,神州信息,2025-11-04,5.036,25.9696,-11785.93354,-2.1882432317400005,2293.53999499178,21284688007.8,0.4522955074575047,-5.941499085923219,False
000555,神州信息,2025-11-04,5.036,25.9696,21370.924381,1.4792776998433117,1574.6823887686585,21284688007.8,0.5469706688280184,-5.941499085923219,False
000555,神州信息,2025-11-03,10.0264,22.4465,32574.720083,7.586097190906808,2088.1501153425857,20264189267.7,0.6816463561495965,9.564346519779663,True
000555,神州信息,2025-11-03,10.0264,22.4465,32574.720083,7.586097190906808,2088.1501153425857,20264189267.7,0.6816463561495965,9.564346519779663,True
000555,神州信息,2025-10-30,9.9821,15.6327,6939.735627,1.784916107970564,2075.6934547701026,17883025540.8,0.5429956577612337,-7.957957957957962,False
000555,神州信息,2025-10-30,9.9821,15.6327,8969.054915,3.30465768907758,2477.866295489375,17883025540.8,0.5666835352475086,-7.957957957957962,False
000555,神州信息,2025-10-29,9.9934,7.4572,16769.790384,14.285230753754222,3055.686790214968,16259946592.26,0.7337482820474093,15.893271461716951,True
000555,神州信息,2025-03-26,-3.7926,7.4111,-21259.384375,-4.803752598960773,2317.423030219092,12084287977.41,0.396355724951378,-0.9661835748792202,False
000555,神州信息,2025-03-25,-10.0279,10.7359,-12941.653648,-9.338765089776722,2585.706521190357,12560659748.04,0.3194156024041444,-0.956937799043056,False
000555,神州信息,2025-03-24,-10.0251,14.5772,-9550.927709,-4.470384153184051,2746.870818734822,13960609441.32,0.4186276958731708,-11.440677966101696,False
000555,神州信息,2025-03-21,9.9931,13.9959,8844.421565,4.092516217070749,2273.1201718392854,15516109100.52,0.5900197945487261,-7.872478854912157,False
000555,神州信息,2025-03-03,9.9918,4.4341,2153.384377,3.854836517433079,3033.511337826136,13056475264.41,0.5635375327160557,-1.6800584368151794,False
000559,万向钱潮,2026-02-10,10.0282,6.9296,20268.041085,4.762342461373397,3172.125225948143,64729232825.67,0.5750654864192813,3.152916447714116,True
000559,万向钱潮,2025-11-06,10.0,5.0015,23670.33871,10.739779398795497,2599.4746865665184,45939582806.04,0.7065759565633816,-2.5843503230437825,False
000559,万向钱潮,2025-10-10,-9.9002,8.0097,-9223.38634,-2.872605450670743,1533.108268574758,38912749072.36,0.4063143318201121,6.029684601113172,True
000559,万向钱潮,2025-09-26,9.972,5.0255,28628.197376,15.013555763932146,3423.925806292162,39111621725.2,0.7192447589889606,9.492089925062452,True
000559,万向钱潮,2025-09-23,9.98,9.5282,26357.943254,7.969915885454255,2579.9483295253017,36526277238.28,0.6544588276099444,-3.285968028419173,False
000559,万向钱潮,2025-09-19,-9.9826,8.7389,-19861.162926,-6.455332799831641,1978.811531425375,34371823499.18,0.3368886400418906,2.9927760577915574,True
000559,万向钱潮,2025-09-18,10.0287,13.3264,24323.498343,4.016659957464378,1849.3778289823424,38059531649.28,0.608594898633413,-14.775725593667543,False
000559,万向钱潮,2025-09-18,10.0287,13.3264,27791.343923,5.55348599473116,1996.4098151297844,38059531649.28,0.6390868235730983,-14.775725593667543,False
000559,万向钱潮,2025-05-14,-7.5975,11.1403,3924.357832,1.1722270876096728,2127.831101049129,29734009101.0,0.5275451159406332,-5.298759864712499,False
000559,万向钱潮,2025-05-12,9.9526,10.7625,-14765.4418,-4.513117687533827,2061.5361290403694,30659067161.92,0.3905399322389113,-2.92524377031419,False
000559,万向钱潮,2025-04-02,10.0443,5.1351,10946.922417,8.809096631851066,2200.257083482061,24613151978.05,0.7001833489818847,-3.894297635605015,False
000564,供销大集,2025-09-16,10.1504,7.8532,26218.344629,7.820821539901464,2177.032473699148,43115000056.12,0.6796211502213506,1.0238907849829282,True
000564,供销大集,2025-09-02,9.8361,5.3631,25811.145948,12.485360855926334,2979.494172534186,39436245785.12,0.7095214847375756,-1.1450381679389388,False
000564,供销大集,2025-04-08,10.0386,3.9646,10270.695691,6.365980780331909,2783.254420642059,41937837586.2,0.6143621785546893,0.0,False
000564,供销大集,2025-01-03,-9.915,4.9859,-3392.8261520000005,-1.4236311372763857,1727.8119640728908,46793797727.76,0.4588024864140735,-3.0100334448160626,False
000568,泸州老窖,2026-01-29,9.9965,2.6501,41070.324403,8.815374004631694,3637.798108435341,182526888222.09,0.621163595970191,-3.239425184704059,False
000617,中油资本,2026-04-08,-9.8873,5.6814,-15388.363824000002,-2.02797888716723,2251.661132107339,131351201630.81,0.4549670494762852,-3.339694656488545,False
000617,中油资本,2026-03-19,9.9589,4.4167,54064.58581799999,9.42221259371356,2200.369914142548,135396666936.09,0.7141051950663773,-7.574304889741123,False
000617,中油资本,2026-03-16,10.0225,3.3494,63977.11006,15.473556015434331,3201.810759974295,123513112601.83,0.7416375790984999,0.2096436058700357,True
000617,中油资本,2025-09-02,-10.023,3.4528,-14641.372433,-2.7817069388277216,2697.74798592337,148670849969.04,0.4484439066706296,-5.618964003511861,False
000617,中油资本,2025-08-26,-7.0588,4.2924,11618.071078,1.7634820707837573,2573.4959968897565,149808637086.15,0.534262382240249,1.931150293870698,True
000617,中油资本,2025-08-22,10.0276,5.7562,21520.177602,2.653819953471699,2439.183559877731,151199265784.84,0.5543997589423882,1.9166666666666776,True
000617,中油资本,2025-08-21,10.0202,2.3152,29499.653781,1.8953347593147911,1479.0715804596848,137419399588.73,0.5640717726023016,12.99435028248588,True
000617,中油资本,2025-08-21,10.0202,2.3152,26765.6125,8.420454530132108,2639.063487108766,137419399588.73,0.659534898862118,12.99435028248588,True
000617,中油资本,2025-08-19,9.9548,4.7302,26484.708152000003,4.7206448518196895,1926.474824119338,122881008647.88,0.6225202840109179,9.621289662231325,True
000617,中油资本,2025-07-08,10.0509,4.3886,25389.12485,5.483696812824259,2371.282707933477,109353984033.35,0.6156272256040526,4.093567251461994,True
000617,中油资本,2025-04-22,10.0279,3.1037,22527.187139,7.512948767960742,2306.7354759745044,99872424724.1,0.6628480778617848,-5.348258706467646,False
000617,中油资本,2025-04-09,9.9511,2.3241,1667.246128,0.8681450109679684,2930.391801717791,85207612992.46,0.5148127805036012,3.571428571428581,True
000661,长春高新,2025-09-02,10.0026,5.5289,61181.983823,12.01813141779304,2512.38593648112,49837159672.26,0.7391776526703894,-2.359389895138231,False
000661,长春高新,2025-09-02,10.0026,5.5289,27492.931751,10.055299181059262,2929.37689618093,49837159672.26,0.6716286353280198,-2.359389895138231,False
000661,长春高新,2025-07-03,9.999,4.0647,20738.401023,12.038148825222718,3369.255285434445,43435176688.14,0.6786470273900671,-2.28902371759514,False
000725,京东方A,2026-06-17,10.0,5.245,150237.50717,12.381262096787111,2919.9193471303724,240722459829.91,0.7120137686158202,-0.8746355685131268,False
000725,京东方A,2026-06-04,10.0179,9.1438,147331.910543,7.3849597197781,2422.8146378359734,226785502467.78,0.6524045546954068,6.105610561056118,True
000725,京东方A,2026-05-29,-10.0352,9.9758,40021.321418,2.091436020488605,2100.4465652560084,188636801323.33,0.5497855088313969,3.740157480314954,True
000725,京东方A,2026-05-22,10.0213,16.5404,140022.993624,4.801414095276568,1870.747686681752,190460813349.2,0.6283287460264911,0.974658869395717,True
000725,京东方A,2026-05-22,10.0213,16.5404,140022.993624,4.801414095276568,1870.747686681752,190460813349.2,0.6283287460264911,0.974658869395717,True
000725,京东方A,2026-05-22,10.0213,16.5404,183900.767004,5.405387876038316,1772.0152540211493,190460813349.2,0.6525209183095949,0.974658869395717,True
000725,京东方A,2026-05-21,10.0939,2.8507,42064.419586,8.657213521349094,2993.876691828039,173345587207.61,0.6445819987339402,10.085836909871237,True
000776,广发证券,2026-06-22,9.9806,3.3002,-35325.930016000006,-8.178017419005577,4709.820093249655,134021919359.7,0.4131812122640659,-1.4042553191489282,False
000792,盐湖股份,2026-01-05,10.0142,3.0847,13274.521209,2.652281628593704,2932.932246273833,163931455993.58,0.5452155284521714,1.0937500000000044,True
000858,五粮液,2026-01-29,10.0,2.5418,28856.264129000003,2.7611340873279397,2212.191824730627,429955238321.07,0.562407203038646,-5.136769883542469,False
000876,新希望,2025-04-07,4.8304,4.8449,-3008.770202,-1.003341001893959,2123.214304574517,45896713386.6,0.4763721212754587,8.243375858684976,True
000876,新希望,2025-02-19,10.0105,4.3085,4254.098591,2.178382892723802,2022.0050576781964,46976618682.36,0.5538669001952243,-4.318618042226485,False
000958,电投产融,2025-05-13,10.0,3.7524,14495.499,10.379437385577624,2147.314437339343,38491281543.0,0.7416841521924101,3.3045977011494365,True
000958,电投产融,2025-04-02,9.9851,5.3685,19504.026199,9.837653175847215,2275.3316370620555,39729462627.6,0.7161806440785431,-4.287690179806369,False
000958,电投产融,2025-03-28,6.4915,6.4446,-40447.030082,-6.34001077823916,2003.9286804753588,37091598577.8,0.3418104686057185,-3.0701754385964897,False
000958,电投产融,2025-03-26,10.087,5.4391,-2143.204482,-1.181232892145057,3181.6994665874927,34076896806.6,0.4814370762457338,0.8000000000000007,True
000997,新大陆,2025-05-12,10.0,4.9498,5367.05949,3.5201120114904416,3240.90437274604,32177778034.05,0.5543075574998813,-4.160100850929716,False
000997,新大陆,2025-03-12,10.0041,5.166,-2868.115343,-2.0550533538572555,2917.969040334361,27651334616.82,0.4647862378686894,4.84917907598319,True
001213,中铁特货,2025-07-23,10.0457,2.7905,3748.723444,6.448404136951096,3585.7252005964165,21422222220.08,0.5899177122647119,-4.23728813559322,False
001309,德明利,2026-06-04,10.0008,11.6218,10307.574848,0.8123221321009526,3054.091134378532,112282262005.5,0.513298917687115,-13.327740065593774,False
001309,德明利,2026-05-13,10.0,10.4595,141349.349203,13.047600962436018,3414.139403253087,109669700316.0,0.691081842616091,3.2918454935622288,True
001309,德明利,2026-05-06,9.9998,4.8864,56698.670746,12.547126798284896,2764.1751652017733,93132129001.8,0.726959690475495,-0.625207296849084,False
001309,德明利,2026-04-13,7.6581,13.4333,55905.475816,2.034388629518733,2742.9421075834925,77460153461.66,0.5370840606495886,3.2997382468723524,True
001309,德明利,2026-04-10,10.0005,14.4371,49332.969922,4.841262027443408,3115.9868346153603,71950152722.16,0.5776842503578968,7.784071976008011,True
001309,德明利,2026-03-16,10.0016,16.5509,-14404.329397,-1.6278567429721904,5156.26380310557,56637981324.04,0.4842147647489279,4.056406685236769,True
001309,德明利,2026-03-16,10.0016,16.5509,59922.34207100001,3.797861562412018,4134.877732193135,56637981324.04,0.5459247142042776,4.056406685236769,True
001309,德明利,2026-03-04,10.0,12.1618,33532.739778,6.873878398004536,2628.3701520042064,40471558716.38,0.6307631345752996,-0.3622482763993351,False
001309,德明利,2025-12-26,10.0014,16.3559,34709.477151,5.609902347802529,2169.3762964584057,38449348226.0,0.6292975856000852,2.1259677756853,True
001309,德明利,2025-12-19,-7.0067,10.29,-8309.073961,-2.567976067501889,2852.431842077586,30767522377.5,0.4549861975732348,1.6811860003056678,True
001309,德明利,2025-12-08,10.0,10.6571,5727.63191500001,1.5419569605360386,3441.209106397087,35782025240.28,0.522404290365116,-0.7945414553126584,False
001309,德明利,2025-11-10,5.8912,12.5552,27260.568133,1.8139842454760424,3397.4010433171943,45486061296.42,0.526696645794058,-5.472446423601451,False
001309,德明利,2025-11-06,10.0013,8.5888,56844.388082000005,16.796087158079782,3900.573535184544,39635461061.28,0.7153027882511787,9.613940806891376,True
001309,德明利,2025-10-27,9.9991,13.8467,-1507.983214,-0.2978593131171007,3162.729476657897,38267449072.72,0.4952911035339031,2.947471684651748,True
001309,德明利,2025-10-27,9.9991,13.8467,-78698.649388,-5.687612081206771,3383.0482295616343,38267449072.72,0.4159395359559542,2.947471684651748,True
001309,德明利,2025-10-24,10.0,14.5608,806.815449000001,0.16556063252179,3834.0906475858383,34788881659.84,0.502159059966749,-2.2193154567255347,False
001309,德明利,2025-10-16,10.0,11.9081,332.516513999999,0.0905331983621987,3630.850076961213,31507577405.92,0.5012467217930129,-2.676653920695604,False
001309,德明利,2025-10-14,-8.3874,16.5577,2588.254847,0.522918686271104,4483.27897312249,28062689068.96,0.5058318776213352,3.474099099099104,True
001309,德明利,2025-09-23,9.9994,19.0375,26034.449664,5.165092922400532,4648.651422887577,27260818348.52,0.555554745371639,3.3188861841714656,True
001309,德明利,2025-09-22,9.9993,5.8668,-12881.89922,-2.99489073270031,3256.493123976295,24782707385.06,0.4540166274166203,3.4645862767983315,True
001309,德明利,2025-09-19,10.0008,12.8279,-17484.039230000002,-6.1034451821957365,3883.919092908012,22529879236.46,0.4214267208431227,8.642552055525886,True
001309,德明利,2025-09-15,7.4057,22.3084,3367.65659699998,0.4566871817336841,3250.226267256115,18839075673.86,0.5070254675241307,4.588303995995657,True
001309,德明利,2025-09-12,10.0,10.3474,16517.977252,9.15084105682676,4029.6820100790183,17540104549.88,0.6135429673351238,2.208390177353348,True
001309,德明利,2025-03-03,-10.0,13.968,-2635.787722,-1.4687657907302438,3656.72356074312,12422424687.75,0.4799169151518831,4.703247480403117,True
001309,德明利,2025-02-24,10.0022,13.7906,-2894.7777730000003,-1.63754160462703,3131.2251900684887,12895659913.95,0.473851423880005,-0.7828909681115048,False
002008,大族激光,2026-06-16,10.0,6.1229,36045.917047,4.674611468383324,3821.503773263607,130708094928.84,0.5611619371029845,-2.734122712594189,False
002008,大族激光,2026-05-13,10.003,4.5874,89569.306298,13.972916946293894,4588.578243433691,141720027095.66,0.6522575861737708,-2.460894037567896,False
002008,大族激光,2026-05-11,10.0033,7.0487,-32866.594506,-3.7621468813893375,4582.015655546848,128459785581.14,0.4589465950772669,3.074397433027398,True
002008,大族激光,2026-05-11,10.0033,7.0487,-15489.196959,-0.7430980352538302,4099.661317431178,128459785581.14,0.490937080191304,3.074397433027398,True
002008,大族激光,2026-05-07,10.001,4.3263,34095.592836,7.5273413531784445,5026.630938122846,107545725010.62,0.5748746172718766,7.887886150642132,True
002008,大族激光,2026-04-23,10.0021,6.8065,99188.945098,15.20671310428418,6391.904122583139,99116956775.2,0.6189529192917457,-2.522714092402856,False
002008,大族激光,2026-04-16,10.0013,5.255,9132.632386,2.143225419330261,4146.785359699402,82919562197.94,0.5258420105385635,0.2152242863615816,True
002008,大族激光,2026-02-26,10.0032,5.498,94.5526159999967,0.0263167051018065,4919.5944814099785,66703033073.04,0.5002674682354536,1.8385521401895977,True
002008,大族激光,2026-02-26,10.0032,5.498,-4480.38253499999,-0.4142323794743884,4382.813839611112,66703033073.04,0.4952743557605546,1.8385521401895977,True
002008,大族激光,2025-08-11,10.0,9.9319,99682.883192,11.270020545793974,2448.901175875398,32413809831.48,0.7301036206935817,-0.8417997097242558,False
002008,大族激光,2025-08-11,10.0,9.9319,45154.762809,14.348844811684533,3023.5458712052737,32413809831.48,0.7372850524335631,-0.8417997097242558,False
002028,思源电气,2026-01-19,10.0,3.8898,25909.655321,3.4589449269924675,4086.180397727533,124798183900.39,0.5423249170413047,-4.771548530501358,False
002028,思源电气,2026-01-19,10.0,3.8898,9231.14845,1.980574981017424,3940.7631701531022,124798183900.39,0.5251293327650095,-4.771548530501358,False
002028,思源电气,2026-01-16,10.0,2.5026,7776.403393999989,2.7480582530083777,5783.287159962589,113452894454.9,0.5237586183860371,6.563848826192231,True
002028,思源电气,2025-07-14,10.0014,4.2344,-10406.96573,-5.295238328489377,6226.05781441045,46716566622.39,0.4574751914748258,7.4141519250780386,True
002050,三花智控,2025-10-15,10.01,7.6365,53960.978967,4.504422002344567,2900.247142458086,162773413687.94,0.5776558303670436,3.984729181579572,True
002050,三花智控,2025-09-18,8.7112,13.2035,11649.2230179999,0.2547802510090213,2214.0499468245707,167820936928.15,0.5057537150725627,-3.5326714384668723,False
002050,三花智控,2025-09-16,10.0112,6.4603,33447.075194,3.732748837672508,2416.216792043941,144536012199.59,0.5772436655925,4.938875305623469,True
002050,三花智控,2025-09-08,10.0,3.0144,11481.002082,3.103314732549513,3563.043522839214,124419605709.41,0.5435486503695109,-1.7312206572769884,False
002050,三花智控,2025-01-10,6.4593,9.2384,-19219.830046,-1.4493355911548256,2335.882358872841,98001015881.1,0.4689766998400084,-3.3097805875790254,False
002050,三花智控,2025-01-09,10.0,3.5913,9100.487482,2.869052812817178,2992.7764624441006,92054886827.64,0.547932962064165,5.9913283405597095,True
002056,横店东磁,2026-06-04,6.9818,8.0771,-6791.228640000009,-0.7661340065473712,3122.210280311305,47808429936.78,0.4877309031461042,-4.901269393511987,False
002056,横店东磁,2026-05-27,4.5629,6.0305,37274.491599,4.9915576749412125,2572.380900152264,39845775052.68,0.5970221337486559,9.569577935645636,True
002056,横店东磁,2026-03-13,10.0043,5.3047,20463.151047,9.30320134011301,3015.137788928463,41990816776.56,0.6542748954007046,-6.146380913869787,False
002056,横店东磁,2025-03-12,9.9709,4.939,12776.824068,10.577264670549592,2765.560804364892,24554626515.99,0.6912318227437898,3.1654676258992875,True
002080,中材科技,2026-06-17,9.9973,4.9206,38616.636478,5.764864661295297,4039.362646912792,138294164557.44,0.5713585924960374,-0.3647416413373849,False
002080,中材科技,2026-06-17,9.9973,4.9206,74609.70272,5.174950225122784,3682.116431715364,138294164557.44,0.5702714094066813,-0.3647416413373849,False
002080,中材科技,2026-06-16,9.9985,3.2601,2433.71710599999,0.6037045928947574,4181.56594634665,125725018913.28,0.5072186424971034,7.854707579333842,True
002080,中材科技,2026-06-01,-9.993,3.6508,40225.56559,9.947375827853488,4220.911425251947,107467034319.36,0.6178344535772832,1.5970904490828497,True
002080,中材科技,2026-04-13,10.0044,3.8128,35535.600864,11.415831012464688,4174.241282084799,84141116501.76,0.6367413889256914,0.3383757961783251,True
002080,中材科技,2025-12-24,6.4627,6.3471,15542.03089,1.3648942609862962,3727.003727089996,67729067850.24,0.5183108786699817,-3.4353995519044167,False
002080,中材科技,2025-08-29,-2.5806,7.7426,-25307.964334,-5.384256554317896,4017.008684058333,60815198684.16,0.4329817660628225,1.58311345646438,True
002080,中材科技,2025-07-21,10.0193,4.5822,-3593.164768,-1.7151413218276994,5183.894609892346,47725834728.96,0.4834570197612166,-1.322659241211277,False
002080,中材科技,2025-07-01,10.0,4.4414,14823.44438,9.568575724330248,3196.363447456638,35995750876.8,0.6496790944087414,-7.088036117381491,False
002080,中材科技,2025-02-25,3.6835,7.119,34416.268079,10.095589702334305,2828.909489204491,25507478476.8,0.6784360676942912,0.4000000000000003,True
002085,万丰奥威,2025-04-23,9.9934,4.622,19865.636026,12.74194559700805,3478.048898121734,35522767509.6,0.6831766310687745,-2.4955436720142443,False
002085,万丰奥威,2025-02-24,10.0154,14.4427,64564.054722,9.98469222312675,2316.010729632349,45481032878.4,0.7155579871754685,-2.0427553444180457,False
002126,银轮股份,2026-06-22,-6.8272,5.5676,-22779.868354,-10.341381116017512,3651.865932530835,39019811494.53,0.3584096280219866,-4.997060552616118,False
002126,银轮股份,2026-05-20,10.0076,4.7022,9649.823812,4.618828786135264,4643.038006598789,46183627021.9,0.5497392954738997,2.12292415682247,True
002126,银轮股份,2026-03-12,-7.8295,5.9614,-1273.682434,-0.555743547603528,4461.417290703713,37718811177.12,0.4937716703976387,-3.253242611099305,False
002126,银轮股份,2026-02-05,2.754,9.2575,55685.934347,7.753590377141112,3311.8693261837907,35212683268.8,0.6170576132916971,0.9301270417422902,True
002126,银轮股份,2026-02-04,10.0051,7.5611,23661.008829,9.163357585942,3017.068018487408,34268919910.92,0.6518586510113883,1.3100436681222627,True
002126,银轮股份,2025-09-18,0.2278,12.4958,18709.519248,2.7117253441405,2492.8286698003444,34504498028.0,0.5543905278568079,-6.963788300835649,False
002126,银轮股份,2025-03-04,10.013,14.2606,34391.027608,9.404760113439062,5134.796786868461,26445546389.07,0.591578698279652,-1.0898379970545102,False
002126,银轮股份,2025-02-21,10.0,2.3134,-3185.790567,-0.8782398582220158,3385.1123824858705,23717099859.75,0.4870279069202264,-3.693444136657442,False
002261,拓维信息,2026-03-09,10.0128,29.7466,88018.943542,4.134942830626811,1640.2426765177186,49223504891.76,0.6260466786355483,-1.5183867141162488,False
002261,拓维信息,2026-03-09,10.0128,29.7466,-6339.353150999999,-0.4594387562213583,1761.846639878018,49223504891.76,0.4869614430160286,-1.5183867141162488,False
002261,拓维信息,2026-03-06,10.0,17.8188,90211.506797,12.046544767856066,2134.6181363656087,44743432635.55,0.782170955137823,6.735882501899204,True
002261,拓维信息,2026-02-27,10.0,8.1707,56730.72822899999,16.876450634243156,2513.4390361588835,41844562352.12,0.8357242883446714,-0.8769525897506125,False
002261,拓维信息,2025-12-29,10.0,15.4798,85689.976471,14.58667001518417,2647.072919734992,38688677529.37,0.775524521943364,-0.7352941176470562,False
002261,拓维信息,2025-08-28,6.7797,27.3402,65470.11289,1.9143174554990965,1460.7695059823166,50542058851.2,0.5655242818137755,-6.645497845316417,False
002261,拓维信息,2025-08-26,9.9973,11.6047,69377.60567799999,13.329291099693172,2054.0697356500286,46152578456.64,0.8244605299506786,-1.362862010221466,False
002261,拓维信息,2025-04-25,10.0145,16.8232,72905.771591,12.903258260558378,2358.421190909632,34691563020.56,0.7735571218214347,0.8025682182985605,True
002261,拓维信息,2025-04-17,10.0,12.4146,20597.3311,5.288907830105947,2104.690422129489,32354205134.46,0.6256457428250831,0.868055555555558,True
002261,拓维信息,2025-03-07,-10.005,33.9712,-66055.225052,-4.547903661029435,1434.55181944665,40982936419.32,0.3414869508588508,-4.626738575078049,False
002261,拓维信息,2025-03-06,6.2073,43.0034,-6636.94603999999,-0.3410639837181934,1403.0370426194177,45539102163.24,0.4878455103693684,-9.897698209718689,False
002261,拓维信息,2025-03-05,10.0116,30.0435,37495.272757,3.0824567179164357,1703.471123323846,42877579599.96,0.590475754936834,0.2564102564102555,True
002261,拓维信息,2025-02-25,-9.9952,39.2024,34925.476917,2.003800746281343,1494.331196924495,42144533131.26,0.5670467413919148,-2.282865389661504,False
002261,拓维信息,2025-02-25,-9.9952,39.2024,34925.476917,2.003800746281343,1494.331196924495,42144533131.26,0.5670467413919148,-2.282865389661504,False
002261,拓维信息,2025-02-24,-0.5747,34.641,-46570.292329,-2.8147707438458767,1619.7159506252826,46824752892.96,0.4131091243881605,-2.332137365453624,False
002261,拓维信息,2025-02-21,10.0105,34.5642,17731.440233,1.1518390788179107,1991.3471879148408,47095416204.48,0.5289211013982954,-7.425860023724784,False
002261,拓维信息,2025-02-19,5.7351,43.4916,-34429.407257,-2.009424239778293,2225.3884809184715,40960381143.36,0.4548522818148822,9.971509971509974,True
002261,拓维信息,2025-02-18,8.0868,40.5715,41261.003197000005,2.705905981308161,1772.8803164125677,38738686461.3,0.576313836762077,0.4004576659038861,True
002261,拓维信息,2025-02-17,-4.3059,46.2525,-40189.011709,-2.299730744256515,1574.2147702959417,35840333500.44,0.4269562582040764,12.015379685998084,True
002261,拓维信息,2025-02-14,10.0033,36.4565,77298.53016699999,2.0188043664843827,1530.1791679652742,37453035731.58,0.5659662740399495,-9.536231884057964,False
002261,拓维信息,2025-02-14,10.0033,36.4565,-8403.84591300001,-0.6432535875864266,2217.04574507769,37453035731.58,0.4854930014634432,-9.536231884057964,False
002261,拓维信息,2025-02-14,10.0033,36.4565,-8403.84591300001,-0.6432535875864266,2217.04574507769,37453035731.58,0.4854930014634432,-9.536231884057964,False
002261,拓维信息,2025-02-13,0.9361,50.9851,29403.136242,1.6193616870720495,1331.2950933354934,34047189061.62,0.5608190361092228,12.70826527278668,True
002261,拓维信息,2025-02-12,10.0037,21.5522,40005.019285,5.660474890932903,2011.1651807093604,33731415198.18,0.6407262552381796,-5.202849179312485,False
002261,拓维信息,2025-02-11,9.9919,4.9307,-15838.7201,-8.143908148815045,4259.29025566772,30663897667.62,0.4043982957257002,15.52772808586762,True
002261,拓维信息,2025-02-11,9.9919,4.9307,-16884.7181,-11.167510844821203,4943.330622968144,30663897667.62,0.3870446699141089,15.52772808586762,True
002261,拓维信息,2025-02-06,10.0162,16.455,-4295.924286,-1.159309998328265,2363.251059981264,23040214393.14,0.4754721362880197,15.676181562938684,True
002261,拓维信息,2025-02-05,10.0118,4.4612,21128.280535,22.781827321051384,3521.4744492923005,20942573728.86,0.8234700073662296,5.167322834645671,True
002268,电科网安,2025-06-19,9.9938,4.6498,15253.345281999998,21.98977715474932,4510.293135258802,15074015259.64,0.7437732592461258,-3.630175836642091,False
002371,北方华创,2025-09-24,10.0,2.5854,-8661.99775,-1.043763389831208,4849.144169311977,333306272616.24,0.4892376535591918,-3.90556751113289,False
002410,广联达,2025-04-17,10.0209,4.3031,9653.614044,9.180325065883306,3593.005533288907,25107561858.99,0.6277527265241917,-3.2818532818532757,False
002422,科伦药业,2025-04-01,9.9907,3.098,14005.662747,10.04729021512028,3256.11719586411,46293259178.5,0.6542833014100699,2.748353850558272,True
002459,晶澳科技,2025-10-29,9.9688,3.5614,15621.535803,9.764121389996596,2170.359535189534,46677239532.96,0.724942486064732,0.2080443828016642,True
002459,晶澳科技,2025-07-10,9.9628,6.4815,18229.182629,7.419655279081295,3004.580592893263,39037014983.05,0.6234723957252305,-3.8875103391232457,False
002463,沪电股份,2026-05-26,8.8298,6.0225,17647.460015,0.4563012471815186,1979.49723860078,256426006412.96,0.51152568536807,-3.1564395975731574,False
002463,沪电股份,2026-05-22,10.0,5.2889,146280.18022100002,12.831543423300936,3146.636392859708,219334992138.02,0.703893011795358,1.5534622376466745,True
002463,沪电股份,2026-04-14,10.0034,4.8754,51967.486907,5.774497244838856,2610.864306818657,187550934804.44,0.6105859318264435,-6.439779906256371,False
002463,沪电股份,2026-02-26,10.0,7.2113,405154.53419,15.632859399485207,3560.553567343344,164131103084.96,0.7195284961145726,-3.9312617702448094,False
002463,沪电股份,2026-02-26,10.0,7.2113,141319.72770699998,12.227097285443897,3212.9871569543816,164131103084.96,0.6902761618417744,-3.9312617702448094,False
002463,沪电股份,2025-11-25,10.0066,3.237,31109.878359,7.602178186907913,2932.719622956078,128732162037.7,0.6296096996010342,4.949763593380596,True
002463,沪电股份,2025-09-11,10.0032,4.348,977.228605999994,0.1711129309730851,3154.689135078344,134243309524.92,0.5027120410862421,1.8620092378752728,True
002463,沪电股份,2025-09-04,-10.003,4.5181,-41720.882495,-7.826703834691859,4578.363083356664,114153912639.12,0.4145250857982013,8.986648408079434,True
002463,沪电股份,2025-08-13,10.0038,5.7333,12678.320605,2.0293146002221434,3480.492351379118,112023591685.52,0.5291526944372977,-5.337029977473573,False
002463,沪电股份,2025-06-18,10.0049,5.9145,60029.911721,12.208664455414027,4109.516880547668,85804405979.04,0.6485413591218416,-3.136042402826855,False
002463,沪电股份,2025-04-08,-9.9964,3.9994,-522.789487,-0.2678436792441124,3130.253802113641,47918561003.66,0.4957216938916701,18.209342560553623,True
002468,申通快递,2025-07-25,10.0291,3.6086,1411.434498,1.7762908749413406,3915.920781840049,22589571246.98,0.5226803729429209,-6.052454606590441,False
002475,立讯精密,2026-04-20,10.0084,5.4053,50290.423354,1.9965837917089813,3633.825313266411,477809318233.8,0.5274722038015948,0.817144619179766,True
002475,立讯精密,2026-03-25,9.9914,3.5889,106913.988366,8.196486255994246,3452.446691750572,370514832322.35,0.6187054716236356,-6.826532585573397,False
002475,立讯精密,2025-09-23,7.7933,7.6548,173208.325365,2.902137969532946,2580.89936034674,475593870492.9,0.5562233850362737,8.667811963142281,True
002475,立讯精密,2025-09-11,10.0021,3.9262,68725.39369,4.803803677815595,3385.321861482774,382936312771.3,0.5709504719842433,-3.794188413844168,False
002475,立讯精密,2025-04-03,-9.9873,3.0867,-50753.967291,-6.341439906655025,3396.6352514449945,256237183702.5,0.4066511497818723,-8.417721518987342,False
002555,三七互娱,2025-09-08,10.0247,11.897,26616.419297,6.51437104420218,3424.5038110183523,35624991288.04,0.595114086648731,0.0933706816059753,True
002558,巨人网络,2026-04-13,-8.7963,7.9217,-76399.920532,-15.810945916619628,3005.632233826352,59905713325.92,0.2369780351255526,-0.1892147587511883,False
002558,巨人网络,2026-04-01,9.9873,2.9442,-11857.48713,-6.324904252794064,4210.614505470239,65930494773.99,0.4248933351108604,-0.9490940465919028,False
002558,巨人网络,2026-01-19,10.0,2.6034,18779.904934,7.539700277587315,3531.132848222547,96620946113.34,0.6067603599420304,-1.2835472578763163,False
002558,巨人网络,2025-11-25,9.9946,3.7691,-21847.892938,-7.582707980631607,4290.560091303138,78570222312.71,0.4116349868167377,-1.2885971310478972,False
002558,巨人网络,2025-09-10,10.005,4.1469,-13594.576137,-4.023591254672208,5222.389125192047,85090331871.78,0.4614774851297178,-2.2288602941176627,False
002558,巨人网络,2025-08-04,9.9917,4.5197,-20736.518883,-9.154462134557887,4711.444342465816,51328933709.83,0.402848665195451,2.393418100224376,True
002558,巨人网络,2025-06-13,3.8975,6.5531,4533.230802,0.8028524723805661,2042.6776023611476,37650246890.06,0.5196519624891501,2.176113360323884,True
002558,巨人网络,2025-06-12,9.9824,5.52,3232.773809,1.6452808153189378,2954.141026496543,36237878944.03,0.5278470255915669,5.7249866238630265,True
002594,比亚迪,2025-02-06,10.0,3.2816,40726.555776,3.567338890246152,3875.295647177597,361603728766.28,0.5460266675762437,2.153495873256817,True
002600,领益智造,2026-01-12,10.024,7.2719,-19695.407204,-2.1517010942570485,2087.8582008342587,131950618357.35,0.4484710912504192,-10.117773019271947,False
002600,领益智造,2025-08-28,10.0135,11.4136,-1759.4907090000202,-0.1467752924951926,2002.794023257274,112188928571.04,0.4963357367060522,-2.95930949445129,False
002600,领益智造,2025-08-28,10.0135,11.4136,23356.061364,0.6683224448704036,1761.8537420041946,112188928571.04,0.5189664564355426,-2.95930949445129,False
002600,领益智造,2025-08-26,10.0295,8.3361,29864.406385,3.608071634193634,2289.498738701153,102943346511.68,0.5787961044311498,-6.972240154938669,False
002600,领益智造,2025-08-25,9.9757,9.9793,4172.79577000001,0.4639280307734102,2055.6260079888434,93559770690.24,0.5112843491221271,10.801144492131607,True
002600,领益智造,2025-08-20,7.0261,10.1785,27307.921688,1.3080737462800394,1481.1295721934328,90385914162.4,0.5441579781687461,-8.339709257842387,False
002600,领益智造,2025-08-19,9.973,9.0361,-5813.145885,-0.7966028426721888,1862.7629117195904,84452182392.96,0.4786177071257873,3.4837688044338844,True
002600,领益智造,2025-08-18,9.9802,6.2145,26552.121595,5.685202269579736,1746.7311924733935,76793528597.52,0.6627383278571163,11.081794195250684,True
002600,领益智造,2025-02-06,10.0225,4.0784,25923.689182,9.720340833416994,2878.407730737797,67409912064.49,0.6688492691569701,1.705115346038122,True
002625,光启技术,2025-12-01,10.0089,3.745,73973.816746,18.62446173736516,4075.5996810370634,107039571014.16,0.728487378483478,-2.3935648420639555,False
002625,光启技术,2025-08-20,9.9933,4.1132,23719.996972,5.586023032890333,2771.775282855683,106716383903.61,0.6007661600029712,-2.630522088353404,False
002625,光启技术,2025-06-03,-10.009,3.9573,-116010.446935,-33.74641863439491,4943.130056997598,86010863021.04,0.1586533406437205,0.7820383451059509,True
002625,光启技术,2025-04-10,10.0085,2.4569,22375.99138,11.275960478164585,3456.0731191773198,83360728714.53,0.6631325508652535,1.8732358224275103,True
002625,光启技术,2025-01-02,-10.0,4.0636,-3146.121768,-0.9774880598458334,2275.4856162873766,76509916719.84,0.4785213307249843,-3.117505995203851,False
002648,卫星化学,2026-05-07,-7.9376,2.9504,-16679.945196,-6.128279404454143,2901.47443220232,91366334642.9,0.3943937031386734,-2.905027932960902,False
002648,卫星化学,2026-02-02,-10.0164,4.1453,25220.951372,8.014254983873116,3270.6107950363235,73793296071.2,0.6225192400764412,0.9990917347865612,True
002648,卫星化学,2025-04-25,9.9943,9.0148,68547.482215,11.968806793615894,3430.140477218559,64468139587.75,0.674465256934917,-3.011712214166196,False
002648,卫星化学,2025-04-25,9.9943,9.0148,115548.500862,10.145824433019108,3438.4272590236096,64468139587.75,0.647535830609663,-3.011712214166196,False
002648,卫星化学,2025-04-23,9.9747,3.6266,76607.660167,36.368759756199374,5388.443448750069,58644124888.7,0.8374699957613515,7.453786523553973,True
002648,卫星化学,2025-04-10,1.4616,5.448,-160746.577202,-21.36252527394544,4697.405194448718,56085598200.1,0.272613555892611,7.95671546785488,True
002709,天赐材料,2025-11-18,-10.0021,11.7448,-50424.694843,-6.611718566410504,2278.4632222781797,63043573742.65,0.3549083763616861,6.884315117104323,True
002709,天赐材料,2025-11-13,9.9977,10.0155,76817.70674400001,11.623025379189926,2754.988973642593,67508824900.8,0.7109450435262938,-3.307992603246357,False
002709,天赐材料,2025-09-15,9.9857,4.3096,29659.276732,16.42701718881474,3086.159337914848,42710456322.0,0.7661401339036757,-2.189542483660134,False
002709,天赐材料,2025-09-08,10.0118,11.2815,5270.38188499999,1.226382042443385,2733.495266309604,38805025491.0,0.5224324888643228,-3.8205397826848952,False
002709,天赐材料,2025-09-08,10.0118,11.2815,738.193208999991,0.0687556186999347,2289.8053338795776,38805025491.0,0.5015013420067338,-3.8205397826848952,False
002812,恩捷股份,2026-06-12,10.0,5.7738,5467.18470699999,1.7617206040507625,3764.060124482942,55562258372.72,0.5234018658813635,-0.0145518044237569,False
002812,恩捷股份,2026-04-24,10.0057,8.0174,78191.109678,15.807886195001386,3402.015393834692,63492672508.24,0.732331197319819,0.7726819541375995,True
002812,恩捷股份,2026-02-06,9.9962,6.4719,61010.414277,20.707301748368167,3707.507113683697,47252110630.72,0.7792617938876164,-0.8474576271186418,False
002812,恩捷股份,2025-12-15,-9.991,6.2412,-18519.859327,-7.072876739510341,2907.9683182424337,40983637737.16,0.3783880021123276,-2.447698744769866,False
002812,恩捷股份,2025-10-31,9.9977,5.9212,32036.282058,13.628958613987374,3843.563909375454,39914213227.76,0.677295850092967,1.6771488469601523,True
002812,恩捷股份,2025-09-24,9.9901,4.7735,25173.06781,15.288681614207588,4525.274031570442,36036835959.67,0.6689254784080096,-4.163090128755376,False
002812,恩捷股份,2025-09-10,10.0,7.9523,23634.579197,8.939598016380183,3757.204152137191,35204408486.28,0.6189660935950887,1.7006802721088343,True
002911,佛燃能源,2026-03-04,-10.0169,1.6084,-1428.501248,-4.35401664283232,2092.215028091871,20259937651.98,0.3959471998725857,-1.4276443867618505,False
002911,佛燃能源,2026-03-03,10.031,2.9621,-8680.824469,-9.206000437160773,2599.689677913412,22515265295.54,0.3229403971679078,-11.589213998852554,False
002911,佛燃能源,2025-08-19,-7.6577,4.5072,-6258.242653,-8.876846405368653,2388.3463609407527,15453373779.6,0.3141633359687385,-4.048234280792407,False
002916,深南电路,2026-06-17,10.0005,1.8102,16102.355452000002,3.099806440284436,4000.486729633472,295354894351.5,0.5387428661782918,1.407894736842108,True
002916,深南电路,2026-05-22,10.0006,2.2511,48062.310773000005,8.604843040503058,4978.175525802981,251477470651.5,0.5864256693632262,0.4880599616524428,True
002916,深南电路,2026-02-26,10.0015,1.9704,54078.424079,5.240875444044779,3817.107144292064,192887813823.0,0.5686498341012218,-1.909383966842626,False
002916,深南电路,2026-02-26,10.0015,1.9704,3597.58165599999,0.976796420480093,4318.576461725356,192887813823.0,0.5113092407780346,-1.909383966842626,False
002916,深南电路,2026-02-24,10.0,2.1446,42060.074912,11.597054640784402,4220.746172544654,171853242825.0,0.637381569119479,2.337189954726626,True
002916,深南电路,2026-01-23,-6.9662,2.2705,-53738.508457,-14.244234357897428,5040.68306804235,164520394591.5,0.3587073005223728,-1.8763029881862403,False
002916,深南电路,2025-12-17,10.0,2.5989,26814.591668,7.320865572809039,4415.060059136185,147987041238.96,0.5829078820531536,-1.3142391008791887,False
002916,深南电路,2025-10-24,9.9995,1.8733,33435.121433,13.03271709880056,3621.365803288383,141702596266.56,0.6799420136867449,0.5148184221511087,True
002916,深南电路,2025-08-29,6.1947,2.2242,-9784.350932999989,-1.2179815707360349,5194.31514484671,131674085136.0,0.4882758213857663,0.5030232203648177,True
002916,深南电路,2025-07-28,10.0015,3.4623,35406.171991,10.980243729778886,4857.229829840627,96547695353.76,0.6130298968181537,-0.0832581697079004,False
002931,锋龙股份,2026-06-08,9.9933,9.7038,7691.074481999999,2.3845699058177363,2775.96284301492,13202231436.8,0.5429503210357798,4.118817945184494,True
002931,锋龙股份,2026-05-27,-10.0,11.3456,-6061.57213,-4.185658895813686,1985.0272908203483,12063136468.32,0.3945692355170622,-5.075125208681131,False
002931,锋龙股份,2026-05-22,9.9933,14.9719,5781.309309,1.932841171753371,2306.3716112111683,13290782989.12,0.5419022060963186,-3.9028750186205774,False
002931,锋龙股份,2026-05-22,9.9933,14.9719,10158.792615,5.353130870773167,2685.0884249883893,13290782989.12,0.5996825806732289,-3.9028750186205774,False
002931,锋龙股份,2026-05-21,10.0037,9.358,2589.365894,2.368254605587623,2709.772608427116,12083261821.12,0.5436984010802713,10.049180327868834,True
002931,锋龙股份,2026-04-27,-9.9928,7.4394,-1688.0338370000002,-1.7896827487473024,2462.2931578517564,12544132400.24,0.46365821139046,-2.500000000000002,False
002931,锋龙股份,2026-03-16,-10.0025,12.0263,-12330.839201,-6.716804521903064,1996.361444617887,14776034025.76,0.3317738368467466,-2.8039939816714488,False
002931,锋龙股份,2026-03-11,-6.813,11.6189,-10623.624624,-5.661910105604979,2088.5301240731687,15717900536.8,0.3644522757813326,0.23842389258375,True
002931,锋龙股份,2026-02-06,-10.0,12.6245,-6946.354892,-2.521586674707608,1258.9537339101078,21101432410.8,0.3998538783917036,-1.8867924528301885,False
002931,锋龙股份,2026-02-05,5.4871,12.5631,-4286.4639210000005,-0.5384794514357267,1067.0502977524482,23446036012.0,0.4747678505610307,-6.194690265486724,False
002931,锋龙股份,2025-12-05,-7.9102,12.6141,846.564056,1.7454162302116116,3620.512294857877,3783534247.92,0.5241045477554459,1.2993762993763092,True
002931,锋龙股份,2025-11-17,4.4967,20.6896,1851.926303,1.5557778305238068,3572.5482989340853,4102506647.4,0.5217740629425218,-9.949748743718578,False
002931,锋龙股份,2025-01-02,6.7036,9.1694,2967.252083,5.118044123679139,2482.14282360698,3238929802.55,0.6030972930929442,-5.2016364699006505,False
002938,鹏鼎控股,2026-06-17,10.0009,2.7852,56088.888547,7.529929714629935,3883.44320783985,274839630961.65,0.5969491416718623,1.5881018401814997,True
002938,鹏鼎控股,2026-05-25,9.9971,0.9054,-15738.531447,-1.7457979168199855,3086.933892872082,264014406282.0,0.4717227842026171,-4.995213645461661,False
002938,鹏鼎控股,2026-05-13,10.0,1.7398,22070.873216,6.541719682732071,4741.070125389971,201451860216.75,0.5689899063894778,-6.277581641659314,False
002938,鹏鼎控股,2026-04-22,10.0072,2.1043,5681.315053,1.5848107282352284,3794.635229500047,175932623080.5,0.5208822539241016,-3.2724902216427654,False
002938,鹏鼎控股,2026-04-22,10.0072,2.1043,34135.371154,3.3565114602065758,3122.756537652236,175932623080.5,0.5537427657221411,-3.2724902216427654,False
002938,鹏鼎控股,2026-01-22,10.0,2.3896,32522.306049000003,10.251994525490224,3321.436186935128,138450521838.75,0.6543307465279095,-3.5329744279946063,False
002938,鹏鼎控股,2025-12-01,9.9934,2.7735,23923.461085,7.757050166128781,3224.260782468611,114637829950.6,0.620291916341049,-0.5393527766680006,False
002938,鹏鼎控股,2025-09-22,10.0035,2.1023,5489.538023,1.8432690777194336,3522.3211662906115,146365302227.85,0.5261655452569164,-4.033270558694291,False
002938,鹏鼎控股,2025-07-30,1.3868,1.7011,-35951.886652999994,-4.439561947599724,3645.947332469383,124796892837.3,0.4391164827305277,-2.6007326007326026,False
002938,鹏鼎控股,2025-07-15,10.0051,3.5775,-2275.010519,-0.6427553925860136,2978.0483364184097,100183531532.79,0.4892084459354505,-4.40046565774156,False
002938,鹏鼎控股,2025-07-03,10.0031,3.2546,-8373.876041,-3.197777637432611,3700.1156669026486,82396602620.22,0.4567881395433583,3.07475317348378,True
002938,鹏鼎控股,2025-04-03,-10.0027,1.6523,9987.416547,7.632561941394251,5772.694173090749,76957390153.94,0.5661091832733252,-6.701388888888893,False
002945,华林证券,2026-01-08,-10.0,4.2836,-20523.3356,-10.32289098768178,2539.0284391695386,45684000000.0,0.2967157273933848,4.441776710684264,True
002945,华林证券,2025-01-23,10.0202,4.2145,12680.587181,6.935411264960252,2926.2073947319195,44172000000.0,0.6185051216370744,1.7430600387346562,True
002946,新乳业,2026-03-12,-9.2052,2.8577,-6187.333686999999,-14.072411539347389,4317.565909822895,15355297161.2,0.3370330432324005,2.5234741784037507,True
002946,新乳业,2025-04-10,10.0,3.4731,7129.507717,6.317181667503531,2855.049643956336,15533886136.78,0.6106317307104615,-5.927230046948351,False
002946,新乳业,2025-04-10,10.0,3.4731,6708.1631560000005,13.22115298102126,4173.700546248765,15533886136.78,0.6583864586656097,-5.927230046948351,False
003031,中瓷电子,2026-05-14,10.0007,4.9438,15047.545268,5.51218020809082,2536.5340966399003,56496625638.64,0.6086557483180041,-5.0577507598784095,False
003031,中瓷电子,2026-04-03,9.9975,5.5572,19946.331537,12.221877901722904,3371.2424592853454,30127678564.72,0.6812666702162051,3.497668221185868,True
003031,中瓷电子,2026-03-17,-9.9384,4.4432,-12054.597981,-9.923294549390212,2806.595724469467,26355340806.08,0.3232147497611894,-1.1781460383221032,False
003031,中瓷电子,2025-12-10,9.9985,13.0219,-58420.211234,-18.529941542502428,4523.927501265106,24436857040.64,0.2952007239581031,-2.668519805420433,False
003031,中瓷电子,2025-12-09,10.0051,0.8522,12275.937543,29.491968782645078,6142.568333805101,22215633815.76,0.7400621953225863,5.236214714055865,True
200725,京东方B,2026-04-01,10.0324,4.027,1831.904394,21.939711532348944,4223.377017355169,148085877436.72,0.7597413330871463,-1.9943019943019944,False
300067,安诺其,2026-04-28,13.4969,35.232,7061.339749,3.0006787870905027,1819.162169372612,6935751232.0,0.5824741971224415,-1.2622720897615736,False
300067,安诺其,2026-04-24,-8.2531,39.3302,-1432.257889,-0.5506968507249559,1300.3719398923588,6251548745.6,0.4788254101064907,1.775147928994092,True
300067,安诺其,2026-04-23,19.967,3.4533,5345.118465,22.71575896328577,4002.687031984725,6813906953.6,0.783756371429597,-8.027210884353742,False
300067,安诺其,2025-03-21,15.6006,44.1347,14981.038079,4.942483013467908,1426.7010339402398,6946754076.21,0.6732136900405069,-1.115760111576014,False
300067,安诺其,2025-03-21,15.6006,44.1347,14981.038079,4.942483013467908,1426.7010339402398,6946754076.21,0.6732136900405069,-1.115760111576014,False
300069,金利华电,2026-03-25,20.011,20.3615,11667.817395,23.834251137271917,5645.814332567608,2554110000.0,0.7110789492295663,-6.732580037664782,False
300069,金利华电,2025-08-13,-3.7952,19.8386,-5733.7213,-3.933092487915986,1993.10320728696,2550600000.0,0.4013324429578896,-2.705181109582755,False
300069,金利华电,2025-08-11,-20.0,2.5297,-4762.3884,-67.37955267247787,8750.929116832218,2793960000.0,0.115014864290954,-1.5232974910394217,False
300069,金利华电,2025-08-06,7.6053,28.9984,-2619.477789,-1.5474882809866215,2824.052117080103,3228030000.0,0.4726016338079017,2.238805970149249,True
300069,金利华电,2025-08-05,19.9813,19.9254,5099.8364,9.047037758908028,4222.187651179631,2999880000.0,0.6071368506842701,1.2849584278155746,True
300069,金利华电,2025-05-26,20.0105,21.8279,4417.358432,8.361571963063968,2608.302424401679,2680470000.0,0.6602876239510845,-4.260758414997867,False
300080,易成新能,2025-09-26,20.098,1.7477,4556.7435,28.49112131797179,3998.057855325509,9167216690.1,0.8563120188471126,14.69465648854962,True
300125,*ST聆达,2025-12-29,19.9357,0.1777,226.411,47.33312538989395,15266.687461010604,2691645225.92,0.6550209418735315,-2.1390374331550777,False
300125,*ST聆达,2025-12-04,-16.9374,10.6271,358.381,1.6973476707771349,1902.6232520778983,1900467401.28,0.5446054590398657,-0.8818342151675429,False
300125,*ST聆达,2025-08-27,19.9426,4.4663,514.4622,5.270814631622953,2816.598554780897,2218981490.88,0.5935670193872014,-9.537166900420758,False
300125,*ST聆达,2025-01-02,-16.1094,10.0733,-487.611777,-3.275477700695447,2391.5526456037937,1465240160.16,0.4315198495271156,-9.53488372093022,False
300257,开山股份,2026-03-10,19.993,4.1994,10471.046589,4.998846104745322,3786.734172360799,32774514566.0,0.566004713787829,0.1972386587771213,True
300257,开山股份,2026-03-10,19.993,4.1994,12421.384138,9.335541772670563,3746.723893233524,32774514566.0,0.624582729321612,0.1972386587771213,True
300376,易事特,2026-06-08,20.0,3.2331,9480.561158,23.87352203631104,5602.347413470845,13824963311.94,0.7130671330637862,0.6779661016949268,True
300385,ST雪浪,2026-03-30,19.9758,22.7391,19880.160277000003,17.064873709463132,4115.663052266568,5760933386.06,0.7073162148206619,6.205852674066592,True
300385,ST雪浪,2026-01-30,15.4303,11.7458,383.383868000001,1.011824762470809,3757.029056150654,3392032927.11,0.5134657564174856,1.475694444444442,True
300402,宝色股份,2025-11-04,20.0,22.607,5645.823499,3.4950006377616054,1830.0344114555096,6387676991.34,0.595490025102366,1.1923076923076923,True
300402,宝色股份,2025-11-04,20.0,22.607,2523.27809,1.7845045149427683,2000.8294725952844,6387676991.34,0.5445941180741425,1.1923076923076923,True
300402,宝色股份,2025-11-03,19.989,3.7837,8015.017,39.79528890020091,5715.324709231733,5323064159.45,0.8481454766333852,9.8901098901099,True
300422,博世科,2026-04-24,20.0864,7.4901,6294.474279999999,29.52616916543732,7428.13797112439,2872785469.04,0.6987454277250587,-2.1543985637342944,False
300422,博世科,2025-05-28,20.0,17.167,-712.491592,-1.437588955901726,3127.221961541953,2975272427.52,0.4770149197341769,2.626970227670755,True
300422,博世科,2025-05-28,20.0,17.167,-1537.944834,-2.3711602504196616,2523.697520668155,2975272427.52,0.4530220989044698,2.626970227670755,True
300422,博世科,2025-01-21,20.0903,2.2072,1746.5028,28.79479983071026,8864.910975326862,2747994672.64,0.662408849399915,-7.407407407407418,False
300455,航天智装,2025-11-12,16.5736,12.1066,18390.365076,8.624417311007157,2793.7766590354254,19239099137.4,0.6543505147971422,4.276069017254325,True
300455,航天智装,2025-11-03,19.9805,13.2769,32777.394024,15.19970731698608,3010.943101518479,17403767028.16,0.7524077474150968,0.6512006512006563,True
300455,航天智装,2025-10-28,5.6888,13.3567,1897.226569,0.4048582043390047,1452.1385384469436,15929832361.28,0.5139400681691156,-4.573438874230429,False
300455,航天智装,2025-10-24,19.9757,4.3903,15037.3289,24.509890616610488,4456.801353135434,14002379335.36,0.7749717642156899,3.44827586206895,True
300461,田中精机,2026-03-27,19.9957,11.1074,-6923.983520000001,-8.36645275974034,4202.116710336295,7994212186.91,0.4004495432128208,0.0508302270416649,True
300461,田中精机,2026-02-25,1.8958,7.4437,0.0,0.0,20000.000000000004,8264374310.07,0.5,-1.5649452269170585,False
300461,田中精机,2026-02-06,20.0047,10.9252,-2516.78772,-2.70779442298614,3833.289936828423,7267073706.49,0.464680542463395,-7.331546707503833,False
300461,田中精机,2026-02-06,20.0047,10.9252,-3779.435320000001,-5.02662467579046,4441.191409623663,7267073706.49,0.4434090516240956,-7.331546707503833,False
300461,田中精机,2026-02-05,19.9886,2.9564,5388.228965,30.343043289629986,5271.293271871497,6055655249.98,0.7878140308711862,18.029823768639865,True
300461,田中精机,2026-01-26,18.3016,21.3258,11926.710536,8.126692917687036,3564.7413332763804,4644489266.24,0.613987133397667,20.187641539954694,True
300515,三德科技,2025-03-07,20.0238,13.2283,2937.989942,6.291788978902778,2484.1653338668198,3641398753.0,0.6266378870425074,-11.2742527530152,False
300515,三德科技,2025-03-07,20.0238,13.2283,3600.476071,3.828036332107181,1839.2235883752428,3641398753.0,0.6040666386703109,-11.2742527530152,False
300515,三德科技,2025-01-20,20.0271,23.3832,-4806.065658,-6.630325270581208,2708.0724115825537,3197941281.1,0.3775822012324524,-11.549139367018334,False
300515,三德科技,2025-01-20,20.0271,23.3832,-5922.818858,-7.279671661255925,3069.727409464768,3197941281.1,0.3814280440860839,-11.549139367018334,False
300516,久之洋,2026-06-03,20.0,3.5808,7753.296929999999,23.536423834706817,5648.95322675094,9964080000.0,0.7083255329788247,0.336053768602973,True
300516,久之洋,2025-12-16,19.9964,14.3291,9736.2567,5.98374660235819,2510.1997711293247,12097800000.0,0.6191886532534049,-2.0437654830718355,False
300516,久之洋,2025-12-16,19.9964,14.3291,6023.744102000001,1.7647386438683883,2109.7978323918205,12097800000.0,0.5418224584548879,-2.0437654830718355,False
300516,久之洋,2025-11-24,20.0,15.6906,-6218.885176,-4.06550940651285,2356.229641053784,10497600000.0,0.4137284979427001,2.014388489208629,True
300516,久之洋,2025-11-24,20.0,15.6906,-6639.741584,-2.331282519200619,1992.2183765584527,10497600000.0,0.4414902867418607,2.014388489208629,True
300516,久之洋,2025-11-21,15.6317,15.154,462.257746000001,0.350610301049288,2712.161412043037,8748000000.0,0.5064636695200448,22.395068975638388,True
300561,汇金科技,2026-06-05,-10.9763,13.4903,-12336.946735,-6.476715161131627,1668.7063028684793,3538725186.32,0.3059360370965743,1.270289343683828,True
300561,汇金科技,2026-04-13,19.9705,6.4992,-81.8884,-0.3210757226307318,2872.127661982064,3924417304.72,0.4944104900544505,-1.3617525162818225,False
300561,汇金科技,2026-04-13,19.9705,6.4992,-250.738,-0.9150758295856828,2911.175263115504,3924417304.72,0.4842833950744968,-1.3617525162818225,False
300561,汇金科技,2026-02-05,-20.0,8.6111,-4712.794576,-15.634634182197834,3699.744167022885,3500155974.48,0.2887065500156091,-3.095062638172441,False
300561,汇金科技,2026-01-29,-19.9904,11.6982,1426.945566,2.80758739003213,2563.6850996105863,4013608607.1,0.5547568691345632,-0.5154639175257714,False
300561,汇金科技,2025-08-15,17.1242,23.4098,-4168.214537,-1.7111706674864886,1502.2614465218346,4319751726.08,0.4430468420976808,2.010338885697882,True
300561,汇金科技,2025-07-07,-16.4643,18.3347,1028.714387,2.0322972199299736,2197.6221741889613,2654043889.74,0.5462385491873734,3.0937215650591376,True
300561,汇金科技,2025-04-28,-6.4298,14.2748,417.302117,0.2777272592481638,1661.6693979603106,2666096768.44,0.5083568747065172,1.4571948998178597,True
300561,汇金科技,2025-04-24,-20.0,14.6352,2438.81381,5.142526644702361,1635.6275851116077,3181959976.8,0.6572034701393061,-6.295399515738509,False
300561,汇金科技,2025-04-10,19.9889,20.3536,11494.974862,11.476261669721351,3745.579536208259,5223717628.58,0.6531974098905273,-3.91459074733096,False
300561,汇金科技,2025-04-03,-0.9149,32.907,19286.437273,11.919785693787189,2060.4666234179726,5221307052.84,0.7892496670005321,-4.997192588433452,False
300561,汇金科技,2025-04-03,-0.9149,32.907,19286.437273,11.919785693787189,2060.4666234179726,5221307052.84,0.7892496670005321,-4.997192588433452,False
300561,汇金科技,2025-04-02,-20.0146,0.5574,-948.9426,-32.308722834176834,7321.375409348019,5269518567.64,0.279353461421165,-3.5211267605633867,False
300561,汇金科技,2025-04-01,-19.9941,0.3987,-238.828671,-9.093340270551508,4189.250780437044,6588103497.42,0.3914681795487683,-15.165441176470596,False
300561,汇金科技,2025-04-01,-19.9941,0.3987,-600.806,-7.36837868319901,2391.042966662123,6588103497.42,0.3459170582474892,-15.165441176470596,False
300561,汇金科技,2025-03-31,-20.0,0.6713,-667.1448,-12.069711389901736,3162.3509053828566,8234526727.84,0.3091655266757866,-20.0,False
300561,汇金科技,2025-01-08,3.7099,35.4864,-9349.917021,-1.7696870547145718,1560.7335287002786,14825040801.0,0.443305919230546,-2.7672541591171163,False
300561,汇金科技,2025-01-07,19.9919,27.9204,23557.060279,6.414277134562886,1774.0906769184935,14294714138.2,0.6807764737737126,3.3889645776566724,True
300615,欣天科技,2025-01-10,-15.0127,28.6149,1089.122683,2.031524323750583,2161.240898042859,1757137887.92,0.5469990255503275,-2.4049650892164487,False
300615,欣天科技,2025-01-07,3.4155,37.3091,-4551.575529,-5.172141899655435,2142.345456669131,2429216825.59,0.3792878645328993,-3.2721010332950606,False
300615,欣天科技,2025-01-06,7.9154,37.8217,-5744.430728,-6.375593835264816,1850.657485535091,2348988224.42,0.3277478710918405,-3.916161059018186,False
300615,欣天科技,2025-01-03,20.0145,36.9299,1593.132151,1.951669074785287,2271.777794610259,2176694015.35,0.5429546648315601,7.151300236406599,True
300615,欣天科技,2025-01-03,20.0145,36.9299,846.720081,1.1199321868110674,2350.820631382105,2176694015.35,0.5238200263316694,7.151300236406599,True
300615,欣天科技,2025-01-03,20.0145,36.9299,846.720081,1.1199321868110674,2350.820631382105,2176694015.35,0.5238200263316694,7.151300236406599,True
300620,光库科技,2026-06-16,14.4119,10.9017,201048.2225,10.995775929725331,3333.55661435389,96985530258.12,0.6649255915195628,3.00712213136376,True
300620,光库科技,2026-06-15,19.9979,10.246,153705.537998,18.84446203916246,3998.5183229242366,84768748643.4,0.7356430622203693,5.593003175310574,True
300620,光库科技,2025-11-25,20.0,19.1058,45895.90417,7.012244653753768,1959.2975674717416,36324829695.0,0.6789479242502785,4.23903026866097,True
300620,光库科技,2025-11-25,20.0,19.1058,54156.056833,5.113295075687011,1660.8382573475594,36324829695.0,0.653937177598895,4.23903026866097,True
300620,光库科技,2025-09-22,10.2681,15.16,7375.182424,0.4886695678707657,2093.1848068821982,34152753143.85,0.5116728720336605,-7.164612037708484,False
300620,光库科技,2025-08-13,20.0061,11.3973,25989.544615,11.792209081169274,2492.04212206968,19595639420.5,0.7365973066172665,-7.488725373842875,False
300620,光库科技,2025-08-13,20.0061,11.3973,27996.394215,12.087317689459656,2465.4778481471685,19595639420.5,0.7451313383031082,-7.488725373842875,False
300657,弘信电子,2026-05-20,-0.9217,42.104,-49097.795363,-4.6291560576118265,2931.1158761521656,24174801910.8,0.4210342365637081,-6.540084388185663,False
300657,弘信电子,2026-05-19,20.0,18.2251,67905.769477,13.050652879394024,2971.6202587345747,24399683789.04,0.7195881664394002,-7.042253521126762,False
300657,弘信电子,2026-05-19,20.0,18.2251,28656.776617000003,6.691204781838348,2602.7077809058464,24399683789.04,0.6285431432396444,-7.042253521126762,False
300657,弘信电子,2025-02-17,13.0731,28.2845,20522.513301,1.6747336451926664,1627.8386616065466,16666054139.5,0.5514404063711031,-0.2486874827300256,False
300661,圣邦股份,2025-09-15,20.0,17.8398,5267.72453699999,0.5750206817253671,1569.183099927529,51815134022.82,0.51832229399335,-1.0625452789181256,False
300661,圣邦股份,2025-04-11,19.9979,7.3213,4474.723521,1.2479344529514895,2729.180697655077,52006375409.76,0.5228628037349032,-3.944289693593317,False
300661,圣邦股份,2025-01-17,20.0,4.8218,9610.964711,5.119870172166376,3180.346026292412,41681287119.6,0.5804923446983381,-3.389084507042261,False
300710,万隆光电,2026-06-01,-18.5349,22.2012,-6253.37314,-9.78139780278742,3018.048173608303,2753494079.96,0.3379515958638091,4.817228676678953,True
300710,万隆光电,2025-12-19,11.8199,45.0512,-6409.898681000001,-5.090360740222703,2478.9100679090743,2575247848.89,0.3973266354814487,-10.139860139860147,False
300710,万隆光电,2025-12-19,11.8199,45.0512,-11812.106027,-10.315648245284727,2883.3454023092945,2575247848.89,0.3211166751471599,-10.139860139860147,False
300710,万隆光电,2025-12-18,20.0155,4.9568,5004.30472,43.8373822203794,8740.520443309108,2303030801.44,0.7507710067421502,4.000000000000004,True
300723,一品红,2025-12-15,-20.0,4.0337,-5806.416741,-9.22139485792213,2857.3039984706606,15587339530.8,0.3386346909034219,-7.815126050420185,False
300723,一品红,2025-07-21,19.997,4.6256,6557.606985,4.501626483021719,3741.34164818153,33634738810.7,0.5601605908566213,-3.801396431342119,False
300723,一品红,2025-05-21,6.4591,5.5038,1078.567775,0.4617025321839245,2273.412765005106,21133084434.0,0.5101543929745395,-2.1828665568369043,False
300723,一品红,2025-05-20,19.995,3.8576,-813.997844,-1.087702111906588,3746.151230244924,19850899271.7,0.4854824052066436,3.297170814720274,True
300723,一品红,2025-04-14,19.3007,6.9718,5850.042584000001,3.029454713394617,2936.1314635114973,17528765883.3,0.551589221243035,-6.796116504854366,False
300723,一品红,2025-04-11,19.9864,5.7642,9275.601521,11.94733352686458,3815.319541897039,14692923130.2,0.6565705492772981,17.30555555555555,True
300741,华宝股份,2025-06-04,20.0234,3.3741,5405.420016,13.551289500424868,4123.992571251418,12662434204.0,0.664298180298525,-6.960784313725476,False
300751,迈为股份,2026-03-30,-15.7758,9.7205,-2502.997879,-0.5604221645786328,1613.060659039085,44573530846.77,0.4826286084953408,2.190447216306657,True
300751,迈为股份,2026-01-26,5.4723,14.2314,86758.934822,5.400234030579664,3229.7442920751487,66147792642.99,0.5836015724809896,4.251172422193794,True
300751,迈为股份,2026-01-23,20.0,4.2603,21299.221171,8.185118533239285,3667.484257698747,62715787383.24,0.6115903703752397,-7.300135501355021,False
300751,迈为股份,2025-12-29,20.0,10.3411,42103.499761,10.647239075972475,3242.512221039584,39699116615.88,0.6641819421201574,-6.535628932351367,False
300765,石药创新,2026-01-30,-15.7199,2.4969,-10173.028835,-7.00636362657067,4625.5045291528895,54596527733.28,0.4242637902264274,-6.35987590486039,False
300765,石药创新,2025-06-06,20.0,1.0156,3970.915673,5.485230254273986,3824.667552486853,78565563342.0,0.5717085887727342,-3.857142857142859,False
300792,壹网壹创,2026-01-12,20.0,17.078,5545.89185700001,1.8468164720956932,2842.985620014608,8964670327.14,0.5324802288673941,-10.216372964532672,False
300792,壹网壹创,2025-01-17,-13.1383,30.42,9721.540148,4.3589422919083045,2357.331303079134,6941349760.18,0.5924550207731658,-7.18599033816425,False
300792,壹网壹创,2025-01-16,20.0128,37.2868,6148.392761,2.1271621018682585,1573.1954311727318,7991266104.8,0.5676064162061091,-10.29252437703143,False
300792,壹网壹创,2025-01-16,20.0128,37.2868,6148.392761,2.1271621018682585,1573.1954311727318,7991266104.8,0.5676064162061091,-10.29252437703143,False
300821,东岳硅材,2026-04-07,19.9821,4.6679,16165.0743,21.57152144378393,4005.770617683525,16065198142.5,0.7692555753012438,-1.349431818181812,False
300821,东岳硅材,2026-02-25,19.9839,9.1228,23089.169748,14.861807459459204,3493.4532043190407,17864884267.5,0.7127094108643732,-1.1088011088011052,False
300821,东岳硅材,2025-11-10,14.9385,16.5796,-6876.468573,-1.8824325094641716,1696.1716289066342,15693263010.0,0.4445093740107655,-0.952380952380949,False
300821,东岳硅材,2025-11-07,20.0422,8.6176,12862.60848,11.30989294542626,2928.0850301505047,13653618735.0,0.6931278092843658,8.247422680412363,True
300821,东岳硅材,2025-07-02,20.0,8.1377,11374.775398,13.485165980656308,2720.344955104536,11158053975.0,0.7478576467913075,1.4254385964912464,True
300839,博汇股份,2026-04-02,19.9856,7.8181,13134.733613,35.174851730105686,5630.306897606691,4834910361.33,0.8123706431087946,-14.932392710170497,False
300839,博汇股份,2026-03-03,20.0279,17.842,3227.605826,2.604226025894185,2318.6058762821217,4982651780.4,0.5561593078956147,-12.38990017615973,False
300839,博汇股份,2025-07-15,19.9653,6.2475,2562.298773,12.98300902160204,4714.9742433354,3338997642.54,0.6376784723686824,2.0689655172413834,True
300839,博汇股份,2025-07-15,19.9653,6.2475,2166.5758760000003,5.38527052506515,3328.822666087969,3338997642.54,0.5808885162301829,2.0689655172413834,True
300857,协创数据,2026-04-22,19.9945,8.6287,42652.294302,4.236893680548056,2379.7606480819986,125703539025.84,0.5890193239383725,-1.548202772093743,False
300857,协创数据,2026-04-15,12.4559,11.8399,14179.355784,0.9185666295861504,2803.4668012076454,96554642640.11,0.5163826914089095,9.840954274353876,True
300912,凯龙高科,2026-02-11,-14.186,34.0214,-5035.229946,-4.486339913947252,1484.170449160108,3171028252.5,0.3488603543991166,-5.91666666666667,False
300912,凯龙高科,2026-02-10,4.4704,48.0269,-5261.896269,-2.888633284087313,1513.6242014704585,3695236175.0,0.4045789145918432,-13.27390990122862,False
300946,恒而达,2025-12-04,20.0082,16.5674,4827.737897,6.790311769153987,2669.610071295829,4442131980.0,0.627177969587483,-2.580645161290329,False
300946,恒而达,2025-09-25,15.8259,18.6714,7029.680694,8.028226083365785,3063.157527406425,4821153480.0,0.6310449431923809,-3.173121791880551,False
300946,恒而达,2025-05-14,20.0,20.2663,4699.607676,5.562489841616574,3422.0929248581365,3987416160.0,0.5812732144298386,5.030143180105506,True
300946,恒而达,2025-05-14,20.0,20.2663,1240.432908,1.5593423438704266,3103.523858793324,3987416160.0,0.5251221259255393,5.030143180105506,True
300946,恒而达,2025-05-14,20.0,20.2663,0.0,0.0,20000.000000000004,3987416160.0,0.5,5.030143180105506,True
300946,恒而达,2025-02-19,12.8329,27.1239,-846.225478,-1.1025392103717198,3613.064090437482,2106730080.0,0.4847423242049629,-2.910149145143681,False
300948,冠中生态,2026-06-11,-15.0256,11.1861,3610.778458,8.007485908549224,4752.057736899202,3851726242.7,0.5842528263742671,4.69065911847959,True
300948,冠中生态,2025-10-21,19.9891,16.4011,1626.031883,3.278947621464156,3009.7794157254148,3216247026.92,0.5544715603464558,-16.99463327370304,False
300948,冠中生态,2025-10-13,-15.847,28.6293,-8890.798288,-11.33288003504031,2859.4944900762584,2697968454.72,0.3018377011326558,2.6472177201512626,True
300948,冠中生态,2025-10-10,13.4298,31.9127,-2443.121075,-2.224666996125069,2305.845315970172,3206027449.44,0.4517602724537258,-3.543512245961433,False
300965,恒宇信通,2026-05-15,-16.9046,14.5958,-973.188755,-1.5140589638002988,2124.1226776374338,4219853437.5,0.4643603691128538,-2.0774315391879017,False
300965,恒宇信通,2026-05-14,18.5354,17.3872,-2932.847,-3.3249288849263987,2190.25003493058,5078321250.0,0.4240970475539387,-12.952090183184596,False
300965,恒宇信通,2026-05-14,18.5354,17.3872,-1031.999,-1.1152304808813978,2293.201836178192,5078321250.0,0.475683987704719,-12.952090183184596,False
300965,恒宇信通,2025-08-06,14.9425,43.0391,-815.2419980000001,-1.0552066512461786,2125.106167159729,1896051000.0,0.4751728485956893,-0.5560256255288332,False
300965,恒宇信通,2025-08-06,14.9425,43.0391,-2426.001508,-1.1639281516503173,1805.518614130745,1896051000.0,0.467767484019801,-0.5560256255288332,False
300965,恒宇信通,2025-08-05,5.1912,46.3794,-3662.639386,-4.6791026618526566,2426.355064980266,1649564370.0,0.4035775363345118,3.736677115987464,True
300965,恒宇信通,2025-08-04,19.9968,37.0405,3704.131311,7.002573392302869,2831.666546032208,1568157832.5,0.623647563695574,3.10277957336782,True
300965,恒宇信通,2025-07-31,-5.795,38.2555,-8414.640676,-15.441560819682518,3104.777994696369,1360210500.0,0.2513258460659661,-4.5510835913312615,False
300965,恒宇信通,2025-07-30,20.0069,20.5839,9476.145112,33.38988401231001,5206.818372059063,1443884055.0,0.8206361507776755,-6.539351851851871,False
300965,恒宇信通,2025-06-30,20.0073,31.1609,-623.587139,-1.0414954334335182,2962.267688930104,1356088650.0,0.4824206394762101,-8.004173498285894,False
301000,肇民科技,2026-05-07,20.0146,4.4624,6423.679104,20.00932898711738,4420.444752664972,7561302239.56,0.7263271017588702,4.139172165566873,True
301000,肇民科技,2025-09-08,20.0045,10.2295,16823.383155,14.335028306946072,3103.1364453701453,12226932942.26,0.7309764420500074,-2.49244712990937,False
301000,肇民科技,2025-04-24,16.8788,17.2911,3622.40117,1.114417850768656,2447.7788561572543,12803452229.0,0.5227638589157145,-3.5059901338970967,False
301000,肇民科技,2025-04-23,20.005,10.9753,7465.187976,6.722176648843127,2342.063351187129,10954470998.5,0.6435097100476773,14.343271555197411,True
301000,肇民科技,2025-01-21,20.0064,16.0426,10953.752277,8.375112794099483,3064.8798185230903,8636959295.5,0.6366303622002265,-3.4567229178007697,False
301000,肇民科技,2025-01-10,12.4912,19.404,5935.806871,2.840525144375752,2094.3408165526885,7306789856.5,0.5678143003737877,-2.4907438572871143,False
301000,肇民科技,2025-01-09,20.0169,11.5905,7492.087129,10.784303751934395,3683.983756632221,6495432209.0,0.6463674172357515,3.627485176142309,True
301012,扬电科技,2025-07-17,9.7666,39.1834,5232.243763,3.381298337493712,1920.2886945848195,3643684914.8,0.588041406144527,-6.765412329863896,False
301012,扬电科技,2025-07-16,20.0207,4.2905,8155.36904,57.262374444760034,8133.286170838323,3319483028.68,0.8520248349927285,1.6687016687016776,True
301022,海泰科,2026-04-21,20.0144,4.3292,2325.24468,23.93666216536632,3801.270761981491,2244010329.2,0.8148507915401538,0.2866972477064022,True
301022,海泰科,2025-03-03,14.1079,32.7097,-2397.977677,-3.3841629035803185,1615.325695674153,1722924687.0,0.395248279878073,-2.6490066225165587,False
301022,海泰科,2025-02-28,20.0,11.5483,1532.494606,8.955511829258876,3549.013732585033,1509908543.88,0.6261690219318461,-8.426428343440783,False
301090,华润材料,2025-02-25,19.9426,4.7773,2200.857883,9.145607561413396,3460.344375843202,5226832461.84,0.6321488061312515,0.2409638554216719,True
301115,联检科技,2026-06-03,20.0141,4.9724,3195.484178,12.877319480979112,5806.371917018747,5252782273.16,0.6108895508676864,4.462413896376161,True
301200,大族数控,2026-01-21,20.0,2.2055,25319.565039,18.56285894730611,5508.486294798472,67986207982.02,0.6684932843060222,4.330900243308999,True
301200,大族数控,2025-09-11,18.3817,4.2545,-1015.06350599999,-0.2478450494198516,2681.567400412991,48332988881.6,0.4953787279525086,2.002098268928143,True
301200,大族数控,2025-07-28,19.9931,25.9666,1497.65234,1.4589688844677824,4958.142444010882,4306462889.92,0.5147128576976456,-2.033850092447742,False
301200,大族数控,2025-07-28,19.9931,25.9666,2783.733511,1.0000602382016448,3771.097196941669,4306462889.92,0.5132595394121993,-2.033850092447742,False
301207,华兰疫苗,2026-01-27,11.611,9.3881,-4441.058016,-2.196242616726632,2724.7466441730053,15646884307.5,0.4596982232931014,-2.077022933794892,False
301207,华兰疫苗,2026-01-26,20.0,4.5223,11112.62686,18.49672665771161,4363.994822573559,14019127821.0,0.7119242507121447,-2.4894514767932474,False
301209,联合化学,2025-10-16,-19.9965,8.7522,-4432.390036,-5.615376693387199,2482.996266435025,8766476460.0,0.3869233762189762,-2.336524419925368,False
301209,联合化学,2025-09-25,9.1858,5.5623,1479.60979,1.4038074235031344,2660.3284842474645,10906905170.0,0.5263840994038042,-4.356314826113494,False
301209,联合化学,2025-09-24,20.0,3.9076,4615.06512,12.635874031964702,4128.950201866122,9989305200.0,0.6530155779821926,5.510493111883608,True
301209,联合化学,2025-05-23,15.2204,25.9541,0.0,0.0,20000.0,3041675000.0,0.5,-12.305833620987215,False
301209,联合化学,2025-04-28,20.0,21.9834,-198.965287,-0.1728788363030494,2551.4365809581554,2031540000.0,0.4966121275050832,7.850296668188039,True
301209,联合化学,2025-04-28,20.0,21.9834,-1699.551325,-4.148205310411361,4342.791146769493,2031540000.0,0.4522403315031956,7.850296668188039,True
301209,联合化学,2025-04-15,9.7329,29.7125,-620.095405,-1.031256225823205,1968.212859215161,1298255000.0,0.4738022180630801,0.6880733944954143,True
301209,联合化学,2025-04-14,20.005,20.5254,648.602046,2.9190521839554058,2587.793414675051,1183105000.0,0.5564004098511464,2.951593860684776,True
301217,铜冠铜箔,2026-06-15,20.0,4.9806,91085.86109,5.300363607726712,2085.904971870015,141065284967.04,0.627051895441213,-2.1471718835804454,False
301217,铜冠铜箔,2026-06-15,20.0,4.9806,55650.33585,8.336631725863331,2973.1384674809988,141065284967.04,0.640199183742131,-2.1471718835804454,False
301217,铜冠铜箔,2026-05-13,4.7614,6.6955,0.0,0.0,20000.0,82080829011.44,0.5,-10.884210526315796,False
301217,铜冠铜箔,2026-04-28,15.2797,8.0874,-12803.323073,-3.358426925651628,4195.089301459735,49036269427.6,0.4599719256931786,24.75418319820597,True
301217,铜冠铜箔,2026-02-24,14.4931,6.6108,57445.375916,6.183618189485172,2255.4282635226155,37264248702.8,0.6370830163276255,-0.382897255903003,False
301217,铜冠铜箔,2025-08-13,20.016,11.4237,19770.941606,7.747169656406921,2164.2259177393403,24804145076.48,0.6789824618794718,-5.951186894015381,False
301217,铜冠铜箔,2025-07-28,20.0,10.826,13359.449911,6.53074103779288,2833.136400472731,20791709843.52,0.6152563822324822,6.863125242341983,True
301217,铜冠铜箔,2025-07-25,-10.8362,36.1083,-12007.722001,-6.848448391177134,2895.631624102331,4786424869.6,0.3817451720347852,22.809523809523814,True
301217,铜冠铜箔,2025-07-24,20.0205,27.0064,12576.966936,9.104836050906606,3443.493821033137,5368124351.36,0.6322034614276572,-6.790945406125171,False
301217,铜冠铜箔,2025-07-21,-1.8123,39.2014,-11962.434065,-6.375612430182303,3028.184589940061,4839098444.72,0.3947288013524218,-8.900523560209429,False
301217,铜冠铜箔,2025-07-17,13.3696,40.4386,5052.64254,2.749320756413882,3227.6800740458334,4777264247.84,0.542589734628929,0.6046511627906925,True
301217,铜冠铜箔,2025-07-09,20.0237,48.1913,20032.75882,9.53690047097388,2775.872747238913,4639854921.44,0.6717820184743696,-9.373482272948031,False
301217,铜冠铜箔,2025-07-09,20.0237,48.1913,23215.188754,6.545189707956209,2796.3354577816376,4639854921.44,0.6170315544535665,-9.373482272948031,False
301236,软通动力,2026-06-03,2.8066,10.2478,22579.722723,2.491673667343189,1619.0512691232211,34249066381.86,0.5769485721317684,-2.2775800711743788,False
301236,软通动力,2026-06-01,20.0061,4.829,38003.088343,26.257284779578555,3670.250728283169,31153371921.1,0.8577042377137666,-1.4506769825918808,False
301316,慧博云通,2026-05-21,-18.5647,14.2898,458.652314999998,0.1690582628453589,3302.349104253988,17625694333.85,0.5025596667328052,6.351292159439348,True
301316,慧博云通,2025-05-23,-2.1952,46.1893,33411.11647,5.502431506141504,2113.8023720888827,11900926912.03,0.6301548238093787,-5.483684108901321,False
301316,慧博云通,2025-04-10,19.9906,15.3866,6834.588495999999,7.617611148142682,2493.9400376900185,6179934501.35,0.6527224198060191,-0.0403388463089848,False
301322,绿通科技,2026-05-20,20.0,3.8034,2893.68816,14.611246225843914,10413.04069134861,5207030241.6,0.5701584035774645,-4.8014930437733305,False
301362,民爆光电,2026-03-03,2.5581,35.66,1641.034837,0.4897899366418203,2266.2819613935512,3378226200.0,0.5108060238087199,6.454816285998022,True
301362,民爆光电,2026-02-09,-5.2718,34.2321,835.893693,0.8688842938490645,1076.4247906931182,2729640000.0,0.5403597307197646,-2.210702851044366,False
301362,民爆光电,2026-02-06,4.1055,46.0966,-6681.63513,-5.356212611577345,1950.3920519635376,2881550400.0,0.3626888218144389,-2.119086703477091,False
301362,民爆光电,2026-02-05,20.0026,57.7983,-7526.502915000001,-4.918081900734879,3282.320202570295,2767914300.0,0.4250822345595097,2.7603128354547035,True
301362,民爆光电,2026-02-05,20.0026,57.7983,-7526.502915000001,-4.918081900734879,3282.320202570295,2767914300.0,0.4250822345595097,2.7603128354547035,True
301362,民爆光电,2026-02-05,20.0026,57.7983,-11309.861724,-5.746541330300474,3578.63849572049,2767914300.0,0.4197105081000432,2.7603128354547035,True
301362,民爆光电,2026-02-05,20.0026,57.7983,0.0,0.0,20000.0,2767914300.0,0.5,2.7603128354547035,True
600011,华能国际,2026-05-29,10.0496,4.1386,6333.54428700001,1.6328672227607837,2890.8122911196247,97549686981.53,0.5282423599030771,4.333333333333345,True
600021,上海电力,2025-09-11,5.8682,10.3962,32135.713943,5.337205027355272,2369.6140025374,61996527626.45,0.612617603998798,0.4997728305315752,True
600021,上海电力,2025-09-10,-10.0,2.9701,-9263.618182,-5.288917633072505,2777.5869563000306,58560100379.55,0.4047929422861748,11.669203450025378,True
600021,上海电力,2025-08-18,10.034,4.0931,8967.39455,6.1470476472208135,3207.717632814013,36448662766.3,0.5958165329818672,-1.4892032762471974,False
600026,中远海能,2026-03-10,2.3768,5.6713,4378.937266,0.932737923219127,3164.7520060075267,80823298947.7,0.5147363509281067,-2.632714717306872,False
600026,中远海能,2026-03-09,-9.9842,5.9864,9020.654823,1.8030123104935245,2499.2085770674366,78946919694.4,0.5360716653871518,7.26851851851853,True
600026,中远海能,2026-03-09,-9.9842,5.9864,9020.654823,1.8030123104935245,2499.2085770674366,78946919694.4,0.5360716653871518,7.26851851851853,True
600026,中远海能,2026-03-05,5.0021,6.3611,28106.758201,5.223012108638579,3210.5920548300915,86799914347.1,0.5813403263236286,6.655777868517765,True
600026,中远海能,2025-12-02,-8.4562,3.3244,-25525.487623,-18.316748266729626,3978.05631303301,41002361461.0,0.2697776649526073,0.5084745762711673,True
600032,浙江新能,2026-05-28,10.0529,3.3404,11397.174256,14.170034952579034,2701.573794858974,25008623369.6,0.7622551895407086,1.7958412098298735,True
600032,浙江新能,2026-04-23,6.0793,6.6688,-6960.212599,-3.7883274033514818,1900.5122199955777,28952290900.96,0.4003340424888114,-7.111882046834328,False
600032,浙江新能,2026-04-21,10.0304,4.8812,4559.557184,3.787918565692014,2742.236438128938,26114774018.64,0.5690662284444838,2.9277218664226945,True
600032,浙江新能,2026-03-27,-7.1372,5.6643,-1571.4744380000002,-0.9746744581803856,1226.1744930502955,28158748044.04,0.4602554749057072,-7.793345008756569,False
600032,浙江新能,2026-03-26,-3.149,9.1148,-8288.75259300001,-3.016057799633178,1940.1997481139229,30322955835.64,0.4222745543966516,-5.070656691604314,False
600032,浙江新能,2026-03-24,10.0372,7.5785,-10447.220219,-5.249317305050229,1874.947908758904,28471355836.16,0.3600143161170556,9.646856158484084,True
600052,东望时代,2026-06-16,10.137,3.5727,1327.92288,11.527087020229729,4230.337733837349,3393662858.82,0.6362431056984839,-3.47394540942928,False
600052,东望时代,2026-04-23,10.0962,11.8984,-2017.675684,-4.5439408542342425,2468.424507966147,3866411913.78,0.4079586829662007,-14.489795918367342,False
600052,东望时代,2026-04-22,10.0529,4.7303,-851.6828199999999,-5.246384764807317,4200.495846029317,3511850122.56,0.4375504112238718,15.566037735849058,True
600067,冠城新材,2026-06-12,10.1266,8.1429,1900.035599,4.988763189494643,2790.413720541029,4843007211.72,0.5893911027022792,1.4492753623188248,True
600067,冠城新材,2026-06-11,10.1045,2.8482,1158.06141,9.367101734684733,3098.3507924127616,4397673215.24,0.6511627049723175,5.504587155963314,True
600067,冠城新材,2025-11-10,10.0962,8.128,3609.380207,7.278103786954236,2227.0226108840484,6373842824.62,0.6634043532244399,1.9271948608136968,True
600067,冠城新材,2025-11-04,10.0985,14.5727,2280.842363,2.669143307053733,1650.7311831200202,6220759263.33,0.5808473037387235,0.6928406466512715,True
600067,冠城新材,2025-10-31,10.084,6.025,3017.736037,9.212705675998729,3169.3849009644896,5469258144.27,0.6453390163055798,0.50761421319796,True
600067,冠城新材,2025-10-16,6.1972,14.7803,2406.349314,3.1878565526697926,1656.8755037673573,5246591146.03,0.5962008474813386,-3.5812672176308458,False
600067,冠城新材,2025-10-14,10.0324,3.3113,4981.04874,32.32954343621831,5690.112162686851,4731673712.6,0.7840852913956657,-7.242339832869071,False
600075,新疆天业,2026-01-06,10.0604,4.2323,3046.3033800000003,7.910299787565206,2756.0867985900386,9339279903.95,0.6435059990057637,-4.46428571428571,False
600076,康欣新材,2026-05-12,10.101,4.5436,768.8001,2.89274742598096,3046.5625904089275,5862209080.12,0.5474755948735108,-1.620370370370372,False
600076,康欣新材,2026-05-08,10.0917,2.4679,1918.8702,16.355152107620665,4426.951496602334,4840356121.2,0.684722512999896,15.343915343915349,True
600076,康欣新材,2026-01-22,-9.8592,11.2819,1416.145488,2.401303236514674,2454.667295956003,5163046529.28,0.5489130083019959,9.375,True
600076,康欣新材,2026-01-21,-9.7458,16.7705,-2592.274777,-2.648601469388262,2039.14315121768,5727754743.42,0.4350560192940196,-6.112469437652813,False
600076,康欣新材,2025-12-19,10.1399,7.4965,5078.830763,16.416331240925324,3019.2897695797237,4235311606.05,0.7718574978513977,0.0,False
600076,康欣新材,2025-03-03,-10.1215,8.7913,-1711.0076,-6.396163652660205,2704.236710266453,2984886274.74,0.3817380958483109,0.9345794392523477,True
600076,康欣新材,2025-02-26,10.2439,1.543,1306.291015,28.32793480388197,9138.873684147751,3038668009.42,0.6549859193973732,11.83673469387756,True
600078,澄星股份,2026-05-11,10.0339,9.0601,-2490.1216,-2.621607277466456,3137.4591440747045,10753557534.03,0.4582208539286076,-5.73012939001848,False
600078,澄星股份,2026-02-26,10.0297,6.7069,1139.2479,1.7319277370583177,4404.905773372332,9812704071.41,0.5196590781524525,-2.581995812979754,False
600078,澄星股份,2025-11-12,-10.0,12.1796,-9370.252382,-9.571154044737568,2417.7508005252885,7990628703.66,0.3020649182980705,7.112616426756979,True
600078,澄星股份,2025-11-06,10.0406,13.4885,7524.6513,8.0027675480091,3373.8577448923365,7188915541.85,0.6185996588048865,15.175438596491242,True
600078,澄星股份,2025-10-28,10.0571,7.7858,5083.39956,10.622750672733693,2854.7538745297397,6380576651.43,0.6860537044455989,0.0,False
600078,澄星股份,2025-10-22,-9.4801,16.3387,-2666.218343,-2.652408619958723,2204.419439558649,5883647005.68,0.4398388398241996,-0.580720092915199,False
600078,澄星股份,2025-10-20,-4.4834,22.5686,-3687.930838,-2.443653568287273,2026.2577619078795,6493214037.8,0.4397003280079632,-1.8181818181818188,False
600078,澄星股份,2025-10-17,9.9678,23.7954,7909.907761,5.154328081472473,1735.3049151607806,6797997553.86,0.6485136138450605,-1.9801980198019709,False
600078,澄星股份,2025-10-17,9.9678,23.7954,7909.907761,5.154328081472473,1735.3049151607806,6797997553.86,0.6485136138450605,-1.9801980198019709,False
600078,澄星股份,2025-10-15,-9.6774,20.9692,2561.695461,1.8520122693351664,1853.845316420869,5936652834.56,0.5499505609483848,1.866977829638272,True
600078,澄星股份,2025-10-15,-9.6774,20.9692,2561.695461,1.8520122693351664,1853.845316420869,5936652834.56,0.5499505609483848,1.866977829638272,True
600078,澄星股份,2025-10-10,10.0671,3.0042,342.938504,2.111481487729723,3811.327589155901,5433097460.2,0.5277000787565121,27.17948717948717,True
600094,大名城,2026-01-12,10.0656,3.2908,3832.532038,10.97056069138097,3989.855106253522,10744417952.155,0.6374806903913152,2.7559055118110187,True
600094,大名城,2025-11-14,-9.5517,6.613,1669.787559,2.527126087184236,3966.490663640333,9911213869.755,0.5318559439752332,-1.9565217391304344,False
600094,大名城,2025-11-11,10.076,6.4779,-7106.277838,-9.098637161562255,4706.4139751006005,12358365513.205,0.4033379000476921,-2.998236331569659,False
600094,大名城,2025-10-20,-6.6038,3.1142,-1019.592578,-3.0532098729967143,3405.506141750348,10570543874.35,0.4551724509381234,3.643724696356277,True
600094,大名城,2025-04-09,10.0946,3.8565,3092.178405,10.75951066119172,3376.778357595262,7802131118.92,0.6593162109232125,1.501501501501501,True
600095,湘财股份,2025-11-12,-8.123,4.6335,-3848.710277,-2.4904720299387035,1398.9624415282497,33309537205.95,0.4109886028384696,0.3472222222222321,True
600095,湘财股份,2025-06-24,10.0484,7.7724,17319.450201,8.747001429946804,2178.3676052082,25990016583.87,0.7007696361494231,15.015974440894574,True
600097,开创国际,2025-11-24,10.0078,9.957,3419.161951,10.367000576719336,2261.550853233927,3416480406.62,0.7292011378363423,-8.048433048433045,False
600097,开创国际,2025-11-21,-4.8708,16.8951,-2208.669799,-4.153222084680103,1589.7993347833858,3105672245.51,0.3693790469711704,15.841584158415834,True
600097,开创国际,2025-03-21,10.0375,2.6677,2691.6831,35.70183900177366,10239.443631950711,2826185837.07,0.6743348578548312,-18.019480519480524,False
600103,青山纸业,2026-04-23,-6.5455,29.9237,8911.693544,2.520931931477441,1710.890656883636,11371371301.58,0.5736730872114669,-5.118110236220463,False
600103,青山纸业,2026-04-22,5.7692,32.6546,11351.593591,2.9034335500827826,1300.5141841868483,12167809758.5,0.6116263699921953,-4.331450094161948,False
600103,青山纸业,2026-04-20,10.0,24.1931,7698.291029999999,3.1884643971354723,2306.421810942616,10464316392.31,0.5691214499882044,16.808510638297868,True
600103,青山纸业,2025-12-25,4.6404,27.7107,-7222.080931,-2.6684179352994817,2239.366408346372,9977604001.97,0.4404202473218766,-3.3783783783783883,False
600103,青山纸业,2025-10-20,10.1493,21.5173,5129.24208,2.9758515664563947,1876.952009955475,8163494183.43,0.5792735123400143,0.0,False
600103,青山纸业,2025-09-26,-10.0737,19.1198,-18331.210091,-11.414386365048266,2162.499563668273,8097124312.02,0.2360834990022862,9.243697478991608,True
600103,青山纸业,2025-09-25,3.8265,27.5384,-5812.22268,-2.3925409897700844,1915.977906631143,9004179221.29,0.4375634504581298,-8.695652173913048,False
600103,青山纸业,2025-09-25,3.8265,27.5384,-5812.22268,-2.3925409897700844,1915.977906631143,9004179221.29,0.4375634504581298,-8.695652173913048,False
600103,青山纸业,2025-09-24,10.1124,25.4,16971.044646000002,8.382836416240137,2207.7537427031016,8672329864.24,0.6898498970717737,2.356020942408388,True
600103,青山纸业,2025-09-24,10.1124,25.4,16971.044646000002,8.382836416240137,2207.7537427031016,8672329864.24,0.6898498970717737,2.356020942408388,True
600103,青山纸业,2025-09-24,10.1124,25.4,16971.044646000002,8.382836416240137,2207.7537427031016,8672329864.24,0.6898498970717737,2.356020942408388,True
600103,青山纸业,2025-09-22,-10.0686,15.7167,-1757.4833579999995,-1.2803515232966036,1541.721424802596,8694453154.71,0.4584765605932816,-7.754010695187164,False
600103,青山纸业,2025-09-18,6.8282,32.3253,-39.1769080000013,-0.0117403902895249,1520.302691089453,10729795877.95,0.4996138798425361,-15.999999999999991,False
600103,青山纸业,2025-09-17,2.9478,31.4035,6506.167702000001,2.066151012089085,1398.198775976937,10043973873.38,0.5738861686760326,10.465116279069765,True
600103,青山纸业,2025-09-16,-3.9216,33.0733,-11455.214829,-3.5821014590274496,1766.9625171085916,9756371097.27,0.3986367445731362,0.2331002331002363,True
600103,青山纸业,2025-09-15,9.8086,38.3699,16729.657769,4.450632928304666,1374.8068055250371,10154590325.73,0.6618639400975679,-4.454342984409799,False
600103,青山纸业,2025-09-09,10.1754,17.2964,5315.799916,4.728028167763246,2391.5977251120303,6946713207.58,0.5988466437753817,15.197568389057746,True
600107,*ST尔雅,2025-04-22,5.3528,10.4893,1087.7703,6.9035378455956655,3493.584002445181,1558800000.0,0.5988030893312404,1.435406698564612,True
600107,*ST尔雅,2025-04-21,-10.0656,1.2198,-707.2077,-39.18340392585508,8051.418681969305,1479600000.0,0.2566677037078937,9.138381201044377,True
600107,*ST尔雅,2025-03-12,10.1075,7.5886,3135.537396,23.00336153199049,5517.009512684423,1843200000.0,0.7084767252902353,1.953125,True
600107,*ST尔雅,2025-03-10,10.1149,4.8249,1128.5717,13.698455567825052,7945.407724617578,1724400000.0,0.5862036036576359,-1.0548523206751037,False
600108,亚盛集团,2026-06-11,10.0304,3.9636,5917.6024,21.864770660463307,6155.623454454419,7047832738.02,0.677599968729741,-5.053191489361697,False
600108,亚盛集团,2026-03-13,-10.0575,18.5444,3058.959873,1.312707433239365,1510.7993148313706,12187688657.46,0.5434441365028645,-0.3194888178913668,False
600108,亚盛集团,2026-03-11,10.0503,19.1854,4309.476424,1.80868816218206,2045.6854294157797,12791232344.97,0.5442073873180638,1.7910447761193993,True
600108,亚盛集团,2026-03-06,9.9602,25.3246,2280.795942,0.8799267338550129,2228.562921822597,10746971467.92,0.5197420213097547,-5.615942028985499,False
600108,亚盛集团,2026-03-06,9.9602,25.3246,2280.795942,0.8799267338550129,2228.562921822597,10746971467.92,0.5197420213097547,-5.615942028985499,False
600108,亚盛集团,2026-03-05,-5.104,28.6453,2778.201426,0.9535849966299118,1903.3216112825676,9773513907.42,0.525050548235706,13.814432989690715,True
600108,亚盛集团,2026-03-03,10.0686,24.0914,1483.423815,0.6595112192296563,1842.537283761618,9364661732.01,0.5178968215471667,17.427385892116188,True
600108,亚盛集团,2025-04-08,10.1695,10.9018,708.585604,1.0734645706235593,1932.5358707117484,6327474143.25,0.5277734707772386,-7.098765432098775,False
600110,诺德股份,2026-06-22,-2.3904,20.2795,-25256.782172,-4.216184688642996,2780.640478008603,29758352983.8,0.4241868065651105,-12.424242424242426,False
600110,诺德股份,2026-06-18,2.0325,28.4031,2297.99453300002,0.2654660315940438,3039.389795691909,30487128975.24,0.50436709421033,-4.734411085450352,False
600110,诺德股份,2026-06-17,10.0319,0.935,11772.04833,42.13779373531559,7376.210387227053,29879815649.04,0.7856330793403284,-1.0285714285714231,False
600110,诺德股份,2026-05-28,10.0382,13.3983,15063.809154,5.814762747919067,3406.9589716429377,19971932527.32,0.5853365537465661,7.777777777777772,True
600110,诺德股份,2026-04-24,5.2859,15.3203,33045.939162,13.118397096669089,3289.1217037224505,16935365896.32,0.6994209743261004,8.333333333333348,True
600110,诺德股份,2026-04-23,-10.0,14.1668,-36280.831031,-15.433087546129247,2916.87473782989,16085127239.64,0.2354516574542514,7.38255033557047,True
600110,诺德股份,2026-03-27,10.0381,10.1528,27542.865698,18.99396616893801,4218.584781954032,15026666871.12,0.7251224895394905,0.7769145394006749,True
600110,诺德股份,2025-11-21,-10.0509,10.0873,-10049.165377,-7.966292122281359,3166.864806656246,12267729189.24,0.3742243100252105,0.7072135785006983,True
600110,诺德股份,2025-08-15,10.0629,13.0728,24134.611441,15.468650432218933,2735.501281893952,12146266524.0,0.7827388627928016,8.072916666666675,True
600110,诺德股份,2025-07-31,10.0176,17.9795,42275.29252,22.014277486221424,2963.049148913404,10862232634.32,0.8714801270558471,-4.952076677316287,False
600110,诺德股份,2025-07-01,-10.0143,23.393,-621.5974770000009,-0.2359089210662958,1097.287299403778,10914288062.28,0.489250357623091,-3.814262023217252,False
600110,诺德股份,2025-06-27,-5.2778,29.6399,-8071.817886,-2.232698096653265,1271.5022853877558,11833933956.24,0.4122023561297656,2.067946824224532,True
600110,诺德股份,2025-06-26,4.9563,33.0344,21333.759822,5.072822206732706,1897.7443936230925,12493302710.4,0.6336539900678586,-7.765667574931889,False
600110,诺德股份,2025-06-26,4.9563,33.0344,-0.01,-6.448160973850792e-07,19999.99993551839,12493302710.4,0.4999999983879598,-7.765667574931889,False
600110,诺德股份,2025-06-25,9.9359,27.6027,-713.671644999999,-0.2297839507031434,1333.180536132132,11903341193.52,0.4913821142570158,7.153284671532845,True
600110,诺德股份,2025-06-24,10.0529,26.3302,2851.08022,1.0328461343680369,1480.6802413783848,10827529015.68,0.5348774200365687,7.031249999999978,True
600110,诺德股份,2025-06-23,10.0971,27.5575,-8238.186828,-3.2228141496739555,1803.4123849378016,9838475884.44,0.4106467778365316,15.942028985507273,True
600110,诺德股份,2025-06-23,10.0971,27.5575,-8238.186828,-3.2228141496739555,1803.4123849378016,9838475884.44,0.4106467778365316,15.942028985507273,True
600110,诺德股份,2025-06-20,10.0427,7.6241,6690.356607,9.927747121297102,3347.018751611031,8936181799.8,0.6483073125377404,7.184466019417468,True
600110,诺德股份,2025-06-19,10.1176,14.7895,999.612942000002,0.8445038575686564,2508.1470592813284,8120646761.76,0.5168352141562751,4.040404040404044,True
600110,诺德股份,2025-06-18,10.1036,10.9644,-2786.767913,-3.6693883976337145,3013.466211763306,7374518961.0,0.4391168153253226,10.738255033557053,True
600110,诺德股份,2025-06-04,10.1227,2.4218,2760.989544,18.94622212169684,4357.719930943264,6229299545.88,0.7173868722857067,-5.128205128205121,False
600126,杭钢股份,2026-04-27,-10.0191,5.6488,-9177.868303,-5.058084629108464,1657.0920174509024,31846893052.69,0.3473806953433613,-0.8781558726673966,False
600126,杭钢股份,2025-04-16,-8.6307,8.8091,-5680.641291,-1.6831279685671916,1235.1072105241904,37182851803.83,0.4318630822399273,0.8325624421831712,True
600126,杭钢股份,2025-03-31,10.0186,11.1362,-5486.950258,-1.303512064676437,1502.4683179239196,40053462524.38,0.4566209799858673,-2.7340513670256805,False
600126,杭钢股份,2025-03-31,10.0186,11.1362,-5486.950258,-1.303512064676437,1502.4683179239196,40053462524.38,0.4566209799858673,-2.7340513670256805,False
600126,杭钢股份,2025-03-25,-10.0269,7.733,5014.540764,1.8290826991533509,1261.9048778606225,33940750284.15,0.5724730814201423,5.734406438631789,True
600126,杭钢股份,2025-03-14,-9.9794,2.7664,1878.0264,1.5368428038229474,1367.50965744825,44173633205.64,0.5561912961803381,-6.288819875776397,False
600126,杭钢股份,2025-02-27,10.0149,19.5084,0.01,1.4354008093005073e-07,19999.999985645994,49712223301.76,0.5000000003588502,-9.502262443438914,False
600126,杭钢股份,2025-02-27,10.0149,19.5084,-9.01076399999857,-0.0010471996121904,923.502985254557,49712223301.76,0.4999433028572235,-9.502262443438914,False
600126,杭钢股份,2025-02-25,10.0452,19.7267,-129.84643799999998,-0.0167272902560003,1028.5285584247033,41066619249.28,0.4991868339425781,-5.238828967642528,False
600126,杭钢股份,2025-02-21,10.0448,14.0001,3279.119791,0.5875065668884306,1134.5631711094163,41438110048.41,0.5258913113808351,-17.4089068825911,False
600126,杭钢股份,2025-02-14,9.9704,23.7726,0.0,0.0,20000.0,37621886384.62,0.5,-4.170286707211124,False
600126,杭钢股份,2025-02-14,9.9704,23.7726,-44698.303321,-5.49987809746514,2356.541037026448,37621886384.62,0.3833061251416812,-4.170286707211124,False
600126,杭钢股份,2025-02-13,9.9891,2.8963,0.0,0.0,20000.0,34210925410.79,0.5,15.1,True
600149,廊坊发展,2026-04-20,10.0694,7.574,5258.7498,29.561043654435537,5282.468845371083,2410214400.0,0.7798032938740308,-1.7187500000000022,False
600149,廊坊发展,2026-03-23,10.0346,12.4534,5127.4286,18.005002366720728,3941.32598767232,2417817600.0,0.728413006473415,0.9230769230769154,True
600149,廊坊发展,2026-03-23,10.0346,12.4534,5127.4286,18.005002366720728,3941.32598767232,2417817600.0,0.728413006473415,0.9230769230769154,True
600149,廊坊发展,2026-02-03,10.0372,3.6231,2851.978944,34.9766882576136,7307.7247763664545,2250547200.0,0.7393131195275029,-2.533783783783794,False
600149,廊坊发展,2025-05-23,-1.2862,27.1706,-1016.723236,-1.5849851575152167,1383.7823326445334,2334182400.0,0.442729968430578,0.3460207612456578,True
600149,廊坊发展,2025-05-23,-1.2862,27.1706,-1016.723236,-1.5849851575152167,1383.7823326445334,2334182400.0,0.442729968430578,0.3460207612456578,True
600149,廊坊发展,2025-04-28,9.9548,14.5445,-725.7490799999999,-2.798730564391969,2100.2715302334723,1847577600.0,0.4333721729761091,-1.2875536480686844,False
600156,华升股份,2026-05-25,-10.0074,16.6747,-7484.661053,-8.838056936854608,2335.8254704944256,4917813885.46,0.3108151262049588,-12.62626262626263,False
600156,华升股份,2026-05-22,4.2178,28.03,-4588.823892,-3.2491550076075875,2482.3495666287536,5464684440.18,0.4345548457137682,-12.6470588235294,False
600156,华升股份,2026-05-22,4.2178,28.03,-4588.823892,-3.2491550076075875,2482.3495666287536,5464684440.18,0.4345548457137682,-12.6470588235294,False
600156,华升股份,2026-05-21,10.0422,24.2806,9582.812838,7.832304646727223,2608.7021338933723,5243523554.08,0.6501187994015601,3.8961038961038863,True
600156,华升股份,2026-05-21,10.0422,24.2806,9582.812838,7.832304646727223,2608.7021338933723,5243523554.08,0.6501187994015601,3.8961038961038863,True
600156,华升股份,2026-05-20,-10.0228,5.1798,-2526.9454,-9.993423299524842,2714.6902727788547,4765011818.7,0.3159380574695319,19.434306569343065,True
600156,华升股份,2026-05-15,-7.6815,31.1391,-6251.220429999999,-3.449315220301419,1728.002587662171,5267650196.2,0.4001935747975926,4.126984126984135,True
600156,华升股份,2026-05-15,-7.6815,31.1391,-6251.220429999999,-3.449315220301419,1728.002587662171,5267650196.2,0.4001935747975926,4.126984126984135,True
600156,华升股份,2026-04-23,-2.6706,18.838,447.00138300000106,0.5932769412028827,1714.0950995068813,3956769307.68,0.517305835054705,-7.541322314049593,False
600156,华升股份,2026-04-22,3.2686,25.2726,-3529.0160170000004,-3.506894010561068,1760.883129309612,4065339197.22,0.4004222951486845,3.088391906283272,True
600156,华升股份,2026-04-21,-3.9254,30.1072,1521.488402,1.1615290064517378,1724.2142986127487,3936663772.58,0.5336828492660763,0.5353319057815886,True
600156,华升股份,2026-04-16,10.0654,5.1249,5130.3687,30.407026768689192,4692.818078308635,3385772110.84,0.8239740627197758,3.3444816053511683,True
600156,华升股份,2025-11-17,10.0327,3.9992,3650.405023,23.113619486522254,5148.541793107354,4057296983.18,0.724467630013859,-6.25,False
600156,华升股份,2025-08-28,10.0115,5.8512,7325.0288,33.240903111262334,4337.884224245709,3844178311.12,0.8831464994555314,-4.906771344455352,False
600156,华升股份,2025-08-25,1.2632,18.5461,-443.43518,-0.6373892251259167,1368.690893676079,3868304953.24,0.4767153698446114,-0.1086956521739068,False
600156,华升股份,2025-08-22,5.2049,21.7089,-5790.393136,-7.329767595824885,1964.24688802521,3820051669.0,0.3134204096106779,0.4366812227074135,True
600156,华升股份,2025-08-20,10.0536,7.1834,4697.438905,20.6791073956194,4288.715166817657,3301328863.42,0.7410874421740143,-2.8888888888888853,False
600156,华升股份,2025-06-25,-8.0444,14.7708,-592.0194,-1.4784383217355106,1529.9306410643371,2665993954.26,0.451682831820827,10.7250755287009,True
600156,华升股份,2025-06-24,-8.2697,24.2916,-2416.1228,-3.2685674582213857,1589.156765808494,2899218161.42,0.3971603202230813,-3.918722786647311,False
600156,华升股份,2025-05-13,-7.1875,15.0854,-1124.843958,-3.0503269884844326,1717.4203004339145,2388537569.88,0.4111945111015122,-0.1721170395869165,False
600156,华升股份,2025-03-26,10.0569,4.6963,3406.0841,32.13600152173324,5082.597061088983,2332242071.6,0.8161376077572424,-2.8619528619528767,False
600162,香江控股,2026-06-22,10.0559,7.6933,2654.688872,2.754290940157783,3244.2642934666005,12877646200.68,0.5424486214903091,-2.2959183673469385,False
600162,香江控股,2026-06-18,10.1538,8.3251,8011.244103,8.640374601533916,2778.8466971457424,11701008476.76,0.6554669174519193,5.94594594594593,True
600162,香江控股,2026-06-12,10.1587,15.8752,6957.625824,4.125302317527968,2899.697796638414,11341480283.34,0.571133314690765,9.090909090909104,True
600162,香江控股,2026-06-12,10.1587,15.8752,6957.625824,4.125302317527968,2899.697796638414,11341480283.34,0.571133314690765,9.090909090909104,True
600162,香江控股,2026-06-11,-4.2553,13.4374,8364.453422,6.104807906794171,2541.24204876547,10295580084.3,0.6201146484601866,10.36789297658862,True
600162,香江控股,2026-06-10,-10.1093,11.0102,-2553.283143,-2.00186202936718,1864.4020549057705,10753161421.38,0.4463135640700536,-6.853582554517123,False
600162,香江控股,2026-06-10,-10.1093,11.0102,-2553.283143,-2.00186202936718,1864.4020549057705,10753161421.38,0.4463135640700536,-6.853582554517123,False
600162,香江控股,2026-06-09,-1.0811,13.4903,-981.1172590000008,-0.6377846545079606,1823.164872905208,11962483526.52,0.4825088596213557,-10.83333333333334,False
600162,香江控股,2026-06-08,7.5581,13.2385,-579.7352449999989,-0.3910071883768172,2028.7644362600715,12093221051.4,0.4903634157473299,-2.7027027027027084,False
600162,香江控股,2026-06-03,4.3614,14.6456,2095.730416,1.3684479114640309,2512.371802208283,10949267708.7,0.527234183854898,-3.703703703703698,False
600162,香江控股,2026-06-01,4.6595,15.3995,2435.074307,1.7165361491767157,1899.2889069470343,9543839316.24,0.5451889163069962,9.278350515463906,True
600162,香江控股,2025-10-15,10.0962,3.5911,5315.83032,20.21077845792108,3722.948083411268,7484723299.38,0.7714351369547211,-5.857740585774063,False
600162,香江控股,2025-09-24,-9.465,10.1431,-4350.702695,-5.836322049218263,2075.33521967495,7190563868.4,0.359388449781805,-4.072398190045245,False
600162,香江控股,2025-09-17,10.084,10.4811,-2627.92215,-2.9630905158533274,3472.711837836175,8563307879.64,0.457337512379092,16.117216117216103,True
600162,香江控股,2025-09-12,10.1124,4.2549,1658.909259,6.286902837381769,3400.566401344602,6406138719.12,0.5924390541954407,13.875598086124397,True
600163,中闽能源,2026-04-01,-9.8425,7.9028,-4226.047338,-4.0071592189416565,1488.50776648593,13073583502.41,0.3653967648283837,-4.470938897168397,False
600169,ST太重,2025-09-26,10.1626,5.3066,2498.939616,5.32565892524046,2726.350411523758,9032813465.0,0.5976701106125231,-0.3731343283582156,False
600169,ST太重,2025-09-12,10.084,4.6023,7092.4702,18.082525064862487,3519.303147929074,8732830730.0,0.7569049085115488,-3.396226415094339,False
600170,上海建工,2026-01-13,10.1449,10.8881,-3218.052407,-1.128207887245254,2353.912145858954,27013256821.76,0.4760354716459997,-0.9868421052631636,False
600170,上海建工,2025-09-23,7.6923,24.2062,23560.641623,3.274966842027065,1918.8816820929464,31100789104.0,0.5853352990074673,-5.074626865671639,False
600170,上海建工,2025-09-22,-6.8768,19.44,-39278.080114,-6.920269018705853,2183.000369515325,28879304168.0,0.3414963846240139,7.028753993610226,True
600170,上海建工,2025-09-19,-10.0515,9.1792,-31792.541024,-11.02359603294548,2363.486451611064,31011929706.56,0.2667937545097566,-0.6349206349206327,False
600170,上海建工,2025-09-17,9.9688,24.6768,30974.579423000003,4.181254340129224,2350.5130507411186,31367367296.32,0.5889434402164002,3.389830508474589,True
600173,卧龙新能,2025-10-20,10.0,13.4189,2038.81378,2.3209229458141114,2267.8791704853884,6934120815.6,0.551169457703458,2.6130653266331905,True
600173,卧龙新能,2025-10-17,-10.0,11.203,-2789.18921,-3.770570519172596,1609.954293578927,6303746196.0,0.3828982122594728,11.17318435754191,True
600173,卧龙新能,2025-09-18,-8.7003,15.7652,-3382.003388,-3.5218157874194223,1610.2784763495108,5953538074.0,0.3906457535406126,-6.62650602409639,False
600173,卧龙新能,2025-09-15,10.0248,16.4025,4089.73378,4.233588684968134,1771.2297846541935,6226700409.16,0.6195098660164716,0.1104972375690627,True
600173,卧龙新能,2025-09-12,-8.286,16.7139,-246.10987900000097,-0.2549975384711119,1318.526628098668,5659363251.52,0.4903302089985539,14.993646759847534,True
600173,卧龙新能,2025-07-14,10.0583,13.2183,-6204.356465,-8.890028259122717,2128.005232567158,5288142642.2,0.2911182706915136,-8.402203856749303,False
600179,安通控股,2025-12-26,10.084,15.4076,-26314.133418,-7.028477717908009,3588.0906100791585,25297924142.25,0.4020582465481139,-12.461538461538456,False
600179,安通控股,2025-12-23,10.0671,4.2521,-3794.793717,-4.705030352201304,4303.451889148135,19002410195.4,0.4453342285054258,22.916666666666675,True
600179,安通控股,2025-08-25,10.1538,3.0474,-4468.996354,-11.03347091680362,4228.047177056635,13404366652.1,0.3695204848153492,1.955307262569828,True
600179,安通控股,2025-05-28,-8.3893,3.1662,-3255.146143,-9.945971639151171,3383.622812584111,10221765631.35,0.353027772449091,1.8382352941176403,True
600179,安通控股,2025-02-24,10.1167,2.1594,1703.8419379999998,7.764486252567646,3202.080321619544,10567889280.85,0.6212412786797387,-1.7543859649122862,False
600184,光电股份,2025-02-21,10.0343,4.2611,4757.648536,17.599486480219145,3688.70983781541,6527401397.58,0.7385588356638294,-2.157164869029282,False
600185,珠免集团,2025-10-22,10.08,1.0207,1670.270672,12.618266383540524,6294.0207049722485,12968839869.6,0.6002401086285921,-7.671232876712319,False
600185,珠免集团,2025-04-10,10.0639,8.2435,-5610.766656,-5.308222603085241,2324.768787560968,12987689927.55,0.3858333217589701,-1.4705882352941124,False
600189,泉阳泉,2026-01-19,10.0407,4.586,2683.10119,10.192252788178765,3108.5441695861264,5800254255.32,0.6639393270956122,-1.3381995133820102,False
600192,长城电工,2025-08-04,10.0304,9.9,10428.5166,22.44544384043096,3267.257518512215,4797383280.0,0.8434905836662022,-1.6843971631205656,False
600192,长城电工,2025-07-28,10.0535,9.1612,9593.187158,23.47603812444979,3634.538119698632,4545586920.0,0.8229576544707746,-5.844155844155841,False
600192,长城电工,2025-07-10,-10.0,19.9793,-804.558704,-0.8690476980917818,1362.3007276850672,4532334480.0,0.4681036763604854,-1.0000000000000009,False
600192,长城电工,2025-07-08,1.3913,35.1623,-1516.661147,-0.821585874031981,1268.60477556642,5150781680.0,0.467618525097182,-2.2381378692927445,False
600192,长城电工,2025-07-07,10.0478,27.4761,1354.013406,1.01457436861506,1543.3965824047095,5080102000.0,0.5328682329668726,-5.579036348267119,False
600192,长城电工,2025-07-07,10.0478,27.4761,1354.013406,1.01457436861506,1543.3965824047095,5080102000.0,0.5328682329668726,-5.579036348267119,False
600192,长城电工,2025-07-07,10.0478,27.4761,1354.013406,1.01457436861506,1543.3965824047095,5080102000.0,0.5328682329668726,-5.579036348267119,False
600192,长城电工,2025-07-03,-3.4783,35.0356,-9667.818234,-5.706913473804448,2010.0166605043175,4413062520.0,0.3580381549580647,4.1536863966770365,True
600192,长城电工,2025-07-01,10.0585,7.9566,-2552.198755,-7.785457276685983,2558.22312100374,4156848680.0,0.3478346706202996,10.582524271844653,True
600192,长城电工,2025-06-30,10.0386,7.4626,3392.857375,12.264398918320577,2660.6097057072266,3776945400.0,0.7304809850917334,13.938053097345149,True
600192,长城电工,2025-06-03,-10.0,18.0187,-5339.220502,-7.970115462842661,2271.6341324186305,3697430760.0,0.3245730826742596,-4.679802955665013,False
600192,长城电工,2025-05-27,10.068,12.0724,-2790.724777,-6.507053105415316,1978.3262748433112,3573741320.0,0.3355414577423359,13.749999999999996,True
600192,长城电工,2025-02-21,10.0885,2.3255,2180.01294,34.605748021900354,5993.740524053956,2747672560.0,0.7886824002725952,-6.323529411764706,False
600193,退市创兴,2026-06-22,0.0,3.8026,-51.66454,-21.413551522918485,9446.6140258457,63805950.0,0.3866601754642904,0.0,False
600193,退市创兴,2026-06-18,-6.25,2.3645,35.423605,23.079477318023294,10747.466043979455,63805950.0,0.6073717154517181,-6.25,False
600193,退市创兴,2026-06-17,0.0,1.899,25.278704,20.18625651116011,12407.637631730462,68059680.0,0.5813460914571568,6.666666666666665,True
600193,退市创兴,2026-06-16,0.0,3.1667,-2.5882,-1.2413417349239952,10096.115015717009,68059680.0,0.4938523791924342,-6.25,False
600193,退市创兴,2026-06-15,0.0,7.7714,29.687988,5.579500776559772,5586.5885195448,68059680.0,0.5499365646587338,6.666666666666665,True
600193,退市创兴,2026-06-12,0.0,4.5924,-29.5859,-9.372565654274515,7004.551345429915,68059680.0,0.4330966025369376,-6.25,False
600193,退市创兴,2026-06-11,6.6667,5.2917,-42.116936,-11.864931646317052,8000.558244515943,68059680.0,0.4258493514846294,0.0,False
600193,退市创兴,2026-06-10,-11.7647,15.5134,-41.672677,-4.115251741043558,4714.825814667762,63805950.0,0.4563583905025605,0.0,False
600193,退市创兴,2026-06-10,-11.7647,15.5134,-41.672677,-4.115251741043558,4714.825814667762,63805950.0,0.4563583905025605,0.0,False
600193,退市创兴,2026-06-09,-10.5263,8.1473,-100.792174,-16.84218499535551,4497.519578471544,72313410.0,0.3127614043530275,0.0,False
600193,退市创兴,2026-06-09,-10.5263,8.1473,-100.792174,-16.84218499535551,4497.519578471544,72313410.0,0.3127614043530275,0.0,False
600193,退市创兴,2026-06-08,-91.2442,23.2258,20.566576,1.0614154000630764,3121.285066278803,80820870.0,0.5170028590392177,-11.111111111111104,False
600193,退市创兴,2026-06-08,-91.2442,23.2258,20.566576,1.0614154000630764,3121.285066278803,80820870.0,0.5170028590392177,-11.111111111111104,False
600193,退市创兴,2025-04-16,-8.1152,5.3154,-415.4716,-5.036047534762589,3767.3539000017927,1493059230.0,0.4331620061661821,0.2762430939226457,True
600193,退市创兴,2025-04-08,10.1818,5.1441,63.722418000000005,0.9914334809318264,4356.6458265050405,1288880190.0,0.5113784034830204,8.52459016393443,True
600193,退市创兴,2025-02-05,10.1449,3.4312,638.0417,15.136208552124833,4806.557782127664,1293133920.0,0.6574537250795792,2.208201892744488,True
600193,退市创兴,2025-02-05,10.1449,3.4312,638.0417,15.136208552124833,4806.557782127664,1293133920.0,0.6574537250795792,2.208201892744488,True
600198,大唐电信,2026-06-03,10.0621,2.4561,8327.141912000001,30.06381616603456,4571.375401637273,11535275263.44,0.8288268138651113,0.7891770011273946,True
600198,大唐电信,2026-01-16,9.9728,9.3855,26689.261077000003,19.12007217878788,3695.9798162987454,15792651122.52,0.7586603976362517,-7.731092436974785,False
600198,大唐电信,2026-01-07,10.041,4.7146,11271.85634,17.52959680446183,3207.353189147535,13982940894.96,0.7732720060855057,-4.799999999999994,False
600198,大唐电信,2025-02-21,10.0327,5.2997,-6191.1707,-9.170729973593232,4338.086233674351,13136673522.36,0.3942998193257947,-4.195121951219505,False
600207,安彩高科,2026-05-07,10.0707,2.5957,2798.1749,16.1294106353176,3890.244514997206,6786417211.42,0.7073058720748454,1.587301587301604,True
600207,安彩高科,2026-04-07,-10.0156,7.098,1730.970352,3.792378259609599,1670.7422039006638,6263547185.5,0.6134938188176361,-1.3675213675213738,False
600207,安彩高科,2026-03-31,4.0373,10.3567,595.06936,0.7860262544014782,1603.8499984331504,7298394111.8,0.5245043568653356,2.5373134328358304,True
600207,安彩高科,2026-03-26,10.0334,8.455,3511.665108,6.052594610403348,2196.177691561981,7167676605.32,0.6377983811068261,3.124999999999978,True
600207,安彩高科,2025-05-20,10.0656,0.821,2505.8957,55.70227420112257,9986.471074934592,5479242146.62,0.7788886774074364,-12.86231884057971,False
600208,衢州发展,2026-05-21,-10.1124,6.1472,-4080.033049,-2.405366285441582,2254.234216073462,27225524278.4,0.4466478179531989,1.2820512820512775,True
600208,衢州发展,2026-05-20,-10.101,4.0735,7230.420231999999,5.855534496157889,1834.533708310334,30288395759.72,0.6595919025535657,-6.3063063063063085,False
600208,衢州发展,2026-05-19,-10.0,0.1375,79.794,1.7230321946214031,8216.939586985334,33691586294.52,0.5104846346768235,-6.4606741573033695,False
600208,衢州发展,2026-05-18,-10.0204,0.1857,-1324.4044,-19.048405571481908,7102.316810003859,37435095882.8,0.3659000571148025,-10.1010101010101,False
600208,衢州发展,2026-04-17,10.1538,1.8732,3404.1149920000003,6.150756260167016,4032.7274146872674,30458555286.46,0.5762605009920314,3.631284916201105,True
600208,衢州发展,2025-08-18,-2.5547,10.6912,-42461.762282,-8.488045231799303,2795.362295824433,45432593639.58,0.3481762946348976,7.279693486590033,True
600208,衢州发展,2025-03-17,10.1695,4.6783,9176.386621,7.127661273164156,2034.572637890356,27650249851.25,0.6751635980063806,-0.3095975232198067,False
600218,全柴动力,2025-11-06,10.0406,7.1332,9050.3383,27.28797038541548,4273.492062217093,4726259121.15,0.8192701658050869,-5.305039787798405,False
600218,全柴动力,2025-08-20,10.0402,5.9307,-1805.800248,-6.404889166401732,2582.8750716395693,4774175112.24,0.3760124088708633,-6.766917293233088,False
600218,全柴动力,2025-08-19,10.0552,3.8655,4035.156712,24.7263153633068,3946.345550544898,4338575193.24,0.8132811742739137,-1.935483870967736,False
600221,海航控股,2025-07-24,10.1351,2.8726,11624.351617,7.808019788443348,2611.244172883975,53693666316.282,0.6495076536603589,-5.917159763313606,False
600231,凌钢股份,2025-07-04,10.1604,4.5379,540.3236019999999,2.07300562895236,3339.2968830125,5807521378.1,0.5310395526599934,-2.0000000000000018,False
600232,金鹰股份,2026-02-02,10.0354,4.2979,4078.0808,28.440916383877056,5010.563903363252,3399176830.08,0.7838095365352651,3.04347826086957,True
600232,金鹰股份,2025-12-15,9.9573,13.973,393.2413,1.0593472867978908,2674.6243398679167,2819274345.12,0.5198036649672119,-1.9736842105263053,False
600232,金鹰股份,2025-08-22,-9.6178,13.6853,-4347.4624,-11.786813499577706,2301.4017059488065,2673386927.52,0.2439209880415397,-0.1388888888888884,False
600232,金鹰股份,2025-06-16,-9.9548,23.3811,-956.133102,-1.3470938666974237,1403.9144933248026,2903159610.24,0.4520236498340014,-2.3809523809523725,False
600232,金鹰股份,2025-06-13,7.3229,28.8781,1205.747701,1.3379634569441927,1214.956718810889,3260583783.36,0.5550621860116011,-11.058823529411764,False
600232,金鹰股份,2025-06-12,-1.6529,31.5643,142.97503999999998,0.1467538125785602,1049.1171814018294,3038105471.52,0.5069941573343821,3.15533980582523,True
600232,金鹰股份,2025-06-12,-1.6529,31.5643,142.97503999999998,0.1467538125785602,1049.1171814018294,3038105471.52,0.5069941573343821,3.15533980582523,True
600232,金鹰股份,2025-06-11,10.0,31.8022,-2415.346167,-2.764193102662866,1364.917798716558,3089166067.68,0.3987414075315723,4.171934260429833,True
600232,金鹰股份,2025-06-11,10.0,31.8022,-2415.346167,-2.764193102662866,1364.917798716558,3089166067.68,0.3987414075315723,4.171934260429833,True
600234,科新发展,2026-04-22,10.0226,5.3216,1617.805449,5.063044832550793,5158.566359150373,6397636112.01,0.5490741465753354,-6.33971291866029,False
600234,科新发展,2025-12-18,-7.8928,6.3846,-2385.119106,-10.649044228366504,4565.487474657099,3339266776.56,0.3833745105262136,5.615384615384622,True
600234,科新发展,2025-12-18,-7.8928,6.3846,-2385.119106,-10.649044228366504,4565.487474657099,3339266776.56,0.3833745105262136,5.615384615384622,True
600234,科新发展,2025-12-17,10.0398,3.4085,1482.343991,12.386864509012945,4260.551954602666,3625414637.13,0.6453668989487551,-10.034602076124566,False
600234,科新发展,2025-12-03,-10.0,3.0254,-1359.2084,-14.078311428429558,5023.011040116248,3071495384.1,0.3598618307227159,-1.9708654670094303,False
600234,科新发展,2025-10-14,4.8035,9.3713,-1420.43424,-4.848541482327656,3684.621336468038,3150251676.0,0.4342057020304926,5.699481865284972,True
600234,科新发展,2025-08-28,-10.0198,6.6289,-1276.819122,-7.7833315465303645,6265.943364516932,2381065225.11,0.4378917818615616,-7.486631016042777,False
600234,科新发展,2025-05-22,-6.2016,6.0528,-1791.230711,-14.526093796230832,3510.238359040168,1905902263.98,0.2930896379326956,-6.216216216216219,False
600237,铜峰电子,2025-12-12,10.0367,14.2434,3617.750764,4.756492959273699,3040.7338166561995,5588868633.45,0.5782129125084724,0.111982082866735,True
600237,铜峰电子,2025-01-07,10.0826,3.5132,763.2406,5.587884009224994,2680.0318149810623,4025864625.48,0.6042503297533518,1.210287443267788,True
600239,ST云城,2025-09-24,10.1563,4.9421,235.1743,1.079692755462023,3253.6329858345957,4528037083.38,0.5165921104218377,-4.59363957597173,False
600239,ST云城,2025-04-11,10.2128,4.8037,2675.055249,13.83286020585084,2967.7099056467423,4158729094.31,0.7330561383296036,2.35294117647058,True
600239,ST云城,2025-03-28,10.0806,4.7968,4620.4809,22.9348919481424,3950.478923523998,4383525261.57,0.7902798925412754,-2.517985611510787,False
600241,时代万恒,2025-01-09,10.0464,3.1179,1130.6064,17.507530510524035,8743.936565307993,2095431058.8,0.6001124057783427,-5.571428571428571,False
600246,万通发展,2026-05-19,10.0395,7.9675,10940.640995,5.466527776796237,3115.621083217495,26314541665.92,0.58772773759688,3.302881236823607,True
600246,万通发展,2026-03-03,-10.0247,5.2722,-26007.28066,-22.947285516122804,3278.976867294672,20700016612.2,0.1500846690166569,2.5998142989786643,True
600246,万通发展,2026-01-21,10.0321,8.8164,18243.155578,8.283900756473118,2740.018100280043,25917555045.96,0.651165073610763,-2.294853963838661,False
600246,万通发展,2025-11-28,-7.3835,18.6879,-13111.951709,-2.783922302050917,2821.3584915226293,24424129189.92,0.4506634426214214,1.6417910447761086,True
600246,万通发展,2025-09-04,-10.0067,14.7132,-28048.578294,-7.38005955714724,2101.916997673151,25501664301.24,0.3244445531075428,0.7936507936507908,True
600246,万通发展,2025-09-02,6.4227,29.5073,-15783.626887,-1.9903560820712451,2492.039364045881,26938377783.0,0.4600657174443693,-2.505077860528093,False
600246,万通发展,2025-08-29,-9.9852,26.4395,-40075.400778,-6.222570528830111,2263.3492529110963,23006319832.92,0.3625362276540683,7.301587301587298,True
600246,万通发展,2025-08-29,-9.9852,26.4395,-40075.400778,-6.222570528830111,2263.3492529110963,23006319832.92,0.3625362276540683,7.301587301587298,True
600246,万通发展,2025-08-27,-10.0293,25.8174,4114.41926899999,0.6427526433846078,2487.9430929214677,23233169330.04,0.51291735018404,10.155038759689926,True
600246,万通发展,2025-08-27,-10.0293,25.8174,4114.41926899999,0.6427526433846078,2487.9430929214677,23233169330.04,0.51291735018404,10.155038759689926,True
600246,万通发展,2025-08-26,6.9695,33.4847,-71720.85930499999,-8.757945818722272,3004.937241824457,25823034422.16,0.3542740644159867,-5.563689604685207,False
600246,万通发展,2025-08-26,6.9695,33.4847,-71720.85930499999,-8.757945818722272,3004.937241824457,25823034422.16,0.3542740644159867,-5.563689604685207,False
600246,万通发展,2025-08-18,-9.9624,21.4805,-28329.781366000003,-7.173490304854532,2592.7407553035696,18110151520.08,0.3616620213536423,4.408352668213467,True
600246,万通发展,2025-05-13,-9.1354,6.1834,-9187.45462,-13.477040173586602,3127.9358632008016,10677222543.32,0.2845697488215821,-0.3577817531305816,False
600246,万通发展,2025-03-03,-10.0559,6.6716,-928.589952,-1.054068748658257,2029.9338771977527,12517067849.44,0.4740368698582104,4.746835443037978,True
600246,万通发展,2025-02-25,10.0478,4.8657,-1845.09603,-2.9358931030540125,3145.709159209324,13411144124.4,0.4533349563728907,-1.8571428571428568,False
600248,陕建股份,2026-04-28,10.119,2.6209,5802.9089460000005,16.515069805070198,4535.484796780216,13711235358.2,0.6820650993780688,-1.939058171745145,False
600249,两面针,2025-04-18,-10.0279,20.6163,-807.478595,-1.0786952041740678,1362.0569422531808,3553000000.0,0.4604019784081258,1.013513513513531,True
600249,两面针,2025-04-17,-2.4457,31.0585,-5778.431047,-4.53058755449205,1850.664029605609,3949000000.0,0.3775956229219639,-13.702623906705549,False
600249,两面针,2025-04-16,10.0149,29.3574,3529.752966,3.1896407729682066,2207.404620106852,4048000000.0,0.5722486657841146,-4.189944134078205,False
600252,中恒集团,2025-11-26,10.0746,4.0558,4669.670704,12.47387071781522,3009.8473665143542,9393281056.5,0.7072176625398279,-3.3898305084745783,False
600266,城建发展,2026-02-03,10.0917,2.6388,1911.225424,5.817133163220975,3456.382720779128,12454461042.0,0.5841505937442845,-3.883495145631055,False
600266,城建发展,2026-01-19,-5.6851,17.7395,-1949.371198,-0.802557376201104,2502.740235017978,13430060490.29,0.4839664267794986,-2.7355623100303927,False
600266,城建发展,2026-01-14,-0.3106,19.4336,25158.814694,9.882528545290407,2183.813760330154,13326273314.94,0.7262676590103625,-3.846153846153844,False
600266,城建发展,2026-01-08,0.0,24.6985,2585.694735,0.7303736712636443,1790.6416587474098,14011268672.25,0.520394188521632,-3.7868162692847096,False
600266,城建发展,2026-01-05,10.0592,7.4225,-2820.765762,-3.314166771086471,2923.8675717561387,11582648769.06,0.4433256348013067,15.384615384615396,True
600267,海正药业,2026-04-15,10.0483,4.1154,7923.2923,14.447029959580515,3781.7021839712,13653890022.44,0.6910122645407465,-3.849443969204447,False
600278,东方创业,2025-04-22,10.0775,4.2314,1953.132226,7.6356316000640465,2770.4555723193603,6190600454.7,0.6378046209503312,-2.758620689655178,False
600300,维维股份,2025-04-08,10.119,12.2251,5212.914576,7.365440873557806,2613.546334202465,5983426066.0,0.640908940032345,-1.1428571428571457,False
600300,维维股份,2025-03-14,10.0946,9.0377,6130.888568,12.387062637443004,2555.474308067087,5643826208.2,0.7423632786747199,-0.2941176470588225,False
600303,曙光股份,2026-06-05,10.1587,11.7562,945.82994,3.606333037379107,2685.834473691705,2350967372.17,0.5671361744869959,3.647416413373872,True
600303,曙光股份,2026-05-25,-2.611,28.2963,98.1630790000007,0.134936956801538,2003.594903732312,2520003707.03,0.5033673712323329,0.0,False
600303,曙光股份,2026-05-22,10.0575,4.8967,958.5955,7.670393375642427,3102.4197484126366,2587564128.13,0.6236195292330609,-8.499999999999996,False
600303,曙光股份,2026-05-21,10.1266,13.7908,1575.40794,4.92871664392692,3026.1457307858686,2351102654.28,0.581435546771354,9.589041095890405,True
600303,曙光股份,2025-05-06,10.1299,6.6513,-1730.9824,-9.254329645524775,6283.676198416598,2864561854.64,0.4263621377573788,-1.869158878504673,False
600303,曙光股份,2025-04-23,6.4286,13.6663,1701.7867600000002,4.309374635314309,2700.813473593284,3019950823.17,0.5797791975908081,3.4168564920273425,True
600307,酒钢宏兴,2026-03-17,10.0,3.2098,21852.4761,50.25801103107569,5025.801103107569,13779386332.8,,5.726872246696035,True
600307,酒钢宏兴,2026-03-16,-9.9099,8.3386,-4092.359812,-3.794528633199533,1977.096622971912,12526714848.0,0.4040378555830086,11.274509803921571,True
600307,酒钢宏兴,2026-01-23,10.1064,3.8002,6245.836206,13.19972186023829,3146.9630806820023,12965149867.68,0.7097215874769284,-1.456310679611661,False
600307,酒钢宏兴,2025-07-24,4.8649,6.8786,-6390.371454,-7.868921027714097,2211.705258006252,12150913402.56,0.3221073762150486,-3.208556149732622,False
600307,酒钢宏兴,2025-07-23,10.119,1.2065,1893.6415,13.545525171878332,3927.0364416713833,11587211234.4,0.672464979292543,3.888888888888897,True
600308,华泰股份,2026-04-21,10.1064,3.231,1801.505692,9.145843520945004,4938.341985194431,6279842528.64,0.5926003459092649,-3.3816425120772875,False
600308,华泰股份,2025-04-22,10.137,2.1458,5555.7244200000005,42.45984773644693,6039.569634493828,6097818107.52,0.8515138520296693,-4.282115869017645,False
600319,亚星化学,2026-03-06,10.0621,3.0831,742.3535,7.237468655332532,4414.093821329945,3435105142.24,0.5819813641064829,-4.859611231101502,False
600319,亚星化学,2026-01-12,-6.9274,4.9367,-1074.7961,-6.694184798861253,3773.5769228215618,3229619168.72,0.4113018637784134,-6.385542168674707,False
600319,亚星化学,2025-11-28,10.0451,8.9801,-467.76818,-1.415373806103328,3212.7375351247183,3780166494.0,0.4779724644383628,-1.4000000000000012,False
600319,亚星化学,2025-07-04,-9.2414,16.4484,-661.122,-1.885040822962903,1591.802042936465,2076608520.0,0.4407890939916911,2.515723270440229,True
600319,亚星化学,2025-07-03,-8.2278,22.01,-1074.28574,-1.975885613600892,1628.0595045253274,2288056500.0,0.439317770385273,-7.826086956521738,False
600319,亚星化学,2025-07-03,-8.2278,22.01,-1074.28574,-1.975885613600892,1628.0595045253274,2288056500.0,0.439317770385273,-7.826086956521738,False
600319,亚星化学,2025-07-01,9.9541,12.7781,1385.37965,5.198975412275349,3115.237590661984,2265964920.0,0.583444284119122,1.412066752246477,True
600319,亚星化学,2025-03-27,10.0917,7.8119,-1058.47,-7.275409593284003,3279.604142164446,1893564000.0,0.389080979320839,-2.2184300341296925,False
600320,振华重工,2025-03-26,4.4693,15.1944,3507.856608,1.2847237434660652,1709.98884451261,19132727617.41,0.5375652668024347,-9.6045197740113,False
600320,振华重工,2025-03-20,10.0985,4.2826,6024.403699,9.793116062004028,3757.172471670389,15345650283.87,0.6303256123567058,11.530398322851166,True
600337,ST美克,2026-02-25,10.0386,5.8421,2029.86624,8.801745042294218,4630.824824773244,4095444690.45,0.5950343121943207,-2.1052631578947434,False
600337,ST美克,2026-01-09,-10.0703,5.3274,-600.487433,-1.95052026791322,2954.1103894468174,5518072846.08,0.4669863341112573,-1.0928961748633892,False
600337,ST美克,2026-01-08,10.0515,0.5899,1816.1591,50.17508770408884,13091.671662324938,6135982044.99,0.6916297971651784,-14.28571428571428,False
600337,ST美克,2025-11-28,10.0402,15.0065,8722.914289,15.857178916017212,3205.300074445851,3937374895.38,0.7473587269166786,3.773584905660377,True
600337,ST美克,2025-11-27,-6.0377,17.9976,-5931.93833,-8.431718615898816,2306.5050529717,3578125361.13,0.3172187265526388,8.606557377049185,True
600337,ST美克,2025-09-19,-10.0,15.5359,-4560.910872,-7.978700368795821,1975.3358196261229,3491905472.91,0.2980419255925311,-3.0042918454935785,False
600337,ST美克,2025-09-18,10.2041,12.2082,1542.442956,3.3313412277528696,2723.608649355077,3879894969.9,0.5611567529817784,-14.963503649635046,False
600337,ST美克,2025-04-11,10.1604,2.0731,662.5166,10.795674212477332,4398.596939710807,2960216162.22,0.6227172478002396,-10.909090909090914,False
600339,中油工程,2026-04-02,10.1235,3.8536,14831.904016,15.959407629611189,3263.734122605465,24900837720.66,0.7444961358689148,0.0,False
600339,中油工程,2026-03-05,-8.0153,6.0461,-9171.710091,-5.574168105265227,2138.336024836478,26910770810.22,0.3696610813145821,8.026030368763548,True
600339,中油工程,2026-03-04,2.1442,9.2889,-5283.247944,-2.0035629588321657,1896.37707202972,29255692748.04,0.4471739300062375,-6.490872210953336,False
600339,中油工程,2026-03-03,10.0858,2.1352,1985.255616,3.28418003117786,2064.868788937916,28641546526.23,0.5795251506723366,-9.208103130755063,False
600339,中油工程,2026-02-24,10.1299,1.7972,6571.294121,15.632408682498712,4168.422359908665,23672545277.04,0.6875098938251694,0.4716981132075304,True
600340,*ST华幸,2026-04-03,5.303,5.5634,1405.91878,4.874022518723282,1819.230851246976,5411763536.18,0.6339583295705001,-0.7407407407407418,False
600340,*ST华幸,2026-01-19,8.8608,17.8426,13131.477648,12.049422848042274,2646.9428768754174,6696570706.64,0.727610179148747,-0.6410256410256387,False
600340,*ST华幸,2026-01-16,-10.2273,0.7368,47.9846,1.0586566180853547,2501.35077194438,6151500997.96,0.5211616985102498,9.859154929577477,True
600340,*ST华幸,2026-01-15,-10.2041,0.7276,-392.895536,-7.880849666741979,2351.432232828739,6852304909.12,0.3324244782240348,-10.126582278481022,False
600340,*ST华幸,2026-01-14,-10.0917,2.583,-104.85216,-0.531952870423496,1492.6182291506118,7630975921.52,0.4821805448963929,-10.227272727272718,False
600340,*ST华幸,2025-12-02,10.1695,10.8816,8061.083790000001,7.627769704899562,2212.8967946840025,10122723161.2,0.672348067095212,0.3731343283581934,True
600340,*ST华幸,2025-11-25,-1.5748,16.3009,2627.686654,1.6785114359397606,1922.3620162276245,9733387655.0,0.543657527088306,-3.70370370370372,False
600340,*ST华幸,2025-11-19,3.9275,28.8707,4843.0745640000005,1.276668050874601,1611.4486175551615,13393141413.28,0.5396124343328899,-16.76470588235294,False
600340,*ST华幸,2025-11-19,3.9275,28.8707,4843.0745640000005,1.276668050874601,1611.4486175551615,13393141413.28,0.5396124343328899,-16.76470588235294,False
600340,*ST华幸,2025-11-18,9.9668,28.8876,7516.980518,2.169089390791556,1424.9623061597022,12887005255.22,0.5761104129356689,9.324758842443725,True
600340,*ST华幸,2025-11-18,9.9668,28.8876,7516.980518,2.169089390791556,1424.9623061597022,12887005255.22,0.5761104129356689,9.324758842443725,True
600340,*ST华幸,2025-07-10,10.2222,8.7204,2233.546576,2.782393373914512,3324.530898446369,9655520553.76,0.541846405687112,-6.425702811244982,False
600340,*ST华幸,2025-05-21,-10.1351,9.0293,-6445.497281,-6.697505854106287,2675.144497775603,10356324464.92,0.3748197366595469,-2.7131782945736598,False
600340,*ST华幸,2025-02-13,10.1167,9.2537,6571.87262,6.69499261019246,2684.102313132385,11018194825.46,0.6247156745373709,-5.98591549295775,False
600348,华阳股份,2025-03-25,10.0592,3.7324,15851.331786,16.40473166143332,3926.1088298973887,26839800000.0,0.7089184530050593,-2.812939521800284,False
600358,国旅联合,2025-01-21,-5.0228,29.0651,-86.7126420000002,-0.1440250295550423,2894.0874625279757,2100536505.6,0.4975117367491507,1.58311345646438,True
600358,国旅联合,2025-01-20,-7.9832,29.8325,-1058.40126,-1.4026792793641998,2326.634542743023,2211622570.8,0.469856046284981,-6.8796068796068806,False
600358,国旅联合,2025-01-20,-7.9832,29.8325,-1058.40126,-1.4026792793641998,2326.634542743023,2211622570.8,0.469856046284981,-6.8796068796068806,False
600370,*ST三房,2026-05-20,-5.2288,3.6743,0.01,3.672897615040663e-05,20000.003672897616,5832830801.4,0.5000000918224236,-5.072463768115931,False
600370,*ST三房,2026-03-20,-10.0304,9.8351,-212.105855,-0.1793825572314842,1583.86455196499,11534174922.32,0.4943371875767742,-3.272727272727272,False
600370,*ST三房,2026-03-19,-9.3664,13.5793,-4728.856001,-2.5196405439437557,1599.8182355671772,12820079558.93,0.4212522870433941,-16.413373860182368,False
600370,*ST三房,2026-03-19,-9.3664,13.5793,-4728.856001,-2.5196405439437557,1599.8182355671772,12820079558.93,0.4212522870433941,-16.413373860182368,False
600370,*ST三房,2026-03-13,10.0806,7.0243,-3828.8492,-5.393053090356201,2786.0317088572574,10637938357.41,0.4032126398057353,-0.3355704697986517,False
600370,*ST三房,2026-03-12,10.2222,2.6778,5458.356,21.09390477387078,4230.904714759137,9663768178.16,0.749283618941908,20.161290322580648,True
600370,*ST三房,2026-02-26,-9.1954,3.6746,-6734.425,-19.405287991656216,3452.88068995847,9235133299.29,0.2189985734507145,-2.564102564102566,False
600370,*ST三房,2026-01-06,10.0402,5.2741,-827.2128070000009,-1.537988177211291,2663.005865939625,10676893374.36,0.4711230794328607,-5.925925925925935,False
600370,*ST三房,2026-01-05,10.177,2.0616,4362.305112,22.07056312457488,3953.239194242595,9702724270.86,0.779145303890515,5.882352941176494,True
600370,*ST三房,2025-11-06,10.2128,1.6188,3526.04275,22.139845157583554,5486.208619712044,10092387625.81,0.7017772809261636,-3.076923076923077,False
600370,*ST三房,2025-05-14,10.0529,1.0597,2748.4948,32.61890458805788,5510.87306393054,8104980884.0,0.7959504257279425,-3.669724770642202,False
600370,*ST三房,2025-04-21,10.1796,2.0398,2172.7733,15.364031830580844,3698.666917683487,7169784689.76,0.7076968833977012,7.526881720430101,True
600370,*ST三房,2025-03-28,-5.1643,4.3781,-1840.082366,-4.950611989052383,1749.2495931895626,7870971999.84,0.358493264531064,7.070707070707072,True
600370,*ST三房,2025-03-26,10.2273,1.5416,3566.3336,31.17733060239869,5435.188309766009,7559250336.48,0.7868100314609054,11.794871794871796,True
600376,首开股份,2025-12-26,4.5608,12.9558,928.5819809999988,0.4726225726223277,1352.9734035622234,15967508847.98,0.5174660703373017,0.996677740863805,True
600376,首开股份,2025-12-25,10.0372,12.1389,8292.886999,4.560782004548971,1591.1533606284245,15271026232.64,0.6433168579912277,1.6891891891891886,True
600376,首开股份,2025-11-19,-10.0413,18.6654,-26389.297618,-7.594439268143621,2163.14074143018,16870356682.68,0.3244580409704989,-5.466237942122188,False
600376,首开股份,2025-11-19,-10.0413,18.6654,-26389.297618,-7.594439268143621,2163.14074143018,16870356682.68,0.3244580409704989,-5.466237942122188,False
600376,首开股份,2025-11-12,10.0539,8.5767,12240.753704,9.247138106901636,2963.700868878306,15812734933.46,0.6560066031630492,-3.166666666666673,False
600376,首开股份,2025-10-29,-8.5754,12.2793,-22627.081843,-10.46045519311222,2382.522408805622,17050926249.62,0.2804751981670524,-2.627511591962905,False
600376,首开股份,2025-10-27,10.08,6.822,13516.029146,11.319482673019822,2327.476528044708,17747408864.96,0.7431707159369125,1.1428571428571344,True
600376,首开股份,2025-10-13,-9.9723,9.606,-4522.363472999999,-2.7942080442215635,1478.4707959183936,16767174073.0,0.4055034413958153,-5.079365079365072,False
600376,首开股份,2025-09-23,-4.1302,17.8105,2079.217748,0.5905399208091476,1263.2643050299382,19759469753.72,0.5233735695078929,-6.799999999999995,False
600376,首开股份,2025-09-22,10.0551,17.5232,-8278.36038,-2.443305867630045,1538.2768777678252,20610726283.58,0.4205830269263523,-0.6622516556291314,False
600376,首开股份,2025-09-22,10.0551,17.5232,-8278.36038,-2.443305867630045,1538.2768777678252,20610726283.58,0.4205830269263523,-0.6622516556291314,False
600376,首开股份,2025-09-19,-10.0372,17.4894,4181.013949,1.1954822853429805,1578.3008976515423,18727643656.92,0.537872445207432,7.092198581560294,True
600376,首开股份,2025-09-19,-10.0372,17.4894,4181.013949,1.1954822853429805,1578.3008976515423,18727643656.92,0.537872445207432,7.092198581560294,True
600376,首开股份,2025-09-18,9.9455,9.8945,-0.01,-5.523992566827218e-07,20000.000055239925,20817091502.94,0.4999999986190018,-16.270783847980997,False
600376,首开股份,2025-09-16,10.066,8.6287,5210.379797,3.596534196709205,1515.8046938929172,17205700164.14,0.6186344854056535,12.9737609329446,True
600376,首开股份,2025-09-16,10.066,8.6287,0.01,7.440987260069923e-07,20000.000074409872,17205700164.14,0.5000000018602468,12.9737609329446,True
600376,首开股份,2025-09-12,9.98,11.6435,0.0,0.0,20000.0,14213404483.42,0.5,2.4958402662229595,True
600376,首开股份,2025-09-10,10.1176,7.7046,-5260.993994,-5.78653427589078,2572.304568240629,12072365332.56,0.387522372985393,5.042016806722693,True
600376,首开股份,2025-09-09,10.1036,6.8297,-1108.264997,-1.4959584830832866,2986.0589706912565,10963152278.5,0.4749509554605852,8.675799086757996,True
600376,首开股份,2025-09-05,10.0313,17.6402,-17938.17653,-11.558584470986458,2645.548616614142,9054273999.42,0.2815465495814719,22.55192878338279,True
600376,首开股份,2025-07-21,10.1563,3.2399,-7796.45625,-33.11410770585262,5457.945492815271,7274373982.44,0.1966431072878671,0.0,False
600376,首开股份,2025-02-19,10.1266,2.5169,1340.194801,8.184796448935149,4970.111478984593,6732665281.62,0.5823401696676562,7.194244604316546,True
600379,宝光股份,2026-05-19,-10.006,20.7537,-860.914289,-0.8226456837943135,1126.4199072211727,4989345632.04,0.46348405783134,-4.016337644656232,False
600379,宝光股份,2026-05-18,-10.0214,14.4021,-6614.918669,-8.206660068025574,1807.6192488148092,5544084259.56,0.2729981003077284,-5.651894669235713,False
600379,宝光股份,2026-05-14,0.1586,34.0517,-16351.668552,-7.241263005492485,2180.016828217964,6254017622.16,0.3339172681659574,-6.289978678038399,False
600379,宝光股份,2026-05-12,-6.7282,26.282,-15451.330379,-10.044772025439864,2029.054863870314,5676164885.16,0.2524765790147241,15.361803084223013,True
600379,宝光股份,2026-05-11,10.0299,28.7356,7397.402755,4.338588993474198,2436.688413145291,6085614824.52,0.589026339397123,-7.7175697865353055,False
600379,宝光股份,2026-05-11,10.0299,28.7356,7397.402755,4.338588993474198,2436.688413145291,6085614824.52,0.589026339397123,-7.7175697865353055,False
600379,宝光股份,2026-05-07,-3.3044,33.3264,-16878.097855,-8.266213030972992,2074.74859719718,5894097917.4,0.300790007952289,-2.9043280182232234,False
600379,宝光股份,2026-05-07,-3.3044,33.3264,-16878.097855,-8.266213030972992,2074.74859719718,5894097917.4,0.300790007952289,-2.9043280182232234,False
600379,宝光股份,2025-05-23,-9.129,16.6383,-2020.24654,-3.1521906053699387,1380.3130562444992,3582686969.4,0.3858160983441578,1.0546500479386325,True
600379,宝光股份,2025-05-22,10.0461,5.1911,1153.530782,5.641573900873076,3407.3876148137856,3942606674.16,0.582784445719443,-18.13186813186813,False
600395,盘江股份,2026-05-25,10.0971,1.7859,3775.4558,17.573352499861354,5362.003686327882,12171363148.98,0.6638692691005618,-4.62633451957295,False
600395,盘江股份,2026-01-30,10.0604,1.4417,6106.9268,36.075657260631154,6576.559617737824,11742038170.18,0.7742745398622289,0.1834862385321045,True
600397,江钨装备,2026-03-13,-9.9831,9.3601,-4967.111926,-3.280158168079746,2809.303186415958,15799759716.72,0.441619719367768,7.647058823529407,True
600397,江钨装备,2026-03-02,-0.1393,17.5771,-18579.579642,-5.110113661527039,2085.5454698362864,21284137463.0,0.3774873591720785,-18.976744186046503,False
600397,江钨装备,2026-02-27,10.0153,9.924,3898.62976,1.8961463642580751,2760.659566905121,21313836259.46,0.5343422707201776,-4.782993799822844,False
600397,江钨装备,2026-01-20,-5.8532,7.8912,-8443.156195,-11.192109758962037,3465.200674772447,9394719280.18,0.3385070475074723,3.649635036496357,True
600397,江钨装备,2025-08-26,10.0271,7.2596,4950.6751,8.853859075209618,4246.285760431918,8038474241.84,0.6042541596907156,-3.60696517412934,False
600397,江钨装备,2025-08-21,10.0299,7.4541,3246.52521,6.095237445992819,4093.6418391828106,7276205132.7,0.5744476151730163,-1.632653061224476,False
600397,江钨装备,2025-04-03,-10.061,9.1493,-3608.24925,-6.544304206883841,2139.5842529315223,5840763303.8,0.3470659849473734,-9.981167608286244,False
600397,江钨装备,2025-03-07,10.058,4.706,3096.6034,11.977003080882048,3756.345138790768,5632871728.58,0.6594236237399853,-6.802721088435371,False
600397,江钨装备,2025-02-14,10.0642,4.1566,2656.8944,13.014807785643034,3353.8499987949685,5088393793.48,0.6940278752824252,-0.576923076923086,False
600397,江钨装备,2025-01-10,-8.6475,18.51,2534.94513,3.0153944141508253,2122.408810765425,4078634713.84,0.5710370782211217,1.49253731343284,True
600397,江钨装备,2025-01-06,5.5024,22.0676,-2562.46539,-2.6441948755120745,1912.5252311837908,4365723079.62,0.4308716342038686,5.499999999999994,True
600397,江钨装备,2025-01-03,10.0,20.955,167.2429,0.2075079638020322,2577.5071518624136,4138032306.76,0.504025361552384,-4.761904761904767,False
600399,抚顺特钢,2026-06-18,10.0939,3.9084,1719.161733,4.872236051555627,4450.565460774534,9249149000.0,0.5547372698424226,-2.16450216450218,False
600399,抚顺特钢,2025-07-11,10.0569,9.2358,24680.056185,24.281609326385126,4105.006581358792,11438180000.0,0.7957560340664267,-3.327495621716292,False
600400,红豆股份,2026-06-22,10.0372,7.2098,-2357.87365,-4.945465082845614,3374.917293570815,6782460681.92,0.4267320551489265,7.666666666666666,True
600400,红豆股份,2025-09-24,10.0575,11.6484,27327.794398,28.28311428037272,4063.9019811742,8775954193.16,0.8479797791801165,-5.555555555555558,False
600400,红豆股份,2025-09-24,10.0575,11.6484,27327.794398,28.28311428037272,4063.9019811742,8775954193.16,0.8479797791801165,-5.555555555555558,False
600400,红豆股份,2025-09-23,-4.918,22.6055,-3335.8701760000004,-1.676335927318072,1248.517091986033,7973974044.96,0.4328669211627891,12.5,True
600400,红豆股份,2025-09-18,10.1818,5.944,9935.192441,24.490653913972423,4586.885188894542,6942856711.56,0.7669638862257502,12.383900928792556,True
600400,红豆股份,2025-03-03,10.1626,8.4897,2.08215500000045,0.0040084683660199,2186.324944379904,6209617718.92,0.5000916713770367,1.162790697674421,True
600403,大有能源,2026-06-15,-9.931,1.3597,164.8276,0.773353463431081,1870.3135437262613,15612004985.06,0.5206744336003234,3.6565977742448297,True
600403,大有能源,2026-02-02,-10.0407,3.7814,-2293.415284,-3.79374661000463,1724.768882986545,15851086225.26,0.3900215951416191,1.3636363636363669,True
600403,大有能源,2026-01-21,-8.3106,3.9885,-3829.819805,-5.904082618410995,2078.4402797662324,16090167465.46,0.3579684324854634,10.01494768310911,True
600403,大有能源,2026-01-15,-10.0391,2.693,-2050.6821,-4.50807030217949,1933.9959019795,16496605573.8,0.383451916894825,-1.812688821752273,False
600403,大有能源,2026-01-07,10.0699,4.8222,-2813.6984,-3.261117566629345,2659.1649158302143,18815693603.74,0.4386815472177814,-1.1111111111111072,False
600403,大有能源,2025-12-04,-9.6739,5.3147,-10176.84364,-9.457669125470424,2371.7603662265,19867651060.62,0.3006192096776266,1.374999999999993,True
600403,大有能源,2025-11-20,-9.9675,4.6362,-566.329611999999,-0.5949780721281687,2022.1672552490031,19867651060.62,0.4852886038337391,-3.822441430332912,False
600403,大有能源,2025-11-19,-10.039,5.1045,1212.128367,1.0508908346407193,1985.1019390061783,22067198470.46,0.5264694425508153,-7.840909090909109,False
600403,大有能源,2025-11-18,-7.9821,8.3757,-7352.245959999999,-3.3080637319902184,1892.775529897737,24529735244.52,0.4126134166535599,-12.784935579781951,False
600403,大有能源,2025-11-11,10.0606,5.7099,11354.90044,9.8082906781385,2637.65866718557,21708576610.16,0.6859279746875687,-2.4043715846994607,False
600403,大有能源,2025-11-06,-10.0442,6.6446,-162.19908700000002,-0.1231174150146328,1208.332648656481,19485121076.3,0.4949054833885551,5.429292929292928,True
600403,大有能源,2025-11-05,5.9649,8.4741,-1426.491695,-0.7757262927749156,1195.2662711799403,21660760362.12,0.4675500634679026,-5.1497005988023865,False
600403,大有能源,2025-10-31,-10.0114,4.9643,152.886991,0.1611950220926295,1140.6526085449484,18911326099.82,0.5070659121315759,4.430379746835444,True
600403,大有能源,2025-10-24,-6.3082,8.9435,-3506.113736,-1.7969743266431435,1299.8318168083815,21660760362.12,0.4308766602184177,-3.662597114317423,False
600403,大有能源,2025-10-21,10.0551,4.7928,-0.01,-2.52424677864461e-06,19999.999747575323,19102591091.98,0.4999999936893829,13.095238095238091,True
600403,大有能源,2025-10-21,10.0551,4.7928,-1556.107225,-1.708496277074232,3705.589466028058,19102591091.98,0.47694703780954,13.095238095238091,True
600403,大有能源,2025-10-16,10.0917,6.2865,-2131.373573,-2.4495900470467333,2178.6229044717866,14344874412.0,0.4437812289125676,5.846153846153834,True
600403,大有能源,2025-10-15,10.101,3.3223,2035.535878,4.823698864349495,2258.871357396642,13029927590.9,0.6067723234560118,17.32851985559567,True
600403,大有能源,2025-05-21,10.1266,1.9667,5571.1055,28.401469493058464,4502.219124204484,10400033948.7,0.8154163392488903,-5.399568034557234,False
600403,大有能源,2025-03-19,10.0503,3.8407,1673.88195,4.283011532384299,2291.157363665212,10471758320.76,0.5934682968596421,-4.337899543378986,False
600403,大有能源,2025-03-18,9.9448,4.2642,627.3859,1.6251699229886574,2455.144904316074,9515433359.96,0.5330972302313329,12.020460358056262,True
600403,大有能源,2025-03-14,10.119,1.7434,-1294.0637,-8.56450081941163,4072.636562317706,8846005887.4,0.3948531167910348,-4.73684210526315,False
600403,大有能源,2025-03-13,10.1639,1.224,2429.064256,25.448847875012977,6965.150481741071,8033129670.72,0.6826869924901575,3.82513661202184,True
600403,大有能源,2025-03-10,10.1083,1.6861,-564.130326,-4.66627586535822,3561.742682674383,7291977826.1,0.4344944837248253,5.980066445182719,True
600409,三友化工,2026-02-24,10.0662,4.0311,8925.550994,13.244820116671368,3875.4400589899296,17154743912.88,0.6708814988113041,3.529411764705892,True
600421,退市华嵘,2026-06-17,-3.7037,3.2884,-4.46148999999999,-2.5977499120786414,13197.442827830191,50856000.0,0.4901581315942486,3.846153846153855,True
600421,退市华嵘,2026-06-16,0.0,2.5307,0.823477000000002,0.617140882922071,8963.404959148405,52812000.0,0.5034425583008619,0.0,False
600421,退市华嵘,2026-06-15,3.8462,2.5759,5.4265,4.002944762829303,8053.594388426904,52812000.0,0.5248519143736713,-3.703703703703709,False
600421,退市华嵘,2026-06-12,-3.7037,3.4431,2.4826,1.3826927811027905,9070.244090444794,50856000.0,0.5076221365561673,0.0,False
600421,退市华嵘,2026-06-11,0.0,2.2979,-1.4387,-1.1851052525360692,9354.225958310852,52812000.0,0.4936654018311202,0.0,False
600421,退市华嵘,2026-06-10,-10.0,7.2894,-89.668161,-23.033248753913448,8205.264465238526,52812000.0,0.3596434712647384,0.0,False
600421,退市华嵘,2026-06-09,-9.0909,7.8997,-146.19937,-30.603261543047378,7809.277852018569,58680000.0,0.304058312926227,-6.896551724137923,False
600421,退市华嵘,2026-06-08,-8.3333,6.6055,-23.971122,-5.552226588801704,7440.138518905756,64548000.0,0.4626873439607795,-12.121212121212132,False
600421,退市华嵘,2026-06-05,9.0909,9.9971,80.918266,11.923613268206887,7713.032293467454,70416000.0,0.5772952375572548,-2.941176470588236,False
600421,退市华嵘,2026-06-04,-2.9412,6.8169,-56.01218299999999,-12.659530881067653,7350.034320207878,64548000.0,0.4138811444304275,3.030303030303028,True
600421,退市华嵘,2026-06-03,-2.8571,12.8075,32.174675,3.840462302035149,5656.781895227311,66504000.0,0.5339456458916632,-2.941176470588236,False
600421,退市华嵘,2026-06-02,-10.2564,15.7448,-91.02234,-8.154851469855823,4629.714486297435,68460000.0,0.4119292183784578,0.0,False
600421,退市华嵘,2026-06-02,-10.2564,15.7448,-91.02234,-8.154851469855823,4629.714486297435,68460000.0,0.4119292183784578,0.0,False
600421,退市华嵘,2026-06-01,-90.4412,25.7379,-174.103368,-8.766050814418842,5593.05230653194,76284000.0,0.421634464206769,-10.526315789473683,False
600421,退市华嵘,2026-06-01,-90.4412,25.7379,-174.103368,-8.766050814418842,5593.05230653194,76284000.0,0.421634464206769,-10.526315789473683,False
600421,退市华嵘,2025-04-01,4.6269,8.4239,539.1229,4.979899831320564,1955.6691723800532,1371156000.0,0.6273195871175905,-5.147058823529404,False
600421,退市华嵘,2025-02-20,-9.1228,13.1674,-506.5622,-2.4521825748496484,1227.140392564571,1519812000.0,0.4000854918594566,-3.732303732303721,False
600421,退市华嵘,2025-02-19,2.1505,18.3606,-58.1167,-0.1948749079849498,1243.646162317281,1672380000.0,0.4921651787345268,-0.6393861892583175,False
600421,退市华嵘,2025-02-05,10.0952,3.6124,725.8183,18.48133167750752,4786.502714380334,1130568000.0,0.6930567345337872,0.0,False
600433,冠豪高新,2026-04-20,10.0817,5.2,5027.196307,14.128088389266397,4080.9048006876046,7071128101.32,0.6730999506149459,-4.578313253012056,False
600433,冠豪高新,2026-03-25,10.119,4.7532,2491.886025,8.315317073470894,3020.972811193318,6476033162.1,0.6376264798322738,-1.5706806282722474,False
600433,冠豪高新,2025-09-15,10.1587,7.1774,2286.685683,5.3942199199935486,2694.501960648567,6073468938.51,0.6000967896622936,-2.011494252873558,False
600463,空港股份,2025-06-19,10.0503,2.4065,2030.568,25.685989334441444,8270.932890089342,3285000000.0,0.6552786709539121,-9.18181818181818,False
600463,空港股份,2025-05-26,-9.3617,12.634,1684.104684,4.160291276199285,2969.7319812242304,3195000000.0,0.5700448946656166,-1.816443594646289,False
600463,空港股份,2025-05-23,-10.0306,14.7858,164.69976,0.3065985407563598,2256.13277184454,3525000000.0,0.5067947805329226,-8.165057067603154,False
600463,空港股份,2025-05-22,0.1534,21.5095,-5266.093159,-5.96923633233366,2326.971024481454,3918000000.0,0.3717380605617155,-7.773279352226714,False
600463,空港股份,2025-05-21,10.0422,1.8226,-171.7368,-2.4086527307413514,11377.363532778189,3912000000.0,0.4894147149126332,-8.518518518518526,False
600468,百利电气,2026-03-18,10.0613,5.9102,16667.3262,29.148829935490163,3890.7680493089706,9756985829.37,0.8745896641238639,1.1098779134295134,True
600468,百利电气,2026-03-05,10.0386,11.784,6435.852309000001,6.042050104769546,3059.916897391875,9300136994.55,0.5987289901552473,0.3529411764705781,True
600468,百利电气,2025-06-11,-9.865,22.2749,-20932.173827,-9.654449868654288,2355.960261308144,9441542586.28,0.295105842250207,3.6904761904762,True
600468,百利电气,2025-06-10,10.0571,28.8177,10502.882192,3.637819431370227,1853.223695788105,10474891141.23,0.5981484167194183,-9.58019375672765,False
600468,百利电气,2025-06-10,10.0571,28.8177,10502.882192,3.637819431370227,1853.223695788105,10474891141.23,0.5981484167194183,-9.58019375672765,False
600468,百利电气,2025-06-09,10.0629,27.8411,-7606.128922,-3.1156871474080483,2192.016584104576,9517684058.75,0.4289310315897818,9.810874704491711,True
600468,百利电气,2025-06-09,10.0629,27.8411,-7606.128922,-3.1156871474080483,2192.016584104576,9517684058.75,0.4289310315897818,9.810874704491711,True
600468,百利电气,2025-06-06,9.9585,25.8875,14930.52255,6.86461726281843,2030.9617090535448,8647495801.95,0.6689991798520277,6.41509433962264,True
600468,百利电气,2025-06-04,0.9079,28.6596,-6559.934051,-2.5911276232835343,1966.073275701591,8462580797.38,0.434103991562601,-2.5000000000000133,False
600468,百利电气,2025-05-30,10.0471,19.6712,13803.974218,10.232281236806104,2306.33233200989,7625024600.21,0.7218301563653886,21.142857142857157,True
600468,百利电气,2025-05-30,10.0471,19.6712,13803.974218,10.232281236806104,2306.33233200989,7625024600.21,0.7218301563653886,21.142857142857157,True
600468,百利电气,2025-05-27,10.084,20.0048,-3493.373958,-2.5875674399513144,1657.0221659638928,7124666352.55,0.4219211579331493,-3.6979969183359,False
600468,百利电气,2025-05-22,-9.9834,16.683,1831.331066,1.8143302257140288,1281.785976086842,5884648086.61,0.5707735245806398,0.3780718336483746,True
600468,百利电气,2025-05-16,10.0437,3.2108,3400.9506,19.37920700432266,4386.589785996428,5482186017.84,0.720891489172159,13.670411985018728,True
600468,百利电气,2025-03-26,10.1031,15.9906,-96.3726879999995,-0.1098012990303751,2276.338171048721,5808506614.14,0.4975882032725439,-7.102803738317753,False
600470,六国化工,2026-06-22,10.0559,7.3087,4707.774321,21.641559443067948,3491.4814251377907,3082656000.0,0.8099194411755158,4.707792207792205,True
600470,六国化工,2026-06-11,10.0971,2.8849,918.5677,10.790212831804398,5578.605687971853,2957472000.0,0.5967106606501101,1.403508771929829,True
600470,六国化工,2026-03-27,10.0741,15.8833,4290.441246,7.243427438261091,2166.4482675997288,3875488000.0,0.6671728687592041,0.1333333333333408,True
600470,六国化工,2026-03-18,-9.9099,19.1481,-5077.165548,-6.248809991587594,1584.9407880681883,4172800000.0,0.3028692920697693,-10.797546012269944,False
600470,六国化工,2026-03-17,-1.9868,29.2427,-4564.173914999999,-3.466689293623771,1812.657308666649,4631808000.0,0.4043754912456732,-4.342723004694826,False
600470,六国化工,2026-03-17,-1.9868,29.2427,-4564.173914999999,-3.466689293623771,1812.657308666649,4631808000.0,0.4043754912456732,-4.342723004694826,False
600470,六国化工,2026-03-16,6.2134,31.1565,8164.08483,5.513291818911412,1551.66732388105,4725696000.0,0.6776570188099823,0.2352941176470446,True
600470,六国化工,2026-03-11,5.0971,25.225,-8883.743442,-8.053998351152782,2204.651550823765,4517056000.0,0.3173407868435395,-2.863688430698741,False
600470,六国化工,2026-03-09,3.3453,35.9827,-8458.000063,-5.06811130364015,2379.235632899697,4511840000.0,0.3934928673402688,5.263157894736836,True
600470,六国化工,2026-03-02,6.1713,26.4543,-2368.187524,-2.134387400483111,1647.281496380186,4397088000.0,0.4352148553488486,-8.750000000000002,False
600470,六国化工,2026-02-27,3.1169,28.3047,-4205.364674,-3.580586398788125,2150.389783403014,4141504000.0,0.41674564243135,-0.1248439450686644,False
600470,六国化工,2026-02-26,-1.7857,34.4719,-4850.819147,-3.3477328875287093,2299.1137916314774,4016320000.0,0.4271951458054384,5.533596837944654,True
600475,华光环能,2026-01-12,10.0047,5.6456,7023.046704,5.9179082080398615,3031.561074860759,22186101203.37,0.5976049642726012,1.242502142245061,True
600475,华光环能,2025-11-03,10.0259,4.2998,5644.361086999999,8.477620129380542,3556.886391766999,16038486250.29,0.6191719272929743,-4.261529480443671,False
600475,华光环能,2025-09-12,-10.0221,1.0319,-9945.076375,-62.901321739845415,9742.278202598258,15321893096.25,0.1771734473612666,10.344827586206897,True
600475,华光环能,2025-09-11,-10.0149,0.7473,-6089.6514,-47.853483388445,6823.013496444944,17028516265.74,0.1493229610832622,-1.5713387806411072,False
600475,华光环能,2025-09-03,-8.4241,3.3448,-5368.780659,-7.512288279476266,2324.469429540969,20602053178.65,0.338408537793509,-3.847980997624712,False
600475,华光环能,2025-08-25,-7.7932,5.3728,-6114.484211999999,-4.832904854710159,2565.9501658777845,22534968923.1,0.4058262136385475,-5.606258148631039,False
600475,华光环能,2025-08-25,-7.7932,5.3728,-6114.484211999999,-4.832904854710159,2565.9501658777845,22534968923.1,0.4058262136385475,-5.606258148631039,False
600475,华光环能,2025-07-11,-10.0,9.983,-2991.918284,-1.77759207163347,2093.5893210055324,15614187672.24,0.4575467821267901,2.496626180836703,True
600475,华光环能,2025-07-11,-10.0,9.983,-2991.918284,-1.77759207163347,2093.5893210055324,15614187672.24,0.4575467821267901,2.496626180836703,True
600477,杭萧钢构,2026-02-09,10.1064,7.3125,21125.287745,30.450024292590385,4145.34961260796,9766129325.04,0.8672793266939117,-4.398148148148162,False
600477,杭萧钢构,2026-01-14,2.0642,28.8405,-20822.344735,-7.154577732288859,2222.8618243878864,10541899367.5,0.3390683205363197,-10.91811414392061,False
600477,杭萧钢构,2026-01-14,2.0642,28.8405,-20822.344735,-7.154577732288859,2222.8618243878864,10541899367.5,0.3390683205363197,-10.91811414392061,False
600477,杭萧钢构,2026-01-13,10.101,15.7943,31121.315063,19.07840217926665,4196.1768788803065,10328692414.0,0.7273307671477074,-1.707317073170722,False
600477,杭萧钢构,2025-12-29,10.0372,6.2434,7200.181887000001,16.9267400937469,3374.5649498661314,7012139804.0,0.7507988488178066,-0.3533568904593775,False
600477,杭萧钢构,2025-02-11,10.1887,4.1336,3053.023871,11.217458637487862,3375.6251647861363,6917381158.0,0.6661537950733719,-5.050505050505061,False
600488,津药药业,2026-06-08,10.058,8.6382,15581.4439,29.82922254414973,4019.7180112440474,6212835209.2,0.871036257527403,-5.448154657293502,False
600488,津药药业,2026-05-15,-10.0128,3.6817,-6916.665314,-24.32342061613421,3708.118067003952,7654125626.8,0.1720247282230307,-8.557844690966721,False
600488,津药药业,2026-05-13,-0.8264,24.2307,4764.706865,2.409896376769844,2358.023557432225,7861584096.0,0.5510999215672405,1.841359773371121,True
600488,津药药业,2026-04-24,-9.1988,17.909,-2303.362807,-1.8077828496486723,1220.3348637225386,6682346481.6,0.425930869329826,-1.2499999999999845,False
600488,津药药业,2026-04-16,-8.0409,17.9061,408.626667,0.3284715326368948,1136.0538752207956,6867967217.2,0.5144566881818459,-1.8003273322422353,False
600488,津药药业,2026-04-10,-9.322,22.0684,144.513673,0.0918125281518147,1080.7535534905203,7009912485.6,0.5042476162976882,-3.4146341463414664,False
600488,津药药业,2026-04-10,-9.322,22.0684,144.513673,0.0918125281518147,1080.7535534905203,7009912485.6,0.5042476162976882,-3.4146341463414664,False
600488,津药药业,2026-04-08,-4.0417,25.7756,-6577.052318999999,-3.000289613002117,1280.2691499671766,8036285964.8,0.3828258256055362,-6.713286713286715,False
600488,津药药业,2026-04-08,-4.0417,25.7756,-6577.052318999999,-3.000289613002117,1280.2691499671766,8036285964.8,0.3828258256055362,-6.713286713286715,False
600488,津药药业,2026-04-07,10.043,16.1513,0.01,2.994492798349627e-06,19999.99970055072,8374770835.6,0.5000000074862321,-14.473684210526304,False
600488,津药药业,2026-04-02,10.0694,1.3627,5147.127098,54.56236943370906,8262.149076931286,6922561551.2,0.8301947769621613,4.885057471264376,True
600490,鹏欣资源,2025-08-22,10.058,10.0079,17.016975,0.0154511911526623,3357.653986641079,11338015686.34,0.5002300890921777,0.512820512820511,True
600490,鹏欣资源,2025-01-16,10.1307,4.1955,2701.2092,9.975689196754642,3816.858669716315,6715134070.82,0.6306793106580506,-1.4705882352941124,False
600500,中化国际,2026-06-15,3.9092,15.0253,30127.050442000003,6.92765563703974,3289.6555752145346,29567643936.72,0.6052945434354166,5.111111111111111,True
600500,中化国际,2026-06-11,10.0763,1.0837,-571.8899900000009,-2.0397300283207893,7680.094395607231,25871688444.63,0.4867206708456119,-0.6329113924050778,False
600500,中化国际,2026-05-27,-6.5744,3.3326,-9913.284475,-14.890246553446945,5751.791468911927,19376854036.2,0.3705599235131542,3.383458646616533,True
600500,中化国际,2026-05-18,10.0707,5.5164,20624.912602,17.700116606631035,4551.4669369135645,22355148267.69,0.6944440864007883,-2.6984126984127,False
600500,中化国际,2025-07-29,10.1036,1.9686,5469.428,18.236581661993668,4898.115633339794,15243571700.25,0.6861591582063059,-7.912087912087895,False
600502,安徽建工,2026-03-30,10.1075,3.6164,9026.653682,28.45561993449175,4427.693198579849,8788653762.56,0.8213368526032776,11.068702290076327,True
600503,华丽家族,2026-06-01,10.1887,4.966,2404.6622,10.77440307134683,3547.15001200585,4678686800.0,0.6518740825011528,-4.406779661016957,False
600503,华丽家族,2026-05-22,10.1695,3.2526,2631.16858,19.86300507815656,4326.830491912832,4165954000.0,0.7295329700953387,7.063197026022294,True
600503,华丽家族,2025-08-21,-10.0279,21.9174,-6561.804737,-5.537174247478011,2079.2494979457488,5175396700.0,0.3668468057116615,0.3225806451612856,True
600503,华丽家族,2025-08-20,10.1227,31.4317,-9958.386751,-5.629728217278221,2767.99820973907,5752221100.0,0.3983068667192362,-13.888888888888884,False
600503,华丽家族,2025-08-20,10.1227,31.4317,-9958.386751,-5.629728217278221,2767.99820973907,5752221100.0,0.3983068667192362,-13.888888888888884,False
600503,华丽家族,2025-08-19,10.1351,6.8848,5410.4401,15.378397380834803,3902.8849408398537,5223465400.0,0.6970132045133459,6.5088757396449815,True
600503,华丽家族,2025-08-08,10.1124,12.1939,4304.976804,7.695356185207232,4221.176741883467,4710732600.0,0.5911517884201836,-5.177993527508084,False
600503,华丽家族,2025-02-13,10.1887,7.4967,3838.948838,11.426335992807058,3585.8850272048044,4678686800.0,0.6593237918410602,-4.000000000000004,False
600507,方大特钢,2025-07-22,10.0733,4.7202,16628.282019,26.36445023756998,4857.670586246196,13902259218.9,0.7713692681448714,-5.97014925373135,False
600507,方大特钢,2025-01-13,10.1064,2.2882,-308.3166,-1.420801548373718,2499.729460862953,9576597864.6,0.4715808936403216,-7.42459396751739,False
600508,上海能源,2025-10-23,10.0392,4.2136,2046.86825,4.865923864937307,2514.26685689541,10139733540.0,0.5967662571614554,-0.526315789473697,False
600510,黑牡丹,2026-05-13,-7.2336,3.8804,-3307.2831100000003,-8.497019793758783,3792.3342087203614,9793921586.93,0.3879711105864544,-4.93697478991596,False
600510,黑牡丹,2026-03-24,10.0654,1.389,643.15047,5.596751069016527,4366.581270770575,8689654347.94,0.5640861891942853,-2.0547945205479423,False
600515,海南机场,2025-12-22,10.0629,3.3874,-878.097484999999,-0.5521437238920537,2463.3678360263534,48174065667.0,0.4887929095318806,-6.4056939501779375,False
600515,海南机场,2025-07-24,10.1064,3.2486,9544.867528,7.941417930239647,3782.03362486116,37988691783.12,0.6049887272026987,-5.681818181818176,False
600516,方大炭素,2026-03-05,10.08,10.5556,13814.014874,4.807145908726215,3259.517493441595,27698676131.84,0.5737401458712611,-1.6248153618906858,False
600516,方大炭素,2025-11-21,-10.0295,6.5655,-10583.325095,-6.4096671273640204,1459.4530847315816,24558419244.8,0.2804085929715628,1.1513157894736947,True
600516,方大炭素,2025-10-29,10.0352,9.6467,5679.700201,2.414263787478099,1911.9950455960989,25162314800.0,0.5631346768664196,-4.444444444444451,False
600516,方大炭素,2025-10-28,10.0775,3.8081,17943.456017,21.09164266973887,3217.576172221944,22867511690.24,0.8277566954253911,6.4189189189189255,True
600516,方大炭素,2025-02-12,10.0858,3.0526,1954.211305,3.1887070743516195,2040.7935833402937,20653227987.84,0.5781241939503863,2.5341130604288558,True
600530,交大昂立,2026-05-21,-9.6433,6.4529,-2713.620737,-7.584791836579105,2345.8400369060355,5300452800.0,0.3383352718588859,9.343065693430663,True
600530,交大昂立,2026-05-20,10.0291,6.3629,233.4873,0.6607367931212489,3111.885582031233,5866144400.0,0.5106163413741254,-14.375000000000004,False
600530,交大昂立,2026-05-20,10.0291,6.3629,233.4873,0.6607367931212489,3111.885582031233,5866144400.0,0.5106163413741254,-14.375000000000004,False
600530,交大昂立,2026-05-14,-0.3783,11.1589,617.300393000001,0.896876650773035,2945.523807499987,6121868000.0,0.5152243999605329,-5.401844532279321,False
600530,交大昂立,2026-05-12,10.0763,7.9175,-3559.8211479999995,-8.112111060562322,4131.128893427849,5587173200.0,0.4018172602473411,-7.7120822622108065,False
600530,交大昂立,2025-08-07,-7.6364,4.5726,-2726.115979,-9.96343792768138,3320.4084408146164,5904890400.0,0.349966681730923,0.5249343832020914,True
600530,交大昂立,2025-07-14,-9.9895,4.8071,99.7692,0.3117538087210716,2593.362897863912,6633315200.0,0.5060106090238635,-0.3588516746411363,False
600530,交大昂立,2025-06-09,10.0637,5.5008,5585.88645,15.72700805738086,3652.469282805812,6695308800.0,0.7152928175387615,6.741573033707859,True
600530,交大昂立,2025-05-26,2.7704,10.6273,72.93515,0.1214119799863262,3152.922346638732,6036626800.0,0.5019253880469933,18.050065876152853,True
600530,交大昂立,2025-05-19,10.0,8.8203,2670.1028920000003,5.228893895991787,2105.238446556428,6137366400.0,0.6241876877306884,-4.380475594493127,False
600530,交大昂立,2025-05-16,-4.0,9.4171,-365.976627,-0.6618391453616473,1345.9764138449782,5579424000.0,0.4754141625903009,14.306151645207432,True
600530,交大昂立,2025-01-07,-10.076,1.2314,-104.0127,-2.304427560911711,2140.2148283992665,3665371600.0,0.4461636390344219,4.629629629629606,True
600530,交大昂立,2025-01-03,9.9812,15.7471,-5237.484026,-7.540371605273319,2049.512765399287,4525532800.0,0.3160447757981078,-10.095238095238102,False
600539,狮头股份,2026-06-18,-9.9751,11.0532,-3559.431696,-9.14653082927632,2152.081035269938,3321200000.0,0.2874956686254833,4.56816559600286,True
600539,狮头股份,2026-06-01,10.0275,10.62,1190.781489,3.2021253262118403,3244.6029262668985,3684600000.0,0.5493454114259841,-4.749999999999998,False
600539,狮头股份,2026-05-13,-4.2999,22.9132,3115.087304,3.205273135056044,2481.9390617729605,4197500000.0,0.5645719547353909,-11.460674157303377,False
600539,狮头股份,2025-08-25,10.0184,11.4666,6677.238606,21.292078472328672,4463.3539160032815,2753100000.0,0.738521063677992,1.3289036544850583,True
600539,狮头股份,2025-08-08,-9.8901,13.1873,-2909.7998,-8.26795020829664,2089.892060223335,2640400000.0,0.3021919321657912,2.0408163265306145,True
600539,狮头股份,2025-08-07,-9.9647,15.1714,-757.474946,-1.6277606070275008,2261.112303468777,2930200000.0,0.4640053126832676,-5.926544240400677,False
600539,狮头股份,2025-08-07,-9.9647,15.1714,-757.474946,-1.6277606070275008,2261.112303468777,2930200000.0,0.4640053126832676,-5.926544240400677,False
600539,狮头股份,2025-04-28,10.0287,2.7472,1704.0727,23.86693747201987,5324.554792761187,2649600000.0,0.7241214373872848,1.5625,True
600539,狮头股份,2025-03-17,-10.0281,15.2446,384.73476,0.8400668862530188,1845.1664416268145,2950900000.0,0.5227639866870861,-4.1085271317829575,False
600539,狮头股份,2025-03-14,-9.9747,20.4299,-462.7192,-0.6823522343125178,1777.5718749872624,3279800000.0,0.4808066204266028,-4.585798816568043,False
600539,狮头股份,2025-03-13,10.0,28.7417,-5258.153663,-5.30600443669716,2049.191993056736,3643200000.0,0.3705342287429518,-6.758620689655171,False
600539,狮头股份,2025-03-13,10.0,28.7417,-5258.153663,-5.30600443669716,2049.191993056736,3643200000.0,0.3705342287429518,-6.758620689655171,False
600539,狮头股份,2025-02-17,0.5313,11.7737,-1310.204,-5.11687015653564,3117.526068395771,2175800000.0,0.417933803210045,-0.640341515474907,False
600539,狮头股份,2025-02-14,10.0585,4.5617,1034.0268,10.778720929636208,4830.385690165712,2164300000.0,0.6115720526373374,-9.029126213592242,False
600539,狮头股份,2025-01-20,-10.0103,24.1129,-2589.474605,-5.150776778869137,2416.589443011974,2005600000.0,0.3934287991333492,-9.936305732484074,False
600539,狮头股份,2025-01-20,-10.0103,24.1129,-2589.474605,-5.150776778869137,2416.589443011974,2005600000.0,0.3934287991333492,-9.936305732484074,False
600543,*ST莫高,2025-06-18,10.0486,2.6691,2382.0637260000003,40.93052783778776,8873.772745905131,2180404800.0,0.7306264145465945,-17.07317073170731,False
600545,卓郎智能,2026-03-20,-9.1127,11.7957,-4994.747403,-5.951981506983943,2062.167196415044,6776187321.38,0.3556862528574038,3.9215686274509887,True
600545,卓郎智能,2026-03-16,9.9217,9.8213,7410.62082,10.377205966106214,2413.697385521372,7527110454.62,0.7149649336398622,4.06320541760723,True
600545,卓郎智能,2026-03-11,5.0505,17.0875,-2779.241583,-2.2234203476598347,1360.1864748312632,7437714843.52,0.4182678114801995,-4.830917874396135,False
600545,卓郎智能,2026-03-06,10.0796,9.9723,-4230.621297,-5.793844120502362,2789.013984766408,7419835721.3,0.3961309596841691,0.2577319587628857,True
600545,卓郎智能,2026-02-25,10.0977,10.1598,2189.884804,3.63037172253854,2296.6605218978634,6043143310.36,0.579035880312397,0.0,False
600545,卓郎智能,2025-10-10,10.1754,7.6459,4710.052213,11.04612554323792,2558.830487607373,5614044377.08,0.7158432455126514,3.6544850498339,True
600545,卓郎智能,2025-09-10,10.1083,4.2737,4696.7549,20.47915133874952,3926.7496784590185,5453132277.1,0.7607646656354496,3.278688524590168,True
600545,卓郎智能,2025-09-03,10.0694,11.7785,10185.606179,15.71330689556448,3131.8324805392785,5667681743.74,0.7508644219191885,-6.349206349206337,False
600545,卓郎智能,2025-08-29,10.0372,6.2479,4688.5956,14.672360417399286,3401.1972207958456,5292220177.12,0.7156940551357692,-1.9933554817275656,False
600545,卓郎智能,2025-07-08,10.1322,7.0062,220.4615,0.7167633245853863,2416.454871362016,4469780555.0,0.5148308857963771,1.6000000000000014,True
600545,卓郎智能,2025-01-14,10.1322,4.3461,3683.3965,19.19441594441012,3334.104536106914,4469780555.0,0.7878496420334585,0.7751937984496138,True
600556,天下秀,2026-01-29,6.3144,18.7877,12618.049737,4.579346364103959,2078.0328395580705,14913918046.5,0.6101846485996303,-6.367041198501866,False
600556,天下秀,2026-01-13,-1.3953,26.9252,7770.637154000001,1.8066868387319848,1506.9328222260715,15329700004.16,0.5599458320930031,7.526881720430123,True
600556,天下秀,2026-01-05,10.0494,15.0864,13646.185787,7.628667937965063,1957.245947927972,12075754248.56,0.6948827112413007,2.5373134328358304,True
600556,天下秀,2025-11-12,10.061,14.0113,8962.328672,5.083691142503776,2453.924398192824,13051937975.24,0.6035828802681864,-2.216066481994461,False
600556,天下秀,2025-10-28,10.0901,10.5237,11985.240682,10.497350697499822,2240.735431425281,11045338092.62,0.7342389590104954,-2.1346469622331665,False
600556,天下秀,2025-01-17,5.6782,31.226,17652.132305000003,4.691656647944917,2596.2242044789587,12111909201.4,0.5903553830183649,-10.534591194968556,False
600556,天下秀,2025-01-16,10.0694,11.3865,-9441.19286,-7.244928313063746,5357.057203048051,11461120050.28,0.4323795879112366,0.3154574132492094,True
600558,大西洋,2025-05-26,10.0791,12.5073,2189.71424,3.555200334049302,2781.69406959228,4999658908.67,0.5639035106863926,-0.5524861878452914,False
600558,大西洋,2025-01-21,10.049,1.4001,1365.6335,24.20181943737679,5839.549311362061,4030245691.19,0.7072233501846376,-3.1963470319634646,False
600569,安阳钢铁,2026-03-19,-8.8561,5.8431,-2997.9526,-7.123178110286293,1761.7128131719842,7094880823.42,0.2978337315529615,-7.438016528925607,False
600569,安阳钢铁,2026-03-17,10.1563,3.0255,4276.9922,17.61947803439068,5212.527792233439,8100228308.52,0.6690108785668573,-2.8880866425992857,False
600569,安阳钢铁,2025-10-30,10.084,4.9042,242.918861,0.6804464640491965,3268.906931747801,7525744031.32,0.5104078592363805,-4.182509505703413,False
600575,淮河能源,2025-05-09,10.0287,4.8551,6708.571868,9.493226688221451,2744.0281671440544,14923242489.6,0.67297976022786,-0.5249343832021025,False
600575,淮河能源,2025-01-02,-10.0756,4.6542,-3659.154876,-5.610245499272156,1830.2854504101056,13873952002.05,0.3467385101593009,3.6363636363636376,True
600578,京能电力,2026-06-05,-9.6154,4.9404,-619.094066000003,-0.2064350245889405,1953.0962541630963,56636493786.9,0.4947151855893195,5.514705882352922,True
600578,京能电力,2026-06-01,-10.0213,5.4419,2163.469237,0.6863508880088056,1528.0502927406362,56502601366.6,0.5224583867189934,-1.7878426698450522,False
600578,京能电力,2026-05-22,0.489,7.8812,-5255.436128,-1.1920369449162775,1745.6804349790343,55029784743.3,0.4658575269267254,13.24582338902147,True
600578,京能电力,2026-05-21,9.9462,8.1782,9248.605686,2.2260372714934804,1514.644679421571,54761999902.7,0.573483811145185,5.808080808080818,True
600578,京能电力,2026-05-20,-10.0363,4.3311,-5259.704315999999,-2.3670456535550817,1791.998842404602,49807980351.6,0.433955156734955,12.660028449502136,True
600578,京能电力,2026-05-19,7.2633,7.7719,-288.08,-0.0694101066244384,1613.8386988940777,55364515794.05,0.4978495339505737,-12.34413965087281,False
600578,京能电力,2026-05-15,10.0471,6.6241,-6208.089428,-2.132368572367052,1786.9229468532158,46929293315.15,0.4403340648760998,6.639004149377592,True
600578,京能电力,2026-05-15,10.0471,6.6241,-6208.089428,-2.132368572367052,1786.9229468532158,46929293315.15,0.4403340648760998,6.639004149377592,True
600578,京能电力,2026-05-14,10.0173,3.2518,678.091248000002,0.4906035463697097,2076.3751534612834,42644735865.55,0.5118139428116322,11.230769230769244,True
600579,中化装备,2026-06-17,9.9707,4.1581,2675.295449,18.84704570312446,4281.106860211613,3702005692.5,0.720118842142063,-5.283505154639179,False
600579,中化装备,2025-08-04,-9.1816,11.5725,430.67569199999895,0.8172022513794276,1361.7360754681038,4501882466.9,0.5300058971081643,-1.098901098901095,False
600579,中化装备,2025-08-01,-9.973,12.7227,-5506.932642,-8.579889091011687,2242.372003120806,4957017837.18,0.3086872053550729,-2.150537634408612,False
600579,中化装备,2025-03-25,2.072,13.0948,455.764664,0.7527014775943949,1376.533849691568,4630507680.24,0.5273404637947352,5.524861878453047,True
600579,中化装备,2025-01-23,1.0795,18.7612,1250.6624789999998,1.247233655327093,1108.030693076344,5095537297.7,0.5562815481159761,-6.874999999999998,False
600579,中化装备,2025-01-22,10.0432,18.1445,-7420.681543000001,-8.512375775035405,1933.2883912377335,5041118938.21,0.279847232993894,-5.882352941176472,False
600579,中化装备,2025-01-10,-10.0105,10.2283,-1030.656246,-2.283029980484282,1805.8012781496843,4224843545.86,0.4367862342299483,-1.7326732673267342,False
600579,中化装备,2025-01-07,-10.0276,14.4677,749.302633,1.0626426084450236,1448.585990356563,4838286871.02,0.5366786167862724,-1.4893617021276673,False
600589,大位科技,2026-05-28,10.0368,3.2782,25909.4164,44.734374921063456,6401.508627310896,17667715185.5,0.8494049412837797,-9.583333333333332,False
600589,大位科技,2026-05-11,4.0767,27.3906,9310.419758,1.7730508516656127,2088.9222311314848,19249677967.8,0.5424393695763682,-3.640588690937263,False
600589,大位科技,2026-03-10,0.4102,24.0535,11679.909287,2.6914436686513143,1607.8385954034666,18096471453.6,0.5836975700280391,-1.2448132780083054,False
600589,大位科技,2026-02-27,3.9044,35.1323,26453.818463,3.9231460323269496,2045.185867578832,19279247365.6,0.5959117235875319,-3.984375000000007,False
600589,大位科技,2026-02-27,3.9044,35.1323,26453.818463,3.9231460323269496,2045.185867578832,19279247365.6,0.5959117235875319,-3.984375000000007,False
600589,大位科技,2026-02-26,5.8179,33.7299,-8667.74485600001,-1.4035152693176547,2101.688002869525,18554797119.5,0.466609809177162,7.472712006717042,True
600589,大位科技,2026-02-24,-9.856,35.3555,-58337.713965,-9.09498616693652,2045.9395168287808,17579006992.1,0.2777308153020622,2.8037383177570208,True
600589,大位科技,2026-01-27,1.4231,28.9149,-9015.133274,-2.0043737380826534,2826.904063619448,15804843124.1,0.4645482532662191,-6.569343065693434,False
600589,大位科技,2026-01-16,-6.1463,24.0318,-6531.44170700001,-1.8539232706398396,2926.9040544442128,14222880341.8,0.4683296200327297,-0.4085801838610736,False
600589,大位科技,2026-01-16,-6.1463,24.0318,-6531.44170700001,-1.8539232706398396,2926.9040544442128,14222880341.8,0.4683296200327297,-0.4085801838610736,False
600589,大位科技,2026-01-15,-5.7904,29.8967,-12712.209299,-2.750287734867679,2177.041354160622,15154316372.5,0.4368342790179087,-2.100000000000013,False
600589,大位科技,2026-01-15,-5.7904,29.8967,-12712.209299,-2.750287734867679,2177.041354160622,15154316372.5,0.4368342790179087,-2.100000000000013,False
600589,大位科技,2026-01-13,-4.1667,29.0826,-7407.281316,-1.690931010168347,2652.352964034641,14622067212.1,0.4681239444165798,15.553235908141971,True
600589,大位科技,2026-01-12,6.5015,35.325,-1326.777947,-0.2464127376386933,2052.6200233779,15257809264.8,0.493997604650831,-7.88461538461539,False
600589,大位科技,2026-01-07,5.2632,28.4625,9905.736046,2.8118647013589326,2018.3933718943856,12419147076.0,0.5696560130575494,9.036860879904872,True
600589,大位科技,2025-07-16,7.168,34.1982,15171.895775,3.280294435188696,1651.9800129871924,13483645396.8,0.5992837204264083,3.1818181818181746,True
600589,大位科技,2025-06-27,6.6138,28.4495,26375.4299,7.837427123114832,1617.3668205354218,11916467313.4,0.7422897212804294,-0.6234413965087282,False
600589,大位科技,2025-04-28,10.0629,12.1522,12276.3207,9.849325613729436,2369.809720212239,10349289230.0,0.7078083638893872,-1.4084507042253502,False
600589,大位科技,2025-03-31,9.9857,27.0795,-7021.213507,-2.508266258631562,1969.9254949684837,11399002851.9,0.4363360120715709,-3.200000000000003,False
600589,大位科技,2025-03-28,10.0471,17.6139,4933.0067,2.715849151431966,2648.7617400182835,10364073928.9,0.5512663919596864,11.940298507462677,True
600589,大位科技,2025-03-25,-10.0127,20.7331,-8517.427604,-3.778609374168092,3063.3095082375303,10497136219.0,0.438324720959357,-1.7021276595744703,False
600589,大位科技,2025-03-24,-10.0342,13.7431,-9536.181123,-5.858736615104615,2424.063096281661,11665127432.1,0.3791546180441528,-7.963446475195823,False
600589,大位科技,2025-03-19,1.1312,27.816,4138.533152,1.1370228171985082,2021.213617178504,13217520816.6,0.5281272302822133,1.787709497206702,True
600589,大位科技,2025-03-18,9.9502,25.8296,4201.609687,1.31065680242395,2358.903650796035,13069673827.6,0.5277810584163041,2.637614678899069,True
600589,大位科技,2025-03-11,10.0257,28.8448,10678.207931,3.062348123141609,2056.9390187194904,12655702258.4,0.5744394485026596,-6.242774566473996,False
600589,大位科技,2025-03-11,10.0257,28.8448,10678.207931,3.062348123141609,2056.9390187194904,12655702258.4,0.5744394485026596,-6.242774566473996,False
600589,大位科技,2025-03-10,10.0424,20.2968,1641.957302,0.7521563981126564,2819.277041296101,11502495744.2,0.5133395261816283,15.333333333333332,True
600589,大位科技,2025-03-07,-2.8846,30.6821,16176.83731,4.897896350103767,2150.1190023206887,10452782122.3,0.6138982620221791,5.782792665726388,True
600589,大位科技,2025-03-03,-9.9865,23.1069,-525.372721999997,-0.226152857549446,2845.986017749417,9861394166.3,0.4960268101083595,-1.4778325123152691,False
600589,大位科技,2025-02-28,6.3128,42.8691,8499.052791,1.909387762788676,1702.4961725887174,10955461884.9,0.5560761249725857,-17.029972752043598,False
600589,大位科技,2025-02-28,6.3128,42.8691,8499.052791,1.909387762788676,1702.4961725887174,10955461884.9,0.5560761249725857,-17.029972752043598,False
600589,大位科技,2025-02-10,10.0985,16.0486,-20912.213016,-20.023106916414218,4931.803347751051,6608760408.3,0.2970001487838628,-2.2421524663677084,False
600590,泰豪科技,2026-05-26,8.9095,17.6379,45916.454472000005,20.855269029910225,4138.79657527224,12889742311.44,0.7519484667899923,-5.874673629242821,False
600590,泰豪科技,2026-03-25,-8.7302,20.8272,-28359.508817,-10.950201084870889,2393.6366546160743,11641259417.4,0.2712643424023092,-6.222222222222218,False
600590,泰豪科技,2026-03-25,-8.7302,20.8272,-28359.508817,-10.950201084870889,2393.6366546160743,11641259417.4,0.2712643424023092,-6.222222222222218,False
600590,泰豪科技,2026-02-03,10.0379,4.0827,22053.315038,55.110699510368434,5511.069951036844,9802277857.26,,-4.063745019920328,False
600590,泰豪科技,2026-02-03,10.0379,4.0827,30531.587868,76.29769772337836,9155.45103017489,9802277857.26,0.9166790771525808,-4.063745019920328,False
600590,泰豪科技,2025-04-16,-9.9806,10.4468,-7491.83671,-8.940821740576919,2622.5264624435526,7836760868.67,0.3295380071733144,-0.990099009900991,False
600590,泰豪科技,2025-03-17,-7.9125,21.0713,-21349.83184,-10.409536360684024,3114.86876023445,9228650581.62,0.3329056990526221,-4.018264840182639,False
600590,泰豪科技,2025-03-14,10.0,19.2726,12338.370069,6.926301958705676,2723.6313826897635,10021605933.24,0.6271519707609167,-7.98319327731093,False
600590,泰豪科技,2025-03-04,2.4221,14.8411,4631.1109,4.3217423976088885,3532.267626635524,7490897364.24,0.5611751834008871,11.416490486257905,True
600590,泰豪科技,2025-02-25,-2.3913,31.9376,1252.618727,0.5056618822139907,2438.401843925204,7575254316.54,0.5103687151376166,3.073545554335899,True
600590,泰豪科技,2025-02-25,-2.3913,31.9376,1252.618727,0.5056618822139907,2438.401843925204,7575254316.54,0.5103687151376166,3.073545554335899,True
600590,泰豪科技,2025-02-24,10.0478,1.6377,4597.884,36.17565753178371,7813.846479177461,7760839611.6,0.7314843120362393,1.2222222222222134,True
600590,泰豪科技,2025-02-17,10.0358,5.5033,4957.9065,17.542427176156576,3720.380616141218,5179516871.22,0.7357611893262629,-1.7910447761193993,False
600590,泰豪科技,2025-01-07,10.0671,2.6277,1073.786654,10.159542026601391,3381.751983044159,4150362053.16,0.6502112230219801,0.405679513184598,True
600592,龙溪股份,2026-06-10,-10.0197,4.7746,-2026.102,-5.624488779557095,1713.325633594107,7283861599.33,0.3358604847416426,-6.179138321995459,False
600592,龙溪股份,2025-12-25,10.0205,9.8265,11258.204822,10.962550620005189,2460.660814852343,10704040167.09,0.7227562318592662,-3.033625730994149,False
600592,龙溪股份,2025-12-05,2.9218,25.8955,-12403.495013,-4.268012367693512,1533.104664894248,11259419630.78,0.3608049252792562,-1.241134751773043,False
600592,龙溪股份,2025-05-19,-7.8567,20.5891,-8540.795876,-3.886566987387961,2483.7650990615634,10684062488.54,0.4217605765364765,-2.77989337395278,False
600592,龙溪股份,2025-03-13,-10.0104,17.5185,-8234.317498999999,-6.534316031653799,3354.1952571845954,6896294635.46,0.4025948770028001,4.795321637426908,True
600592,龙溪股份,2025-03-10,-4.0796,26.5902,1121.267152,0.5164983298949742,2241.0437171152444,7703392848.88,0.511523611207367,4.382683057188674,True
600592,龙溪股份,2025-03-10,-4.0796,26.5902,1121.267152,0.5164983298949742,2241.0437171152444,7703392848.88,0.511523611207367,4.382683057188674,True
600595,中孚实业,2025-06-27,10.049,5.5616,-15395.638034,-15.536151211388932,4134.555923773823,17995493961.86,0.3121182601249194,-3.8374717832957095,False
600595,中孚实业,2025-02-06,10.0977,4.3515,2336.70845,3.9777254614285287,3825.6804659802647,13546719285.32,0.5519871627649031,6.289308176100628,True
600604,市北高新,2026-05-22,-8.6356,8.2529,-1252.788603,-2.0380525524017106,1721.4848281379066,7521835313.16,0.4408053873293142,-5.192307692307696,False
600604,市北高新,2026-03-20,10.0386,5.4354,2202.077436,5.179772906794238,3888.677532209245,8103550282.8,0.5666006999023585,-3.085299455535384,False
600604,市北高新,2025-07-18,-8.2857,10.3641,-2703.9093,-2.751410548672113,1720.7989846514924,9118781141.68,0.4200542720790439,-1.5999999999999903,False
600604,市北高新,2025-07-17,-2.9126,14.9767,-4519.831852,-3.1455157557229643,1842.2491405184785,9936502478.0,0.414628383139381,-7.4074074074074066,False
600606,绿地控股,2025-07-16,-10.0877,3.3081,-2255.42499,-2.314501411851768,1478.1174895176694,28811147543.7,0.4217077996754161,1.5151515151515138,True
600606,绿地控股,2025-07-15,-0.4367,6.2511,-319.23118900000003,-0.1690379820730388,1335.1238842895343,32043617755.92,0.4936695768811375,-8.333333333333337,False
600606,绿地控股,2025-07-14,10.0962,5.3092,-9866.892508,-5.791133770224151,1806.7969057206133,32184159939.06,0.3397403230023121,0.4651162790697771,True
600610,中毅达,2025-11-07,10.0179,17.0002,25026.158369,17.17009256088863,2531.4517244513754,8839500511.5,0.8391352952742914,0.1596169193934571,True
600610,中毅达,2025-08-05,10.0324,14.2416,10710.156834,8.126994383591551,2880.951699235776,9743547948.0,0.6410470433389666,-3.620564808110061,False
600610,中毅达,2025-06-26,5.6447,23.9453,6288.395683,2.2100411501833257,1746.8897137924805,12701701254.9,0.5632564589720248,-5.613425925925942,False
600610,中毅达,2025-06-25,-2.5478,26.5098,-13051.563288,-3.9955693800146888,2072.5515168466304,12027690165.15,0.4036074773645696,6.930693069306937,True
600610,中毅达,2025-06-25,-2.5478,26.5098,-13051.563288,-3.9955693800146888,2072.5515168466304,12027690165.15,0.4036074773645696,6.930693069306937,True
600610,中毅达,2025-05-28,-7.6336,16.6758,-2561.411399,-1.4729326737524089,1221.1535565755148,10388729676.6,0.439690931340242,-3.9121482498284177,False
600610,中毅达,2025-05-22,-10.0063,23.2768,-9393.872603,-3.9679382503153446,1206.407351846695,10167582958.05,0.3355473280131514,3.571428571428581,True
600610,中毅达,2025-05-21,-5.1082,32.6334,-6680.25147,-1.706908906836162,1392.0367211805412,11289893671.95,0.4386902342134844,-1.4778325123152802,False
600610,中毅达,2025-05-21,-5.1082,32.6334,-6680.25147,-1.706908906836162,1392.0367211805412,11289893671.95,0.4386902342134844,-1.4778325123152802,False
600610,中毅达,2025-05-15,-7.5852,27.5379,-18251.916476,-6.459596351524574,2345.784834037056,9510629282.4,0.3623148155406965,10.9478324761205,True
600610,中毅达,2025-05-09,-10.0304,1.8327,-2104.3232,-13.683432522115377,5709.347355778485,8485738507.2,0.3801664037110455,6.578947368421062,True
600610,中毅达,2025-05-07,10.0343,19.4869,1044.784482,0.6093489563589046,1736.311780515792,9197107665.15,0.5175472217373855,-6.0317460317460325,False
600610,中毅达,2025-04-24,-1.2346,21.2683,285.380767,0.197072856649023,1103.191189539173,6895668168.0,0.5089319448214297,-2.812499999999996,False
600610,中毅达,2025-04-23,-10.0,3.1256,-5712.93,-26.532233673252893,5280.309493822312,6977111772.6,0.2487625137854681,8.967082860385922,True
600610,中毅达,2025-04-22,-10.0,12.1295,-7080.196806,-7.44829706170124,1875.5990693687256,7744338414.0,0.301442184970583,-9.362139917695478,False
600610,中毅达,2025-04-21,6.6667,28.0011,-3925.0149,-1.6386920909846845,1964.4000542260155,8604900540.0,0.4582902655836481,-10.16635859519408,False
600610,中毅达,2025-04-21,6.6667,28.0011,0.0,0.0,20000.0,8604900540.0,0.5,-10.16635859519408,False
600610,中毅达,2025-04-16,4.186,23.2349,-4138.67069,-2.326379624823185,1356.757465866548,8036838096.0,0.4142669311446408,-4.4183949504057685,False
600610,中毅达,2025-04-01,-9.9576,25.9265,-845.1174390000001,-0.5248380600588586,1086.332713024519,6117870592.5,0.4758435857741213,3.902439024390248,True
600610,中毅达,2025-03-31,-10.0095,1.2464,-334.0816,-4.0061580955184,5998.596316462718,6780470095.2,0.4666075371289464,-3.86869871043376,False
600610,中毅达,2025-03-28,-10.0343,19.8745,-3244.499074,-2.1344200699545537,1192.332771073837,7530759255.45,0.4104939442353725,-9.639830508474578,False
600610,中毅达,2025-03-27,10.0,5.9072,0.0,0.0,20000.000000000004,8370780300.3,0.5,-18.96995708154508,False
600610,中毅达,2025-03-26,9.9585,14.9624,0.0,0.0,20000.000000000004,7617367833.0,0.5,4.29722470904208,True
600610,中毅达,2025-03-25,10.0457,9.8257,3731.0184,5.650757886708818,2291.93279412768,6937350556.2,0.6232749472669316,6.889952153110057,True
600610,中毅达,2025-03-24,10.0503,15.324,206.5232,0.2248351719560097,1433.741703573805,6313671055.8,0.5078408534604097,16.1111111111111,True
600610,中毅达,2025-03-19,8.9802,23.3931,2909.719132,2.6074475587670856,1975.4025881027924,5177185807.8,0.5659978774572559,2.898550724637672,True
600610,中毅达,2025-03-18,10.0503,4.6605,1893.3243,8.763579300344212,4143.447329097307,4760118131.85,0.6057522710473726,3.4482758620689724,True
600610,中毅达,2025-03-13,5.336,16.5206,1909.417412,3.2373732510373,1655.2079671968474,3869405137.65,0.5977935496685624,-2.782931354359919,False
600611,大众交通,2026-06-09,10.0737,5.408,4474.612334,12.18130113959289,3210.817357064357,7147001674.22,0.689691592279329,-2.19780219780219,False
600611,大众交通,2026-05-22,10.0539,3.7397,4310.3708,12.02752277708721,2328.4296114024883,9736884159.32,0.7582754213008536,-10.62215477996965,False
600611,大众交通,2025-05-07,10.0649,14.0586,9043.98337,6.2269715158747765,2491.224174995313,10766653506.42,0.6249781448489373,1.0835913312693624,True
600615,鑫源智造,2025-04-25,-10.0279,15.5873,-546.969496,-1.3578260888626144,2182.9613409722783,2424108643.36,0.4688994472009787,-4.941860465116276,False
600615,鑫源智造,2025-04-25,-10.0279,15.5873,-546.969496,-1.3578260888626144,2182.9613409722783,2424108643.36,0.4688994472009787,-4.941860465116276,False
600615,鑫源智造,2025-04-24,10.0383,16.9051,3873.047318,8.53865225271002,2681.1520685955147,2694287934.88,0.6592347624128398,-14.569536423841056,False
600617,国新能源,2026-03-03,10.119,3.3619,5940.341964,27.17222995119915,4163.25131504993,6606844677.441,0.8263342505048038,-9.595959595959592,False
600617,国新能源,2025-11-14,10.1064,6.9122,5323.055849,10.787879385121322,2580.0324975427534,7389159004.21,0.7090647965751554,-2.304147465437778,False
600617,国新能源,2025-10-23,-1.9139,12.0776,-206.276362000001,-0.2267307603227112,1392.827134002398,7317676349.389,0.4918607717071399,-3.6745406824147056,False
600617,国新能源,2025-10-22,-9.9138,12.5293,-3542.2158280000003,-3.7597200466075833,1820.451397346432,7459412466.335,0.3967365991729328,-4.749999999999998,False
600617,国新能源,2025-10-15,10.119,3.7277,711.55872,2.9639206697849625,3823.392597274492,6609303062.833,0.5387603495374474,-10.301507537688448,False
600617,国新能源,2025-10-14,10.1639,5.989,-279.735566,-0.8064548581395629,3982.3339841214497,6004389355.877,0.4898745953835728,16.03498542274051,True
600618,氯碱化工,2026-01-30,5.8612,8.2516,3204.889752,3.119617245130683,1871.140485883813,13566923575.2,0.5833613849057722,-6.870229007633599,False
600618,氯碱化工,2025-11-07,10.0352,2.0714,4516.6336,23.770890529058427,5169.450042544767,9661657300.0,0.7299170156730708,-4.963503649635037,False
600626,申达股份,2025-08-05,10.1235,2.6232,3032.453384,23.93157023542437,5331.883330677078,4941585046.6,0.7244194851163912,-6.181015452538641,False
600629,华建集团,2026-04-09,10.0198,3.1691,7046.997598999999,10.693345156663742,3259.484157224093,21140136169.0,0.6640343171014308,0.0,False
600629,华建集团,2025-10-28,-9.9777,15.2718,-7318.134821,-2.009975841856575,1012.3167339033724,23046370269.0,0.4007239644203871,0.3004506760140302,True
600629,华建集团,2025-10-27,-9.9866,16.4197,-9385.449308,-2.202791037572075,1184.5146535694505,25600723963.0,0.4070171470258252,-6.856343283582101,False
600629,华建集团,2025-10-24,-10.0121,1.9665,-1919.258072,-3.431627078131336,3488.5838828776914,28441012772.0,0.4508163313060337,-6.293706293706281,False
600629,华建集团,2025-10-23,-9.9891,0.169,-3652.282192,-68.3724625985474,9700.242100689056,31605361378.0,0.1475734219371155,-7.853403141361259,False
600629,华建集团,2025-10-22,-9.9927,0.9357,-2768.1576,-8.42556149852547,2605.0391899619867,35112832122.0,0.3382834022038568,-10.003624501631036,False
600629,华建集团,2025-10-21,9.9973,5.1592,-0.02,-4.722566993225563e-07,20000.0,39011080856.5,0.4999999988193582,-10.013046314416174,False
600629,华建集团,2025-10-10,5.0883,11.3457,-2757.89454399999,-0.8906379680902086,3798.926944761858,28345701067.0,0.4882777692090359,2.8475711892797406,True
600629,华建集团,2025-10-09,-1.3594,11.9645,17666.256243,5.427735082609194,3320.194408849768,26973212515.0,0.5817382118971997,12.641509433962272,True
600629,华建集团,2025-08-01,10.0402,11.3599,6809.169220999999,4.982015802330185,2229.065539283362,13057703585.0,0.6117512184933755,-6.288209606986895,False
600629,华建集团,2025-08-01,10.0402,11.3599,6809.169220999999,4.982015802330185,2229.065539283362,13057703585.0,0.6117512184933755,-6.288209606986895,False
600629,华建集团,2025-07-25,5.0045,11.6496,-1398.883944,-1.1613569378144426,1706.0413154654143,10998970757.0,0.465963399382927,4.895833333333344,True
600629,华建集团,2025-07-23,-3.7997,16.2605,-1732.667002,-0.9772098689069564,1119.388871662952,10617723937.0,0.4563507421931387,1.4874141876429992,True
600629,华建集团,2025-04-16,10.0662,3.1512,2135.8255,8.773055082852851,2861.2774619213064,7920402685.5,0.6533066121620004,-3.3430232558139483,False
600636,退市国化,2026-06-17,2.2099,2.8763,856.557757,37.01291626946542,9939.748180493836,811478083.7,0.6861863882130388,1.0810810810810922,True
600636,退市国化,2026-06-16,0.5556,3.4853,407.733347,14.533748189133297,8435.72510556869,793932611.62,0.5861440362698586,1.0928961748633892,True
600636,退市国化,2026-06-15,9.7561,2.0563,531.9443259999999,33.764205840524106,8107.40556997596,789546243.6,0.7082306451126771,-1.0810810810810811,False
600636,退市国化,2026-06-12,2.5,2.1131,310.961889,20.82514299284337,6523.201275699686,719364355.28,0.6596236426922887,10.119047619047628,True
600636,退市国化,2026-06-11,3.8961,3.2132,131.971804,5.913481177154263,5947.744862473001,701818883.2,0.5497119607001393,4.999999999999982,True
600636,退市国化,2026-06-10,-9.9415,5.0458,95.1795630000001,2.734807975688316,5377.690832245425,675500675.08,0.5254273447563219,5.263157894736836,True
600636,退市国化,2026-06-09,-10.0,5.1236,154.586715,3.904516590418493,4849.475716770214,750068931.42,0.5402571001326607,-7.317073170731703,False
600636,退市国化,2026-06-09,-10.0,5.1236,154.586715,3.904516590418493,4849.475716770214,750068931.42,0.5402571001326607,-7.317073170731703,False
600636,退市国化,2026-06-08,-0.5236,3.3002,305.354675,11.023825503113413,7121.443667615901,833409923.8,0.5773988113761487,-13.227513227513231,False
600636,退市国化,2026-06-05,0.5263,4.3167,272.298581,7.541158753961448,4440.061848901809,837796291.82,0.5849217759863712,-1.0471204188481686,False
600636,退市国化,2026-06-04,-6.4039,8.3729,123.606849,1.7680775157758917,3372.1524354254407,833409923.8,0.5262158598941394,-1.5463917525773252,False
600636,退市国化,2026-06-03,-9.7778,5.4042,145.731676,3.0242589763562444,4429.137525417605,890432708.06,0.5341404952883135,2.1052631578947434,True
600636,退市国化,2026-06-03,-9.7778,5.4042,145.731676,3.0242589763562444,4429.137525417605,890432708.06,0.5341404952883135,2.1052631578947434,True
600636,退市国化,2026-06-02,-10.0,7.3877,608.73468,8.212456157534186,4092.172425041829,986932804.5,0.6003434765758953,-6.4039408866995,False
600636,退市国化,2026-06-01,-44.5676,19.8438,4841.841139,23.43341654630915,3538.888610574999,1096592005.0,0.8310844042432532,-15.416666666666668,False
600636,退市国化,2026-06-01,-44.5676,19.8438,4841.841139,23.43341654630915,3538.888610574999,1096592005.0,0.8310844042432532,-15.416666666666668,False
600636,退市国化,2025-01-22,-10.0116,0.4853,-679.0032,-41.26849894291755,8021.611463471929,3390662479.46,0.242766779899262,-3.181189488243441,False
600636,退市国化,2025-01-20,10.0346,1.4511,3274.329054,53.97670240931313,8628.336872760074,4184595091.08,0.8127874073839145,-10.070257611241209,False
600640,国脉文化,2026-05-18,10.0318,2.7215,2161.610387,7.481321513165179,2947.496896171541,10996517890.8,0.626909743702912,2.106027596223692,True
600643,爱建集团,2026-04-01,10.0427,4.173,7520.6311,22.66793628607959,3268.4976049883844,8190311337.4,0.84676385033117,2.6923076923076827,True
600643,爱建集团,2026-03-17,10.1075,5.7581,1113.514265,2.416370950196809,3742.8694587974783,8142600785.92,0.5322796583850556,2.6000000000000023,True
600643,爱建集团,2025-07-02,-10.049,11.0035,-3932.186261,-3.0347608324893747,1695.5260750738394,11673181595.44,0.4105068073825638,0.7342143906020615,True
600643,爱建集团,2025-07-01,9.973,20.732,2407.712505,0.9489996309925328,1299.0494529779055,12977270002.56,0.5365266937612372,-10.394736842105267,False
600643,爱建集团,2025-06-30,7.2254,18.7177,-1787.782358,-0.871389408380651,1321.3578971654904,11800409732.72,0.4670267453560495,6.293706293706292,True
600645,中源协和,2026-04-03,-10.0063,6.951,-2025.407439,-2.147943384055744,2379.4652926366925,13294028089.3,0.4548649986469102,3.3571428571428585,True
600645,中源协和,2025-11-24,10.0156,3.614,5936.047439,12.671729626165916,3714.6834212035474,13205151757.95,0.670562712744715,1.2627148368993255,True
600649,城投控股,2026-01-20,10.1075,3.5819,4772.494453,10.569882605930257,4284.536218526098,12823043932.16,0.6233492035873879,1.923076923076916,True
600651,飞乐音响,2025-08-25,-9.1139,6.7636,-13134.167208,-10.594412693871703,2164.1469418009056,18000461147.7,0.2552288966789032,-0.4178272980501329,False
600651,飞乐音响,2025-08-06,-7.6052,4.9153,-691.4215849999999,-0.9728206640874084,1520.7929864841988,14315129965.65,0.4680160063620363,11.09154929577465,True
600651,飞乐音响,2025-08-04,10.0719,4.8711,2675.98958,3.694933452587913,2017.0688474480792,15343011451.8,0.5915916543270847,1.6949152542372836,True
600651,飞乐音响,2025-07-30,10.0386,4.9505,4139.563368,6.0738061573858975,3674.611209983981,14290059685.5,0.58264556180642,-5.709342560553631,False
600651,飞乐音响,2025-07-25,10.0218,3.9536,5590.626703,11.462554041959764,2624.913179195037,12660491475.75,0.7183415842628916,-1.807228915662662,False
600651,飞乐音响,2025-06-03,10.1266,2.3349,3843.905385,15.655769065433764,3680.443655583517,10905571865.25,0.7126886121688447,-4.269662921348328,False
600657,信达地产,2025-01-10,10.0756,0.7526,2515.0465,26.83483356485018,5280.073714084946,12462709460.15,0.7541141944028782,-2.483069977426622,False
600662,外服控股,2026-01-16,-10.0291,5.3281,-2142.5868960000003,-2.774200799212958,1739.4687930514551,14091356183.28,0.4202572414551246,0.0,False
600662,外服控股,2026-01-15,10.08,6.3803,2509.112125,2.529273222370658,2463.351001457773,15662121250.56,0.5513380598395006,-7.200000000000006,False
600662,外服控股,2026-01-14,10.0352,3.334,-4444.532168,-9.691788121552204,3141.832364152087,14227944450.0,0.3457621699977649,-8.35777126099707,False
600662,外服控股,2026-01-13,10.0775,1.9253,4554.052933,18.77810258624576,5277.962681936114,12930355916.16,0.6778915816373051,18.197573656845776,True
600666,奥瑞德,2026-04-20,0.9873,28.0867,-3702.61898,-0.7256088004424125,1957.8034287254443,17916134816.56,0.4814688035122403,-3.483309143686497,False
600666,奥瑞德,2026-04-17,3.5036,33.8139,-14815.182266999998,-2.503882397155484,1842.924052334031,17740977073.94,0.4320676727295311,-2.545968882602556,False
600666,奥瑞德,2026-04-14,0.9346,23.4183,-939.579,-0.2525296910142233,1339.143242171471,15679999018.8,0.4905712218431264,-0.9508716323296308,False
600666,奥瑞德,2026-04-10,-3.9634,23.9505,-2934.094656,-0.7821129699615267,1569.7182359923097,15244443490.5,0.4750874726422762,9.98336106489186,True
600666,奥瑞德,2026-04-09,0.9231,34.6262,-8139.413836,-1.4450965199761556,1460.584883899225,15873579253.6,0.450530211016621,-8.384146341463417,False
600666,奥瑞德,2026-04-02,-1.5949,30.8438,-27966.959285,-5.973047472619807,1674.944985743562,14929875608.95,0.3216942191098838,-8.212560386473422,False
600666,奥瑞德,2026-03-31,-8.6538,26.342,10432.671768,2.7965652464120523,2167.117299669714,13792591729.5,0.5645227013516589,5.912162162162149,True
600666,奥瑞德,2026-03-30,2.6316,38.1109,-1704.8811489999998,-0.3124383476994491,1731.896755706034,15099258314.4,0.4909798795260148,-1.661129568106301,False
600666,奥瑞德,2026-03-30,2.6316,38.1109,-1704.8811489999998,-0.3124383476994491,1731.896755706034,15099258314.4,0.4909798795260148,-1.661129568106301,False
600666,奥瑞德,2026-03-27,9.9458,43.0522,7848.237212999999,1.282440640201705,1551.4369937826536,14712097844.8,0.5413307354839757,3.7931034482758585,True
600666,奥瑞德,2026-03-27,9.9458,43.0522,7848.237212999999,1.282440640201705,1551.4369937826536,14712097844.8,0.5413307354839757,3.7931034482758585,True
600666,奥瑞德,2026-03-26,4.7348,42.8956,-22767.868415,-3.8636411868135503,1808.961630122564,13381233730.55,0.3932083156857292,9.022556390977442,True
600666,奥瑞德,2026-03-20,-10.041,26.5617,-4831.1996850000005,-1.622672997905497,2209.536817578612,10622715384.65,0.4632802453211946,2.7906976744185963,True
600666,奥瑞德,2025-08-11,10.0529,9.6232,5224.015354,5.562156614565508,2817.63670586344,10066172209.6,0.5987025155335105,-0.4807692307692401,False
600666,奥瑞德,2025-07-28,10.089,7.3061,14561.310452000002,22.45568291660239,3892.543042771767,8977283388.85,0.7884448889820413,-3.191489361702116,False
600666,奥瑞德,2025-07-01,-8.6111,21.5053,7861.878739,4.431681888805235,1970.4939010731732,7960987156.15,0.6124510430200175,-1.2383900928792602,False
600666,奥瑞德,2025-06-30,5.2632,27.0455,-5941.969,-2.5315508483169324,1688.6811505356543,8711110566.0,0.4250435510719736,-10.027855153203337,False
600666,奥瑞德,2025-02-11,10.1449,19.5528,-3466.240279,-2.4571505547964843,1656.7843016294294,7356048922.4,0.4258457919845116,0.336700336700324,True
600673,东阳光,2026-03-09,5.8201,6.9848,-13723.395034,-1.74918048737846,3322.765744047595,120062317080.0,0.4736788473501037,-5.679012345679002,False
600673,东阳光,2025-09-11,4.657,7.6912,6152.8993200000095,1.0762446177587406,2720.015522300595,75549213022.59,0.5197837955139397,-6.106264869151468,False
600673,东阳光,2025-01-15,-9.0404,3.9092,-6217.519207,-4.493142796579949,3667.5883362694826,34427869422.69,0.4387452682169043,3.6300777873811594,True
600673,东阳光,2025-01-07,10.0089,4.638,5224.83494,3.239804498204446,2612.007676288664,36949178081.37,0.5620175148720812,0.7905138339920903,True
600675,中华企业,2026-01-20,10.1449,3.2239,4530.109085,7.871127244753426,3002.43719694099,18380251406.24,0.6310789656611779,0.0,False
600676,交运股份,2026-05-18,10.068,2.6463,2748.314473,12.535725743063969,5292.821947047902,8320507916.96,0.6184219483337791,-4.121212121212114,False
600676,交运股份,2026-05-12,-9.9768,4.8845,-1715.7440780000002,-4.235049068152576,2590.729323038664,7981105245.44,0.4182653118083118,0.0,False
600676,交运股份,2026-01-22,-8.8505,8.0681,-6307.49969,-8.365421826452803,2621.100500201321,9215296778.24,0.3404215743385216,-4.610318331503837,False
600676,交运股份,2026-01-14,9.854,14.9693,13324.778354,9.747158071868991,3258.189337988485,9287291284.32,0.6495793684888587,-0.444938820912133,False
600676,交运股份,2025-06-04,-9.9819,14.2452,-4740.220418,-6.406639381472651,1683.6501731873327,5101325002.24,0.3097395918849286,-1.2219959266802527,False
600676,交运股份,2025-06-03,3.9623,20.0233,-3470.6120560000004,-3.029865076218787,1983.886374633124,5666996121.44,0.4236381398914771,-6.476190476190469,False
600682,南京新百,2025-07-24,10.0662,11.1872,-1704.0370870000002,-1.593575617092508,2841.567293164105,9681650885.25,0.4719595657486955,-2.784810126582282,False
600682,南京新百,2025-07-23,10.0583,2.9619,8382.961516,32.76903868192666,5361.89780223776,8796205076.25,0.8055731374463224,-1.126408010012514,False
600683,京投发展,2026-05-13,-7.6259,10.6416,-3472.824328,-2.2425309164038074,2880.43024464891,14267376518.22,0.4610729869162802,-5.136436597110761,False
600683,京投发展,2026-05-13,-7.6259,10.6416,-3472.824328,-2.2425309164038074,2880.43024464891,14267376518.22,0.4610729869162802,-5.136436597110761,False
600683,京投发展,2026-04-22,10.0418,4.6655,1756.4658129999998,3.993398627850164,3257.519178962906,9741225400.55,0.5612950900433614,-1.4814814814814723,False
600683,京投发展,2026-03-20,10.0304,6.6849,2303.271034,4.438890500466,3027.9558541362976,8044844703.42,0.5732984679152822,2.857142857142869,True
600683,京投发展,2026-03-20,10.0304,6.6849,2303.271034,4.438890500466,3027.9558541362976,8044844703.42,0.5732984679152822,2.857142857142869,True
600683,京投发展,2026-02-09,10.0826,14.8431,2419.943459,3.46066062257129,1893.186733569016,4933578796.02,0.5913977623339692,0.0,False
600683,京投发展,2026-02-06,-8.3333,15.5214,-2312.158191,-3.1623708763369764,1625.7376959429148,4481704461.85,0.4027404333359317,3.727714748784439,True
600683,京投发展,2026-02-04,10.0917,11.9257,576.035945,1.12022972525453,3350.2207834037245,4444665582.0,0.5167187447884616,9.999999999999986,True
600683,京投发展,2025-11-03,-9.9476,6.7411,78.0896,0.3025621210989608,1652.8504318473565,3822412400.52,0.5091527374549188,-1.4314928425357754,False
600683,京投发展,2025-10-31,4.3716,16.4055,-963.4936,-1.4115199926478,1272.5199640319172,4244655630.81,0.444538394974352,-5.232558139534893,False
600683,京投发展,2025-10-30,10.02,4.2585,-877.3356,-5.075982400241351,4085.087856002681,4066869007.53,0.4378718086468736,-6.181818181818177,False
600688,上海石化,2026-06-04,10.0977,2.398,10826.53822,18.22933390949488,6383.751389705037,24771389630.0,0.6427791653892804,-10.054347826086962,False
600688,上海石化,2026-03-02,10.0946,3.4257,-746.882414000002,-0.8748171477545164,3268.454112801233,25577559115.0,0.4866172643463433,3.1830238726790583,True
600689,上海三毛,2025-09-09,10.0291,4.4843,3207.5287,31.867779001001605,6090.899624368933,2350962501.02,0.7616015774870315,3.4708578912901134,True
600691,潞化科技,2026-03-20,-10.0467,7.2528,-603.514334,-0.9013609748036848,1350.8709687544942,9146005915.2,0.4666377842276549,-3.835616438356171,False
600691,潞化科技,2026-03-17,10.0233,17.5832,-6178.06714,-3.200014735446725,2502.8975459583157,11212765693.44,0.4360737969355933,-0.6521739130434634,False
600691,潞化科技,2026-03-16,-3.1603,16.0424,-5223.657461,-3.030905752489076,2274.6210985339158,10191263734.08,0.4333755904567442,9.523809523809511,True
600691,潞化科技,2026-01-06,10.1449,1.6014,3500.0224340000004,30.949591891570165,5542.934717701474,7221781294.08,0.7791805556786734,-5.757575757575761,False
600691,潞化科技,2025-09-17,-9.621,6.9511,-2913.298802,-5.599159896960271,2167.1557923302203,7364316451.2,0.3708177806880278,-5.228758169934644,False
600698,湖南天雁,2026-03-24,10.0592,2.942,1365.4289,7.7074189104853,3542.1526436513886,6222720953.04,0.6087956912909912,16.400000000000013,True
600698,湖南天雁,2025-08-07,2.6758,26.873,-4193.393671,-1.3756046005636962,2070.969947382973,11209496989.53,0.4667883978156706,0.1543209876543105,True
600698,湖南天雁,2025-07-07,9.99,23.9519,5108.366705,2.528660438475617,2223.8256566166583,9193391433.71,0.556853837236565,3.912647861692453,True
600698,湖南天雁,2025-07-02,6.5058,26.4311,13084.620807,5.861901544964401,1812.836470249309,8479294500.65,0.6616776151948843,-2.805611222444904,False
600698,湖南天雁,2025-05-07,10.0855,8.3204,-570.023394,-1.2982711427760874,2492.7764593654165,5392733545.24,0.473959334823256,2.6645768025078453,True
600703,三安光电,2026-03-24,-6.9846,9.3929,-650.183393999994,-0.1015939214927446,1817.969024475979,69097909368.95,0.4972058401401523,2.3477622890682115,True
600703,三安光电,2026-03-05,10.0273,1.5925,88920.6575,69.4234720581796,7964.126038971142,80472872066.51,0.935851163821788,-4.449648711943787,False
600703,三安光电,2026-01-16,10.0348,6.5027,55237.082195,11.089863915622498,2561.6522112027114,78776605699.33,0.7164592029145076,-1.6949152542372836,False
600707,彩虹股份,2026-05-29,-10.0368,5.5812,16707.884887,8.240202451135238,2431.3400878990046,35051533281.64,0.6694580386377754,0.8188331627430934,True
600707,彩虹股份,2026-04-27,10.0372,4.8308,7231.775084999999,4.923261177887466,3267.2968899520333,31858507220.16,0.5753415031402265,-4.601571268237937,False
600707,彩虹股份,2026-04-17,10.0282,3.305,9262.16352,10.219761746515813,2596.075364100528,27947947212.28,0.6968309912693287,4.957678355501827,True
600707,彩虹股份,2026-04-10,10.0313,2.5759,17900.066364,27.662526311678416,5003.99933370339,25185441518.64,0.7764041766089302,-2.877697841726623,False
600708,光明地产,2026-01-15,10.0865,1.8427,4743.885102,31.186749457395603,6528.579980247607,8500561085.22,0.7388478777295518,-6.549118387909325,False
600708,光明地产,2025-12-26,10.1538,2.7799,4326.127326,20.032809803807464,4055.5821900114993,7966494420.18,0.7469782248914386,3.4285714285714253,True
600708,光明地产,2025-10-22,10.0737,4.5442,-1141.645836,-2.5812318911220413,4216.025626642367,9969244414.08,0.4693878533990586,-6.053811659192821,False
600708,光明地产,2025-03-17,10.1538,3.083,2070.709382,8.660880709830804,3561.097532012353,7966494420.18,0.6216040930074808,4.829545454545459,True
600708,光明地产,2025-02-11,-8.3333,3.1496,-3522.4343710000003,-14.47791416443951,3166.737751227266,7588197199.11,0.2714064867097281,-1.764705882352946,False
600718,东软集团,2025-09-19,10.0292,2.0098,10145.4112,37.56535477349257,6488.264592273243,13438000137.6,0.7894869208804192,-3.508771929824561,False
600718,东软集团,2025-03-06,10.0441,6.9444,6164.734978,6.054338457193746,4631.624138901636,15034256315.32,0.5653586978954374,1.3449367088607556,True
600718,东软集团,2025-01-02,-10.0279,7.1615,-7057.68519,-8.398761047280635,2865.3354510246186,11663886604.92,0.3534419234530233,-7.45945945945945,False
600722,金牛化工,2026-05-12,-10.0071,15.0088,-16787.38236,-12.577030052174884,2769.635217781737,8626453491.68,0.2729478963253489,-1.8578352180937063,False
600722,金牛化工,2026-03-31,-9.8788,18.4314,-620.7925,-0.3163525448894014,1102.7871083569712,10116353582.12,0.4856566810360736,-2.2282241728561747,False
600722,金牛化工,2026-03-27,-1.6807,22.6668,2045.428864,0.723888119044978,1221.2079004109462,11939610313.8,0.5296382016035674,-12.081274025260846,False
600722,金牛化工,2026-03-18,-10.0,19.1341,-14321.152134,-6.155587004712412,1993.612122553685,11817152772.12,0.3456172357934021,-12.702702702702704,False
600722,金牛化工,2026-03-17,4.8913,29.528,284.171633999997,0.0775547105067875,1873.4739498050008,13130169746.8,0.5020698102184676,-1.0695187165775333,False
600722,金牛化工,2026-03-17,4.8913,29.528,284.171633999997,0.0775547105067875,1873.4739498050008,13130169746.8,0.5020698102184676,-1.0695187165775333,False
600722,金牛化工,2026-03-09,-2.2173,28.7966,-2843.5797620000003,-1.0254265651791594,1393.21758432827,9000629313.48,0.4631993388285591,2.602854743912686,True
600722,金牛化工,2026-03-05,2.6711,27.0147,3007.147566,1.3714188037886976,1702.4238127542806,8367932014.8,0.5402784193193919,28.94280762564993,True
600722,金牛化工,2026-03-05,2.6711,27.0147,3007.147566,1.3714188037886976,1702.4238127542806,8367932014.8,0.5402784193193919,28.94280762564993,True
600722,金牛化工,2026-03-04,5.5507,29.0171,-10558.621252,-4.467440970205758,1874.5093343459505,8150229718.48,0.3808370572407811,3.963963963963968,True
600722,金牛化工,2026-02-06,10.0637,11.174,4585.732835,7.265684869687263,2381.195040332652,5877962000.64,0.6525638334244188,5.105438401775819,True
600722,金牛化工,2026-01-30,1.3937,19.8763,-6833.200534999999,-6.145329305923996,1588.9963650630018,5939190771.48,0.3066285914480257,-4.683544303797471,False
600722,金牛化工,2025-06-24,-10.0515,15.0329,-1172.8988,-1.6394011340502206,1874.626015164793,4748631338.48,0.4562739148825344,-0.158478605388268,False
600722,金牛化工,2025-06-19,6.2581,29.6121,-373.560789000002,-0.2383392205238052,1874.32603299682,5544605359.4,0.4936420020762682,-7.682458386683733,False
600722,金牛化工,2025-06-19,6.2581,29.6121,-373.560789000002,-0.2383392205238052,1874.32603299682,5544605359.4,0.4936420020762682,-7.682458386683733,False
600722,金牛化工,2025-06-18,10.043,6.5235,-124.4074,-0.3654768000226088,3713.307379169291,5218051914.92,0.4950788237721331,11.095305832147927,True
600724,宁波富达,2026-05-08,10.068,1.2632,1127.407435,7.775004541768535,4840.374213038561,11689586151.76,0.5803140852294533,-1.741293532338295,False
600724,宁波富达,2026-04-01,10.0826,2.8036,110.100322,0.4137304305139256,3932.682371802825,9623318142.24,0.5052601556825483,-1.49253731343284,False
600726,华电能源,2026-06-05,-10.0096,5.7315,-21705.569264,-5.2091933892948905,2150.167301163821,69998505545.282,0.3788653937190071,4.513064133016642,True
600726,华电能源,2026-06-04,7.0031,7.5796,25509.143951,4.435075838155302,1796.1866888768625,77779335201.632,0.6234580978029769,-17.288801571709232,False
600726,华电能源,2026-06-01,-6.2192,6.83,-6004.3517520000005,-1.2050144570555572,2064.1716056903897,71112029976.446,0.4708111851327273,-5.6842105263157805,False
600726,华电能源,2026-04-28,10.0313,7.541,-9832.22607,-2.6686354115163726,2681.894544409929,52555916180.526,0.4502471971338543,1.8705035971223083,True
600726,华电能源,2026-04-27,10.0,7.6534,16867.171072999998,4.988677336928252,2451.0329405660545,47771269007.404,0.6017668358177214,9.79462875197472,True
600726,华电能源,2026-04-24,10.0569,6.6706,-7764.433061,-2.716034542885632,2365.287328896032,43434278006.758,0.4425855262972785,12.234042553191491,True
600726,华电能源,2026-04-02,-9.9831,5.5313,-9242.84995,-3.991027169452868,1801.0879932582316,39842660626.902,0.3892051031267784,-4.0307101727447225,False
600726,华电能源,2026-04-01,-7.8003,5.7827,-6014.215461,-2.338212598558944,1633.2765455077254,44253108989.622,0.4284195745971457,-11.993243243243246,False
600726,华电能源,2026-03-31,6.6556,6.9627,8607.793174,2.743285166834108,1646.144964500785,47992073093.628,0.5833245317390999,-5.582137161084521,False
600726,华电能源,2026-03-30,-10.0299,2.0964,-3609.121089,-3.7227693717065176,1896.9019162493437,45001506610.426,0.4018723809645525,11.964285714285715,True
600726,华电能源,2026-03-26,10.0813,7.9825,4484.723135,1.1926537212092994,1717.3799100027832,50687514128.528,0.5347230602344524,-2.599388379204892,False
600726,华电能源,2026-03-25,10.0179,6.1804,5648.34484,2.0651122587271,1735.7533114538664,46053669679.572,0.55948749298359,5.31400966183575,True
600726,华电能源,2026-03-24,5.0752,6.2183,-25.1321559999973,-0.0102404796949263,1511.3222647539044,41864457403.078,0.4996612079391091,12.909090909090914,True
600726,华电能源,2026-03-19,10.0877,6.7726,13146.769776,5.466882298939887,1873.8489930089893,37606539764.532,0.6458730751340126,5.148514851485153,True
600726,华电能源,2026-03-19,10.0877,6.7726,13146.769776,5.466882298939887,1873.8489930089893,37606539764.532,0.6458730751340126,5.148514851485153,True
600726,华电能源,2026-03-13,10.0515,4.9713,3882.009862,2.598790648011715,2068.486909951538,32000901608.536,0.5628186389652474,-3.2558139534883623,False
600726,华电能源,2026-03-13,10.0515,4.9713,3882.009862,2.598790648011715,2068.486909951538,32000901608.536,0.5628186389652474,-3.2558139534883623,False
600726,华电能源,2026-03-11,9.9688,5.2915,-14835.918529,-11.393337900758867,2692.355474392535,26464832814.596,0.28841319415057,15.70247933884299,True
600726,华电能源,2025-04-25,10.1322,4.5282,1472.939312,4.806586060432489,3124.318135240316,6943530085.348,0.5769221611304121,-2.222222222222225,False
600732,爱旭股份,2026-06-10,10.0273,3.0608,852.032125999999,1.1746540694583945,3627.9173247818894,25340490685.21,0.5161890964470781,3.1483015741507803,True
600735,ST新华锦,2025-09-23,10.0707,10.3978,2137.0629,8.27631525309749,3524.7138177408565,2650564882.21,0.6174040742178913,1.001669449081799,True
600735,ST新华锦,2025-09-17,10.0826,15.4862,-3103.385718,-7.349061143290799,3332.6801820645096,2833509167.82,0.3897424783985986,-0.5908419497784201,False
600735,ST新华锦,2025-08-27,-9.9652,1.7887,-430.5357,-7.281208935611039,3456.1103810775294,3305760695.79,0.3946617999315615,-2.908587257617723,False
600735,ST新华锦,2025-07-14,10.0529,3.3513,2934.8641,25.040110825239623,4687.179502668257,3539759200.64,0.7671127787082308,-4.691075514874143,False
600735,ST新华锦,2025-07-07,-9.9631,9.5415,-3548.6861,-11.712397431298502,3558.969189867852,3114307373.64,0.3354523907562488,0.95628415300546,True
600735,ST新华锦,2025-06-13,-9.9459,10.0039,-5061.134164,-14.025826435018368,3989.590857950944,3544013718.91,0.3242197391360822,-0.1200480192076858,False
600735,ST新华锦,2025-06-10,-9.3412,16.2633,2115.758281,3.221292512636952,2329.2174217956026,3922665844.94,0.5691496741028506,4.9073064340239725,True
600735,ST新华锦,2025-05-16,0.1252,20.0332,-278.19335,-0.4134003217362682,1627.3403250826325,3403614616.0,0.487298283113728,1.5789473684210575,True
600735,ST新华锦,2025-05-15,10.0551,22.4583,24.0906039999999,0.0331590417221597,1512.8274217392116,3399360097.73,0.5010959294247866,0.1317523056653557,True
600735,ST新华锦,2025-04-17,-8.1174,15.5882,1177.080861,3.261944926782999,2451.3526202535577,2263403719.64,0.566533572115088,-5.075187969924821,False
600736,苏州高新,2026-05-08,2.1762,20.5868,-15891.105468000002,-6.789859541157541,2174.273075309479,11351748063.02,0.3438590897743814,-3.614457831325313,False
600736,苏州高新,2026-04-28,2.2222,21.7967,1373.552509,0.7114898376463806,2125.680466565502,9003110532.74,0.5167355782968629,2.774274905422458,True
600736,苏州高新,2026-04-24,1.5532,28.0038,3310.588107,1.1341188805296287,1993.029195407672,9785989709.5,0.5284521391644151,-10.933660933660938,False
600736,苏州高新,2026-04-21,10.0159,4.2954,6465.3956,19.423443465710665,4701.3510448036095,7966946916.44,0.7065729965770089,14.344262295081943,True
600736,苏州高新,2026-01-26,10.0559,4.5877,13365.441516,32.29248266106201,5473.0146663068745,9072188107.16,0.7950154953892404,-6.125000000000003,False
600737,中粮糖业,2025-08-14,10.0262,3.5732,6484.370808,6.825584802352498,3205.175085822478,26992264637.36,0.6064775654931341,10.233258088788569,True
600743,华远控股,2026-06-01,4.878,8.0633,-6067.548532,-12.423508668660858,4655.890172893029,6052940254.92,0.3665828852558472,-2.7450980392156765,False
600743,华远控股,2026-04-16,-8.3045,15.9141,-1577.552937,-1.5523315359285454,1461.266862320593,6217167316.1,0.446884050546957,-0.3906250000000111,False
600743,华远控股,2026-04-15,-9.9688,19.2043,2043.765017,1.4544571090194172,1357.3140089355893,6780231525.86,0.5535785050269983,-10.175438596491226,False
600743,华远控股,2026-04-15,-9.9688,19.2043,2043.765017,1.4544571090194172,1357.3140089355893,6780231525.86,0.5535785050269983,-10.175438596491226,False
600743,华远控股,2026-04-09,10.0457,8.0387,-2466.193932,-5.802804131643413,2253.576724961713,5654103106.34,0.3712534597254061,12.741312741312738,True
600743,华远控股,2026-04-09,10.0457,8.0387,-2466.193932,-5.802804131643413,2253.576724961713,5654103106.34,0.3712534597254061,12.741312741312738,True
600743,华远控股,2026-04-08,10.0503,5.9361,-2532.652389,-8.458757516585814,3569.006759945801,5137960914.06,0.381497037053605,17.7272727272727,True
600743,华远控股,2025-05-30,10.2041,4.0497,1455.21069,7.1630740084629965,2948.0412729827053,5067577887.84,0.6214886995326171,2.77777777777779,True
600744,华银电力,2026-03-02,0.5038,23.6274,-13798.816291,-3.5549542460077688,2121.627004258987,16208371706.52,0.4162210360522491,-4.249999999999998,False
600744,华银电力,2026-02-26,10.061,10.4975,25975.681263,17.184038790101464,3419.8450099494894,14664717258.28,0.7512400231605126,6.989247311827951,True
600744,华银电力,2025-07-15,-10.0327,16.6244,-1440.710757,-0.5109735863811316,1400.0800919491646,16756775260.5,0.4817519872856072,-0.8536585365853444,False
600744,华银电力,2025-07-14,6.8765,23.5226,1923.924712,0.4453296270094796,1897.599923273647,18625409592.58,0.5117340231085491,-5.747126436781613,False
600744,华银电力,2025-07-14,6.8765,23.5226,0.02,8.075891315026174e-07,20000.0,18625409592.58,0.5000000020189729,-5.747126436781613,False
600744,华银电力,2025-07-11,7.6537,26.9089,-4620.415023,-1.0469339453359423,1642.244324592232,17427046270.92,0.4681249029252728,5.32687651331718,True
600744,华银电力,2025-07-11,7.6537,26.9089,-4620.415023,-1.0469339453359423,1642.244324592232,17427046270.92,0.4681249029252728,5.32687651331718,True
600744,华银电力,2025-07-09,10.0407,10.9846,11334.628522,6.39097647521964,2303.127357710111,16472417862.14,0.638745615908403,-2.5893958076448675,False
600744,华银电力,2025-05-06,9.9548,15.7176,2575.95962,1.7448512871636457,1604.6158515559127,9871263971.64,0.5543697510364164,-0.4016064257028162,False
600746,江苏索普,2025-03-27,10.0509,1.1308,3304.592722,29.465889951729547,5459.73766258705,10086612301.55,0.7698471224510024,-8.053691275167774,False
600748,上实发展,2026-05-11,10.0365,2.1506,1998.87793,8.476413837145882,2677.068704062447,11122714238.76,0.6583152091741789,-5.948553054662387,False
600748,上实发展,2026-03-27,10.041,1.9902,714.571366,3.801134837948325,4548.275038818105,9905302730.04,0.5417865543036297,-1.865671641791056,False
600748,上实发展,2026-01-09,10.084,3.9166,2359.563509,5.146288195649322,2936.6918766641247,12081886942.6,0.5876204997286801,-3.539823008849563,False
600748,上实发展,2025-10-29,10.08,4.923,1647.402028,2.726831639391542,2737.1295340430797,12690592696.96,0.5498118851423827,-1.1080332409972304,False
600748,上实发展,2025-10-23,-9.9612,9.2002,-417.304533,-0.3237154492055193,1724.231672617036,12838157728.32,0.490612762358257,-2.60869565217392,False
600748,上实发展,2025-10-23,-9.9612,9.2002,-417.304533,-0.3237154492055193,1724.231672617036,12838157728.32,0.490612762358257,-2.60869565217392,False
600748,上实发展,2025-10-21,10.045,8.8743,-3783.658095,-3.349724096344129,2371.4885977544445,13539091627.28,0.4293750748049986,-0.1319261213720279,False
600748,上实发展,2025-10-20,6.72,10.0515,-495.591563,-0.4084527779354167,1989.276900102769,12303234489.64,0.4897336369332415,17.70186335403725,True
600748,上实发展,2025-10-15,10.0629,2.2163,2270.8084510000003,10.61986740451804,6058.951919327881,9683955183.0,0.5876378253691119,14.5945945945946,True
600748,上实发展,2025-08-05,10.0592,4.035,589.246308,2.1614990265930314,3456.8174691534737,6861773958.24,0.5312642921687495,1.6574585635359185,True
600751,海航科技,2026-02-09,10.101,9.1714,8396.135053,8.256823328895527,3441.904301131456,11300641449.47,0.6199455680127606,-1.1441647597253968,False
600751,海航科技,2025-11-10,10.1124,4.3699,7344.069698,13.432251202866432,3325.06755860748,12694403471.053,0.7019846358925078,4.106776180698146,True
600751,海航科技,2025-07-21,2.439,20.344,11731.754263,5.339103443885511,2133.582453584828,10885669713.84,0.6251206259902163,-4.545454545454531,False
600751,海航科技,2025-07-17,10.0295,6.5038,2217.9414,3.629605886800255,2584.2165559944465,9673987818.283,0.5702264266201083,4.986876640419946,True
600751,海航科技,2025-07-01,10.061,8.0515,8463.3345,11.494495256874602,2649.371890319849,9353789926.458,0.7169286859816217,-4.521276595744683,False
600751,海航科技,2025-06-10,10.119,10.3872,-927.9539009999992,-0.9924323583535726,2023.334575454077,9583420048.752,0.4754753274521874,-6.793478260869568,False
600751,海航科技,2025-04-11,10.1887,2.3034,2526.2616,14.943843143895922,4744.69292514657,7572092654.689,0.6574795606338875,-3.8961038961038974,False
600751,海航科技,2025-03-05,10.1215,3.5837,3402.3742060000004,14.178812323101578,3619.486324039276,7057780993.02,0.6958677427364651,7.608695652173925,True
600756,浪潮软件,2025-12-03,-10.0,20.6381,-9343.636479,-6.606417340401329,1832.205208308952,6708844187.1,0.3197140442991433,-5.276381909547723,False
600756,浪潮软件,2025-11-28,-0.1643,24.4801,-6300.39297,-3.355930234212712,1868.971958161046,7875599697.9,0.4102198880095896,-3.459915611814346,False
600756,浪潮软件,2025-11-27,4.9138,30.7761,5408.680928,2.2335548449246865,2144.314346976517,7888563648.02,0.552080863238965,-1.043841336116913,False
600756,浪潮软件,2025-11-26,-0.7274,33.0034,15158.990204,5.852680153348704,1926.765239511008,7519091069.6,0.6518783926897616,1.9148936170212627,True
600756,浪潮软件,2025-11-25,3.4529,32.7364,3649.028808,1.4674751997875,2039.7241833408248,7574187857.61,0.5359723930267853,0.5562687205819428,True
600756,浪潮软件,2025-11-24,-5.9534,38.3774,11823.823319,4.268804434832461,1845.960053103089,7321390830.27,0.6156255908045392,5.986394557823127,True
600756,浪潮软件,2025-11-21,6.7556,46.1983,-6743.528662000001,-1.904773169539336,1544.2567788727567,7784852047.06,0.4383271876931717,-5.038759689922467,False
600756,浪潮软件,2025-11-20,-5.5812,45.726,17634.171123,4.843703665880865,1535.5081769714131,7292221942.5,0.657723147897344,5.545454545454542,True
600756,浪潮软件,2025-11-20,-5.5812,45.726,17634.171123,4.843703665880865,1535.5081769714131,7292221942.5,0.657723147897344,5.545454545454542,True
600758,辽宁能源,2026-06-01,10.0213,15.6764,11171.404063,11.16589716534292,2602.9688966728186,6815035913.04,0.7144838760773411,-2.884615384615397,False
600758,辽宁能源,2026-05-26,-10.0213,11.4195,561.30516,0.8673364293513387,1507.9587445183715,5573537122.68,0.5287586259406706,12.171837708830546,True
600758,辽宁能源,2026-05-20,-6.7698,20.6512,-2660.384528,-1.8902858254696135,2056.705203407917,6365983159.08,0.4540457761681778,-1.470588235294101,False
600758,辽宁能源,2026-05-18,10.0703,7.1378,10908.527378,25.375528152369803,3508.0393865637498,6207493951.8,0.8616767851803688,7.23140495867769,True
600758,辽宁能源,2026-05-13,10.049,5.8165,8772.9133,26.172251687353494,5344.507727344924,5930137839.06,0.7448518462555905,-7.157894736842108,False
600758,辽宁能源,2026-03-30,-9.9458,7.7728,402.066754,0.7758228538321928,1649.9639165267845,6577302102.12,0.5235102975907898,-2.620087336244548,False
600758,辽宁能源,2026-03-27,-9.9349,17.5213,-2752.694266,-2.1295233065183985,1446.0686542492565,7303710968.82,0.4263685268240613,-10.019646365422396,False
600758,辽宁能源,2026-03-26,7.3427,33.0599,5333.438708,2.0974865519776653,1079.5584611350814,8109364439.16,0.5971455751350557,-7.956600361663657,False
600758,辽宁能源,2026-03-26,7.3427,33.0599,5333.438708,2.0974865519776653,1079.5584611350814,8109364439.16,0.5971455751350557,-7.956600361663657,False
600758,辽宁能源,2025-03-20,10.0775,5.1693,-550.2213,-1.927158194659757,3174.7654561166764,5626366858.44,0.4696488099467822,-0.7317073170731603,False
600770,综艺股份,2026-04-28,10.0575,14.688,18867.098441,13.793548495302824,2507.71872301727,9958000000.0,0.7750218429343327,7.786885245901631,True
600770,综艺股份,2026-04-28,10.0575,14.688,18867.098441,13.793548495302824,2507.71872301727,9958000000.0,0.7750218429343327,7.786885245901631,True
600770,综艺股份,2025-05-26,-9.882,17.5611,-3097.414103,-2.167604876511562,1328.4825540369857,7943000000.0,0.4184180149778913,0.0,False
600770,综艺股份,2025-05-23,-9.9602,15.7442,-4973.704,-3.543046326291114,1434.600408180948,8814000000.0,0.3765145225776269,-8.923076923076923,False
600773,西藏城投,2025-11-21,-10.0209,4.972,-4145.625389,-6.66488362347015,3394.210711850918,12304018164.45,0.4018198310405473,-0.2304147465437722,False
600773,西藏城投,2025-10-30,10.0352,5.8552,1406.494966,2.1029969663595747,2988.2504410799606,11894835812.5,0.5351877630042204,-1.049233252623094,False
600773,西藏城投,2025-06-20,10.0442,4.372,5889.826338,14.788016491600178,3486.6826716054043,9487321044.05,0.7120642726111809,-1.011122345803861,False
600779,水井坊,2026-05-27,10.0162,3.0379,4393.473971,8.98816040623657,2311.102282424239,16545858540.12,0.6944561362469949,-1.616628175519641,False
600782,新钢股份,2025-02-26,10.0796,4.6434,4413.342053,7.476750709272734,4825.063471346904,13054456418.35,0.5774782627593664,4.499999999999993,True
600790,轻纺城,2025-04-24,-6.7308,8.3799,-4085.877152000001,-8.338318537226552,2177.632759414945,5687268800.64,0.3085462642592966,-3.234501347708896,False
600790,轻纺城,2025-04-23,10.0529,2.87,1254.470945,7.282895852119131,3618.087738953603,6097690260.48,0.6006456501000366,-14.712643678160909,False
600792,云煤能源,2026-03-23,10.0671,7.1078,1274.71308,3.332574764450924,2762.6972344671444,5460824112.0,0.5603137890550228,1.0224948875255713,True
600792,云煤能源,2026-02-24,10.1149,4.9446,3674.777,14.457106560943384,2921.0784729086377,5316534044.0,0.7474617969873957,1.6666666666666607,True
600792,云煤能源,2025-11-14,10.0616,6.2443,5600.9890700000005,15.95721976985496,3794.864730446719,5949190496.0,0.7102475437639187,-1.6393442622950838,False
600792,云煤能源,2025-10-24,-9.9222,8.9591,-4960.858389999999,-10.639105378607317,2266.6119440888656,5138946268.0,0.2653081859390794,-1.5452538631346655,False
600792,云煤能源,2025-10-23,10.0642,5.8537,6375.5545600000005,20.75173868657796,4026.9046862099335,5447722100.82,0.7576636437117811,-8.853118712273634,False
600792,云煤能源,2025-07-18,10.0543,2.7387,4267.3703,36.69864440504099,4943.767067162024,4292465857.65,0.8711607353914825,1.7456359102244523,True
600792,云煤能源,2025-06-17,-5.4187,12.9172,-3328.160139,-5.975346681443161,1846.09735114352,4069893553.92,0.3381627415872223,-2.4930747922437657,False
600798,宁波海运,2026-06-01,10.1156,5.8647,1762.556466,6.683854801154316,3167.3166489841874,4596895305.81,0.6055128921716422,-2.399999999999991,False
600798,宁波海运,2025-06-25,-9.776,21.6725,-3367.237932,-2.858470508745278,1974.000521391643,5344946510.43,0.4275970173824955,3.0162412993039567,True
600798,宁波海运,2025-06-24,2.2917,30.2851,-3412.847841,-1.9125285000536216,2008.510355857337,5924082926.91,0.4523893791616212,-4.856512141280367,False
600798,宁波海运,2025-06-23,10.0917,1.275,2714.8776,36.7683181112405,5490.416403520946,5791364164.8,0.8348408882763553,-4.430379746835444,False
600798,宁波海运,2025-06-17,6.3529,21.9543,-889.972,-0.7808732339477449,1399.4175041132412,5453534588.52,0.4721000619310334,-7.272727272727275,False
600798,宁波海运,2025-06-10,10.0529,16.7426,-1077.29877,-1.339144867377917,2063.448426848181,5019182276.16,0.4675508035491976,-2.8235294117647136,False
600798,宁波海运,2025-05-21,-2.8698,23.9794,-4209.117235,-3.248773195641815,1538.303009579121,5308750484.4,0.3944039901303099,-1.488833746898266,False
600798,宁波海运,2025-05-20,-8.1136,31.7932,-10911.116159,-5.735463993032886,2233.08744853378,5465599930.53,0.3715799509598532,-5.841121495327107,False
600798,宁波海运,2025-05-20,-8.1136,31.7932,-10911.116159,-5.735463993032886,2233.08744853378,5465599930.53,0.3715799509598532,-5.841121495327107,False
600798,宁波海运,2025-05-16,10.0737,14.687,8998.780224,11.335260685424798,3699.751288683021,5405273220.48,0.653189495738506,17.903930131004376,True
600800,渤海化学,2026-03-23,-0.2392,6.7376,-533.42062,-1.6830345281095596,3152.044238710875,4627575000.72,0.4733024919599813,1.4117647058823346,True
600800,渤海化学,2026-03-05,10.0686,12.0411,8280.917769,13.145321247101345,2875.4615786644968,5337802338.96,0.7285775846326324,9.999999999999986,True
600800,渤海化学,2026-01-20,7.5556,14.6442,-3082.148375,-4.05287672168438,2458.153012681526,5371094245.44,0.4175625622006496,-4.430379746835444,False
600800,渤海化学,2026-01-13,10.1408,10.9227,2360.811552,5.049798532355793,3667.899285341284,4339045144.56,0.5688377479793032,3.9473684210526327,True
600800,渤海化学,2025-12-24,-9.0244,17.4013,979.868355,1.354986388287267,1658.7052012534225,4139293705.68,0.5408447018573087,0.5464480874316946,True
600800,渤海化学,2025-06-06,10.101,13.0863,1741.445923,2.8279487968211203,3109.25587916293,4838423741.76,0.5454762957235681,0.6818181818181612,True
600800,渤海化学,2025-05-15,-10.0,14.6395,-2141.956003,-3.5420867552917623,1919.5233736638452,3995028777.6,0.4077352533475306,4.117647058823537,True
600800,渤海化学,2025-03-27,10.0946,4.7555,1451.7021550000002,8.034946274588881,4028.380694890479,3872958453.84,0.5997292322046456,-5.830903790087472,False
600805,悦达投资,2025-08-19,10.0559,3.3444,5106.4697,31.10974002301397,5972.688635864076,5025127424.88,0.7604332982989436,-3.0844155844155896,False
600805,悦达投资,2025-05-28,10.1031,8.3402,246.55806,0.6630025092217933,2351.592206492616,4540470465.12,0.5140968852378248,3.195488721804507,True
600808,马钢股份,2025-08-05,10.089,3.2823,9457.282944,13.367314154177986,3777.920053898021,22140356900.06,0.676913671590082,7.8947368421052655,True
600808,马钢股份,2025-01-06,10.1754,3.7853,11739.596397,17.098378270843604,4264.329887148862,18738738724.04,0.7004814205670612,4.731861198738163,True
600810,神马股份,2025-09-26,10.0498,2.692,5477.793186,18.5062419353295,3276.908567527355,11118578040.22,0.7823734863816125,-2.539404553415059,False
600810,神马股份,2025-04-18,10.0267,2.5356,1679.932,8.238635942882716,3774.3364321764752,8273452441.26,0.6091401904802097,-0.867410161090465,False
600810,神马股份,2025-02-25,10.0662,3.4388,198.512884,0.7058767221905262,4231.187470470888,8353836147.48,0.508341354845617,2.9629629629629672,True
600812,华北制药,2025-01-06,10.0791,1.7932,942.1633,5.644895677161988,3164.8626222603093,9556618160.9,0.589180737853488,-3.237410071942437,False
600815,厦工股份,2026-05-07,10.0446,6.0997,4027.694769,7.77298545679036,4162.130752870441,8746285786.4,0.5933774780072643,2.765957446808498,True
600815,厦工股份,2026-04-27,10.0515,10.3423,3268.160498,4.31989573573909,3456.2317533931555,7575383429.6,0.5624943007872378,0.6928406466512715,True
600815,厦工股份,2026-04-23,-9.9558,18.7765,-12344.874048,-8.758230341299438,4307.851907181971,7220564533.6,0.3983457355312298,-1.0178117048346036,False
600815,厦工股份,2025-11-18,-4.5852,21.2002,-3583.7172060000003,-2.1603235105847447,1348.848036423228,7752792877.6,0.4199196850850105,-8.133971291866027,False
600815,厦工股份,2025-11-17,10.0962,9.2301,4675.0859,6.304332928728005,1655.4435150765362,8125352718.4,0.6904122028723082,-14.693877551020416,False
600815,厦工股份,2025-11-10,10.137,20.5158,10146.886142,7.348431959770435,2337.6108894048143,7131859809.6,0.6571782539403177,-3.759398496240607,False
600815,厦工股份,2025-11-10,10.137,20.5158,10146.886142,7.348431959770435,2337.6108894048143,7131859809.6,0.6571782539403177,-3.759398496240607,False
600815,厦工股份,2025-11-05,10.089,11.2521,-18615.944752,-25.137121815801745,7209.74194369666,6581890520.8,0.3256725274489286,-4.761904761904756,False
600815,厦工股份,2025-10-21,10.1399,7.6247,1503.399007,3.631701612956331,2774.0537482144587,5588397612.0,0.5654583858602938,0.3164556962025333,True
600819,耀皮玻璃,2025-10-14,10.0402,2.0303,5564.9109,45.19790921926464,6751.183507724656,6217635071.528,0.8347406359755257,2.3359288097886344,True
600819,耀皮玻璃,2025-07-04,-6.6572,16.7761,-3468.693603,-3.856516202797968,1509.3960609997634,4987346882.19,0.3722496930247861,4.617834394904463,True
600821,金开新能,2026-03-26,-7.2,28.1101,-58991.599162,-9.581503126408606,1934.5382967599664,20851430449.32,0.2523568506641598,-5.905130687318483,False
600821,金开新能,2026-03-25,1.626,35.113,-47193.011198,-5.93210508895953,2324.254477181971,22469213846.25,0.3723869277827125,-5.142332415059691,False
600821,金开新能,2026-03-24,10.0398,30.7152,17210.959346,2.6728816704870364,2495.066823668751,22109706424.71,0.5535633283471908,-4.640980735551659,False
600821,金开新能,2026-03-24,10.0398,30.7152,17210.959346,2.6728816704870364,2495.066823668751,22109706424.71,0.5535633283471908,-4.640980735551659,False
600821,金开新能,2026-03-23,-6.0691,28.8911,-10317.17281,-1.6653174480044004,2062.8255517154576,20092470337.18,0.4596350392639961,11.8511263467189,True
600821,金开新能,2026-03-23,-6.0691,28.8911,-10317.17281,-1.6653174480044004,2062.8255517154576,20092470337.18,0.4596350392639961,11.8511263467189,True
600821,金开新能,2026-03-20,-3.6004,33.7868,-12263.17157,-1.601034428820812,1954.827022434902,21390691581.63,0.4590492045985074,-1.6377649325626242,False
600821,金开新能,2026-03-20,-3.6004,33.7868,-12263.17157,-1.601034428820812,1954.827022434902,21390691581.63,0.4590492045985074,-1.6377649325626242,False
600821,金开新能,2026-03-19,6.3158,33.5356,3238.669142,0.4337509687057758,1712.1152469403714,22189596962.83,0.5126671078211851,-4.595588235294112,False
600821,金开新能,2026-03-18,7.732,28.2612,29456.00524,4.964104003415222,1785.5991734517538,20871403083.85,0.6390038726837859,8.258706467661693,True
600821,金开新能,2026-03-16,4.9261,23.6518,9644.820583,2.0444259394512154,1373.1518301660128,21270855774.45,0.5744428217819164,-5.501930501930508,False
600821,金开新能,2026-03-11,2.2774,27.0742,-17961.482933000003,-3.408127067583122,1315.971430344663,19732962915.64,0.3705090783509446,11.111111111111116,True
600821,金开新能,2026-03-10,2.1142,33.8193,-31699.744211,-4.730184533875301,1808.2576709516457,19293564955.98,0.369206014998241,1.552795031055898,True
600821,金开新能,2026-03-04,10.0699,14.5258,24117.854683,10.77747586393578,2504.4869483460297,15718463375.11,0.7151633465499442,2.411167512690371,True
600825,新华传媒,2026-06-08,10.101,2.7902,4288.299,27.9675856891077,6584.792876902159,5694638782.5,0.7123649612975006,-2.61682242990654,False
600826,兰生股份,2025-07-25,-9.8227,15.2999,-4066.542378,-2.6755600223333804,1700.890848049958,8980864633.29,0.4213482738942106,1.3123359580052618,True
600826,兰生股份,2025-07-23,-10.0065,16.1091,-15020.426515,-9.081704304844312,2527.1619467906617,10120941634.24,0.3203181177926189,3.543307086614189,True
600826,兰生股份,2025-07-22,10.0,19.9564,2154.026963,1.0738233659705512,2090.632612593873,11246307964.21,0.5256817807084299,-6.480117820324017,False
600826,兰生股份,2025-07-18,10.0228,17.8998,6199.334241,3.3109644838770302,1985.6164602938427,10657881125.01,0.5833737166790774,-9.03361344537814,False
600826,兰生股份,2025-07-17,10.0251,5.8247,3772.33838,6.768939797181421,2939.937597408723,9686976840.33,0.6151204672362366,7.530120481927716,True
600826,兰生股份,2025-07-16,10.0184,1.2449,2720.1825,24.818437708801323,6445.148960989703,8804336581.53,0.6925357959840719,8.585445625511024,True
600828,茂业商业,2026-02-05,10.0424,7.9726,10354.302325,10.380497208671663,2526.8632662734058,13469982208.18,0.7054028278305047,-7.692307692307687,False
600828,茂业商业,2026-02-05,10.0424,7.9726,10354.302325,10.380497208671663,2526.8632662734058,13469982208.18,0.7054028278305047,-7.692307692307687,False
600828,茂业商业,2026-02-02,10.0304,8.2572,-1296.096635,-1.3397419123617085,2972.931632693481,12535047710.44,0.4774676636080612,-4.255319148936165,False
600828,茂业商业,2026-01-30,10.0334,2.5177,5709.1946,20.48869274803305,3842.326290068787,11392349990.98,0.7666183348482131,7.963246554364467,True
600828,茂业商业,2025-12-12,-10.0559,6.1056,6.21672400000021,0.0089673105612762,1397.973883761916,11149959565.64,0.5003207252533626,2.400000000000002,True
600828,茂业商业,2025-12-11,0.4208,11.6934,-8826.784226,-6.452316278849015,2130.5698226580103,12396538895.96,0.3485776854100145,-3.6979969183359,False
600828,茂业商业,2025-12-10,10.0309,2.5967,4354.044444,13.69038978217089,5416.276780356804,12344598090.53,0.6263819256045203,-10.851648351648349,False
600828,茂业商业,2025-12-02,9.9327,7.922,9013.216861,10.704298535263687,2377.512132542939,11305781981.93,0.7251155396589836,-13.33333333333334,False
600828,茂业商业,2025-08-04,-9.9609,4.2822,215.448385,0.6139184590097477,1711.8383907965556,7981570434.41,0.5179315542375492,-1.982378854625544,False
600828,茂业商业,2025-05-09,-9.901,5.2849,323.113515,0.7459601058475654,1453.1005637292474,7877688823.55,0.5256678761424856,-2.708803611738153,False
600828,茂业商业,2025-05-07,5.3678,7.9618,-5579.650251,-8.147558774204601,2678.0336521782447,9176208959.3,0.347881695445134,0.2016129032258007,True
600828,茂业商业,2025-05-06,-2.1401,8.3068,6338.92807,8.866939063785555,2537.297490833256,8708741710.43,0.6747319558668232,3.765690376569042,True
600828,茂业商业,2025-04-28,10.1149,3.3221,989.4801,3.609733650108576,4235.331897059708,8293215266.99,0.5426145310195708,10.251046025104582,True
600828,茂业商业,2025-04-14,10.0592,1.9794,1534.36179,12.452027600333812,3233.350754216523,6440659873.32,0.6925560903668658,-3.753351206434319,False
600829,人民同泰,2025-12-04,-10.0207,11.2154,-5105.9779,-5.913553601434067,2053.7232710548938,7550149532.94,0.3560284707102585,4.163393558523176,True
600829,人民同泰,2025-12-02,10.0326,7.7709,10046.5647,17.246698005184893,3270.359546523789,7822697173.53,0.7636819860299026,-0.9978617248752596,False
600829,人民同泰,2025-11-21,-10.0279,3.7968,-755.6752,-2.652631006808794,1509.4276079963138,7492160673.24,0.4121312279980746,-0.1686340640809414,False
600829,人民同泰,2025-11-20,-9.9687,9.6181,-727.4788,-0.8987746743539446,1671.9782070873516,8327200252.92,0.4731224165917915,-8.204334365325083,False
600829,人民同泰,2025-11-19,-9.9887,11.2254,-1224.856317,-1.1552486880466153,1866.6138588805163,9249223122.15,0.4690549632814934,-10.027855153203337,False
600829,人民同泰,2025-11-18,6.4904,19.8098,2396.285256,1.2601476539704182,1313.1270852093328,10275625938.84,0.5479826997769044,-9.968652037617554,False
600829,人民同泰,2025-11-06,-9.9806,8.996,-1961.620976,-3.9217858321383856,1727.5133963510686,5387165066.13,0.3864904364729629,1.9955654101995624,True
600829,人民同泰,2025-07-21,9.9567,13.2855,900.874658000001,1.2488538064971744,2636.017129349774,5891668145.52,0.5236882718361779,-8.03571428571429,False
600829,人民同泰,2025-06-10,-9.6314,9.645,-4554.551079999999,-10.423345571570058,2063.283775246418,4407153337.2,0.2474088223679945,-0.3973509933774877,False
600829,人民同泰,2025-06-09,-4.6485,11.2405,-38.4441900000006,-0.0641578122180686,2859.200998202776,4876863100.77,0.4988780464846928,-5.625000000000002,False
600829,人民同泰,2025-03-10,10.0654,4.7528,1167.58255,5.219254218487497,2650.431818161398,4882661986.74,0.5984604505334548,1.5366430260047137,True
600841,动力新科,2026-04-28,-10.0324,3.7632,-313.9139,-0.9461975305723788,3975.088665618867,8813641697.46,0.488098409744213,1.1029411764705843,True
600841,动力新科,2026-03-12,-7.3499,4.1447,-12870.2163,-32.71491307583974,6180.5814651942765,9455748186.8,0.2353411385314424,2.036199095022617,True
600841,动力新科,2026-01-16,10.0324,1.267,2198.304,24.462554766066607,6721.602990473164,7198764059.6,0.6819696492097086,-1.1428571428571457,False
600841,动力新科,2025-03-04,10.0694,6.1969,2408.0046,7.059540029277453,3001.0087207375072,5908879519.52,0.6176194520944702,-3.062787136294032,False
600841,动力新科,2025-02-27,10.0707,9.4018,-53.8064129999995,-0.1026676644341741,3040.62385096401,5809732450.34,0.4983117335542569,-2.0866773675762618,False
600844,金煤科技,2026-04-01,-10.0616,20.1918,-8047.0365,-10.897279538800513,2594.0726004399844,3640187168.454,0.2899580848864405,-0.4705882352941115,False
600844,金煤科技,2026-03-30,4.2084,34.1711,-2592.484512,-1.7424182575145133,1272.4689991140983,4316958018.0,0.4315339604058096,-4.950495049504955,False
600844,金煤科技,2026-03-23,10.1093,9.2249,3639.868202,12.20454055860696,2529.4814111326978,3354169382.614,0.7412459033083343,-2.500000000000002,False
600844,金煤科技,2026-03-13,5.8376,30.2702,3792.67628,3.626450622906861,1740.488157193358,3470126845.798,0.6041791237682057,-5.755395683453235,False
600844,金煤科技,2025-06-23,10.0917,9.6152,3782.2853,13.376033754233903,3215.2380179202064,2988961387.24,0.7080100085854028,0.0,False
600844,金煤科技,2025-06-06,10.1639,6.747,2763.7,15.082861020901706,4025.5460235000432,2790730860.656,0.6873393190992236,-3.4188034188034067,False
600844,金煤科技,2025-04-14,10.1399,8.4351,1534.7203439999998,7.240220647033434,2979.522672407715,2618345014.728,0.6214996736571684,-0.9433962264151052,False
600844,金煤科技,2025-04-01,10.0372,3.3244,6658.245543999999,83.07645787973664,9822.805677992876,2462801368.692,0.9228754014031962,-4.838709677419351,False
600844,金煤科技,2025-03-27,10.0372,3.468,4771.3821,57.37357657797738,7348.244041997943,2462801368.692,0.8903897056906799,-4.123711340206193,False
600851,海欣股份,2026-05-25,10.0413,2.3917,2106.85,15.423602355409594,4060.434605979467,6026612330.156,0.6899255110856425,1.8750000000000044,True
600851,海欣股份,2026-03-09,10.0251,3.9267,3852.003326,15.68154345564039,5952.611081798484,6613665509.924,0.631719872507633,-0.1107419712070845,False
600855,航天长峰,2026-01-07,3.1041,27.0131,573.8903289999989,0.1754300762955962,1412.7447884904711,12270866462.72,0.5062088382036449,7.655502392344515,True
600855,航天长峰,2026-01-07,3.1041,27.0131,573.8903289999989,0.1754300762955962,1412.7447884904711,12270866462.72,0.5062088382036449,7.655502392344515,True
600855,航天长峰,2025-12-17,-9.9864,14.5219,-8698.588291,-6.333455962387367,1999.5573355668691,9315383381.76,0.3416285482358562,0.2615062761506248,True
600855,航天长峰,2025-11-24,10.0264,10.0353,7932.541331999999,10.348675681818015,2475.1380877949646,7800230663.04,0.7090524915124509,0.0,False
600855,航天长峰,2025-08-14,-9.9891,14.5663,-9478.58138,-8.126195672065553,2069.3052068733205,7753466690.24,0.3036491754557542,-2.3170731707316983,False
600855,航天长峰,2025-05-13,-7.7551,20.5637,4909.044261999999,3.616271835712883,2035.425087750192,6341194711.68,0.5888333316091245,-4.552129221732737,False
600855,航天长峰,2025-05-12,3.5941,29.1568,284.284684,0.1477693810417025,1256.8837058075972,6874304001.6,0.5058784030837107,-5.020920502092052,False
600855,航天长峰,2025-05-12,3.5941,29.1568,284.284684,0.1477693810417025,1256.8837058075972,6874304001.6,0.5058784030837107,-5.020920502092052,False
600855,航天长峰,2025-05-09,6.8524,30.9591,-4707.9047,-2.2478706988593182,1449.861223690083,6635807740.32,0.4224797979927279,12.294440093970248,True
600860,京城股份,2026-03-17,-10.0,16.4221,-9334.660421,-8.626275690421327,1964.7521893602616,6314260005.36,0.2804742059294992,-5.122655122655118,False
600860,京城股份,2025-04-21,10.0355,1.1221,3688.2552,60.95253695892542,9192.43212252754,5392517492.04,0.8315365082193612,-8.295964125560552,False
600860,京城股份,2025-03-11,-7.697,16.7132,-4834.5680600000005,-4.4208901760484975,1391.9326456645938,6524119225.64,0.3411959734611405,4.278074866310155,True
600865,百大集团,2026-02-06,-9.9355,11.5446,-4009.630056,-6.53951612526397,1912.4572844368668,5252314811.36,0.3290284395243483,-1.3157894736842035,False
600865,百大集团,2025-12-29,-9.9859,14.2415,1759.9182239999998,1.6854994279374191,1439.63475939854,7223814067.2,0.558539133517504,-3.999999999999993,False
600865,百大集团,2025-12-22,5.4969,23.9551,-3015.250947,-1.7714979122334509,1359.9916196850763,7148566004.0,0.4348709989608736,3.2276330690826693,True
600865,百大集团,2025-12-19,3.5057,25.6611,5335.098024,3.104818891024299,1635.651827441813,6776088091.16,0.5949107517545555,-3.864997278170934,False
600865,百大集团,2025-12-19,3.5057,25.6611,5335.098024,3.104818891024299,1635.651827441813,6776088091.16,0.5949107517545555,-3.864997278170934,False
600865,百大集团,2025-12-17,10.0139,23.9056,-2904.898526,-2.0531926615728726,1758.0925455465426,5952121799.12,0.4416073782129998,-0.1814882032667997,False
600865,百大集团,2025-12-17,10.0139,23.9056,-2904.898526,-2.0531926615728726,1758.0925455465426,5952121799.12,0.4416073782129998,-0.1814882032667997,False
600865,百大集团,2025-09-04,10.031,12.7201,-1041.201958,-2.0875203950880348,2428.6346731256767,4003196962.24,0.4570227581326306,-1.2416427889207382,False
600865,百大集团,2025-04-23,-8.6957,18.0451,-7264.935359999999,-8.898740732465479,2517.542214044889,4266565183.44,0.3232653124380378,-2.036857419980609,False
600868,梅雁吉祥,2026-01-30,-10.0204,13.4637,-7712.740908,-6.711897319186512,3150.6642717195264,8351854187.6,0.3934844093127799,6.549118387909325,True
600868,梅雁吉祥,2026-01-26,4.8583,27.45,-7728.989487999999,-2.820287333840538,2863.0561846945398,9832410157.22,0.450746909038716,3.4482758620689724,True
600868,梅雁吉祥,2026-01-23,-0.6036,28.6737,16211.928756,5.929344583674079,2688.4827408737424,9376854474.26,0.6102730639391621,-5.009633911368027,False
600868,梅雁吉祥,2026-01-22,9.9558,31.1352,11091.42455,3.8312088282965098,2092.4871673423786,9433798934.63,0.5915467699895728,2.569169960474316,True
600868,梅雁吉祥,2026-01-12,10.1408,12.2965,8606.95722,9.715793641206655,2737.291290095952,7421761334.89,0.6774709486776266,-3.740648379052369,False
600868,梅雁吉祥,2025-12-12,10.0559,8.1373,16066.116080000002,26.784746098279587,4341.954798331724,7478705795.26,0.808441097873369,1.804123711340222,True
600868,梅雁吉祥,2025-12-05,10.1156,16.3198,2415.033324,2.128858159708173,2328.847885619043,7231946466.99,0.5457062518521318,-2.531645569620256,False
600868,梅雁吉祥,2025-12-02,-2.2843,30.9831,-12093.624352,-5.256857024370444,2093.608357221244,7307872414.15,0.3744546226556994,-4.699738903394257,False
600868,梅雁吉祥,2025-12-01,10.0559,10.3046,8099.932465999999,10.782644424991888,3367.536233797902,7478705795.26,0.6600969325403699,-4.962779156327546,False
600868,梅雁吉祥,2025-11-28,10.1538,22.2851,10030.691556,7.147842553379596,2290.820939191088,6795372270.82,0.6560105032893485,10.71428571428572,True
600868,梅雁吉祥,2025-11-28,10.1538,22.2851,10030.691556,7.147842553379596,2290.820939191088,6795372270.82,0.6560105032893485,10.71428571428572,True
600868,梅雁吉祥,2025-10-15,-0.9009,27.0804,-2160.223058,-1.217234697451831,1651.1894601244774,6263890640.7,0.4631406714115026,-1.8575851393188847,False
600868,梅雁吉祥,2025-10-15,-0.9009,27.0804,-2160.223058,-1.217234697451831,1651.1894601244774,6263890640.7,0.4631406714115026,-1.8575851393188847,False
600868,梅雁吉祥,2025-10-13,10.1818,15.0804,9242.682545,10.859645935489755,2061.9208902103323,5751390497.37,0.7633380840906554,2.8037383177569986,True
600868,梅雁吉祥,2025-02-13,10.1083,9.7922,3579.5628,6.470548408808529,2107.214193258197,5789353470.95,0.6535332390392573,-4.333333333333334,False
600869,远东股份,2026-06-11,-6.4976,8.7439,31731.707759,5.357379772962395,1992.665045725827,65470906007.0,0.6344275041220231,3.879598662207351,True
600869,远东股份,2026-04-16,-6.567,5.3787,-13825.506892,-8.07001217686627,2745.9579540813534,31892098960.02,0.3530565232276826,5.034965034965033,True
600869,远东股份,2026-02-03,10.0251,6.3061,10474.285559,5.888765047474527,2818.160425533927,29228875664.82,0.6044788826448523,0.987091875474566,True
600869,远东股份,2026-01-28,9.9826,6.5413,5007.026379,2.923372699279053,2622.504434603697,28119199291.82,0.5557362775197904,-8.947368421052637,False
600869,远东股份,2026-01-09,-3.2967,16.4912,4565.13270700001,1.1315461438228365,2648.8293371969885,23436364997.76,0.5213593629444667,-1.1080332409972191,False
600869,远东股份,2025-08-25,10.0309,8.4983,7149.001632,5.457141949309666,3111.4043476801057,15823985078.98,0.5876958013087975,-1.6830294530154275,False
600869,远东股份,2025-05-29,10.084,4.209,5986.04248,12.476206754514545,4091.6273550142514,11629408389.04,0.6524602031417288,-5.492424242424243,False
600869,远东股份,2025-01-20,10.0446,2.4666,3785.8065,14.34572342111911,5099.837450401986,10941409037.78,0.6406488300915192,-2.2044088176352727,False
600871,石化油服,2026-03-10,-8.0,3.9236,6892.854776,3.79107624692394,1808.066805052647,46737192610.95,0.6048378366421464,3.498542274052463,True
600871,石化油服,2026-03-04,10.0515,9.2317,568.3041029999971,0.1110785233395654,1886.7899829664436,57845742738.77,0.5029435847217326,-9.615384615384626,False
600871,石化油服,2026-03-04,10.0515,9.2317,568.3041029999971,0.1110785233395654,1886.7899829664436,57845742738.77,0.5029435847217326,-9.615384615384626,False
600871,石化油服,2025-11-12,10.2128,2.8457,1986.659196,2.0493902275028946,2759.620633417625,35086761989.09,0.5371317383753007,2.7559055118110187,True
600871,石化油服,2025-10-21,10.0478,2.7286,-7312.730964,-8.894082135814164,3920.9309952068097,31158128407.3,0.3865820114318914,11.020408163265303,True
600876,凯盛新能,2026-06-17,10.0467,1.9507,3275.1807,45.53781368904056,9656.927168586744,3727258151.46,0.7357779700212074,0.1011122345803805,True
600892,*ST大晟,2025-02-18,10.1408,3.4036,2345.1007,31.505896495173936,9850.786554930191,2186939385.76,0.6599156388146774,-7.317073170731703,False
600895,张江高科,2025-08-28,10.0142,4.0847,42385.431036,17.814015757031644,3655.698058569124,59887824898.5,0.7436472524758271,-5.854743083003944,False
600916,中国黄金,2026-01-30,8.7407,28.3722,40423.353858,6.085846074911173,2202.522284746222,24662400000.0,0.6381562882940909,-9.99242997728993,False
600916,中国黄金,2026-01-30,8.7407,28.3722,40423.353858,6.085846074911173,2202.522284746222,24662400000.0,0.6381562882940909,-9.99242997728993,False
600936,北投科技,2026-06-02,10.0372,9.2077,3291.723612,3.783055547623089,2935.7515954480145,9892475334.88,0.5644307841557312,4.426229508196733,True
600936,北投科技,2026-05-21,10.076,14.2467,9402.726751,6.974271117959545,2188.900139493852,9675241923.81,0.6593099427453148,0.6968641114982521,True
600936,北投科技,2026-05-07,10.0703,6.0287,2797.337303,6.0024704300733855,3802.5566678985806,7853823323.3,0.5789267715685424,7.6612903225806495,True
600936,北投科技,2026-01-06,10.1149,5.6455,2315.0823920000003,5.267342237929836,2767.5161500521435,8004215684.81,0.5951637127362489,-1.6597510373444035,False
600936,北投科技,2025-12-16,-9.9558,11.6156,-9032.430852,-10.872611680903589,2267.660536950431,6801076792.73,0.2602680933997915,0.5319148936170137,True
600936,北投科技,2025-05-30,-9.5794,5.469,-2241.0918,-5.9787689086861775,2384.826823008369,6466871544.93,0.3746498309436115,-2.099737532808399,False
600936,北投科技,2025-03-12,10.0796,3.6885,-1405.384805,-5.498213951182147,4732.782682465342,6934758891.85,0.4419135176906318,-8.915662650602417,False
600936,北投科技,2025-01-22,10.0295,8.0896,-377.721868,-0.7639775423913006,1436.0213047307857,6232927871.47,0.4733995052902601,-14.713896457765674,False
600939,重庆建工,2025-11-28,10.0865,3.7481,3694.508771,13.968283255408116,3647.644054143546,7264902144.08,0.6914699330317171,0.0,False
600939,重庆建工,2025-11-10,10.0756,5.6577,2577.0136,5.729206918097563,2386.9512165163023,8310895908.28,0.6200109763126873,-8.000000000000007,False
600939,重庆建工,2025-07-21,10.1408,3.1281,1501.91284,6.7022316701109,3374.0142361698445,7436055164.9,0.5993213306313613,-2.689486552567233,False
600939,重庆建工,2025-07-10,10.1156,4.0521,3105.048782,10.927285323382614,4209.93443200411,7245874725.9,0.6297797566669079,-4.249999999999998,False
600955,维远股份,2026-03-30,10.0293,6.1494,-2901.634584,-4.612201122367101,3604.76556009376,10318000000.0,0.4360263372821513,-6.638115631691644,False
600955,维远股份,2025-11-26,10.0358,2.5056,2622.183728,12.87435462674561,4471.115078870887,8442500000.0,0.6439725258648099,0.1314924391847549,True
600960,渤海汽车,2025-06-30,6.0904,16.4981,-2319.334217,-2.9299201842042057,1548.094890615956,5132783797.2,0.4053701358371369,-0.5725190839694694,False
600960,渤海汽车,2025-06-18,-4.7525,15.8524,-3130.313264,-4.256371219068706,1556.3279698265828,4571979641.58,0.3632559684851329,-8.351648351648343,False
600960,渤海汽车,2025-03-31,-10.1064,5.5565,473.185256,2.620069990495859,2908.7955815782857,3212742450.84,0.5450370250678501,2.071005917159763,True
600960,渤海汽车,2025-03-21,-4.7297,11.683,-2971.492096,-5.949589461918159,1864.1005724401268,4020680641.14,0.3404166183445218,-5.437352245862892,False
600961,株冶集团,2026-04-22,9.1657,26.3186,-27415.880849,-4.812979874017439,2989.6187533962275,21937885773.64,0.4195051230437014,1.1546536039188204,True
600961,株冶集团,2025-09-12,10.0203,11.2471,5832.9415850000005,4.4031635540984615,3843.17593856347,12216951467.5,0.5572854798282317,-1.312500000000005,False
600961,株冶集团,2025-06-27,10.0488,6.8489,1208.307916,2.122350552598992,3522.15745035083,8480443849.44,0.5301285587387298,-1.4184397163120588,False
600965,*ST福成,2026-01-12,10.052,4.5201,3416.3981240000003,15.07032690306928,3820.7749299213306,5198751064.25,0.6972155803401324,-4.32835820895523,False
600965,*ST福成,2025-04-01,-7.7409,7.8296,-4313.071144,-11.475120450926427,2521.187575506437,4781213577.2,0.2724262850886572,-7.420494699646641,False
600965,*ST福成,2025-03-31,10.087,3.5679,3179.570561,17.526371524306057,4157.443175384588,5182377045.15,0.7107830556539689,-9.87261146496815,False
600965,*ST福成,2025-02-24,10.0703,1.3599,1322.8179,25.861614823282885,4779.857155807885,3847894488.5,0.7705270678628867,-2.0746887966805128,False
600967,内蒙一机,2025-09-03,-9.9959,6.368,-903.211759999999,-0.3612240281885575,1097.3658778208778,37694751874.05,0.4835413130894014,-8.960229995208435,False
600967,内蒙一机,2025-08-15,-7.2932,14.3087,-82069.553589,-13.048971813432845,2766.273001648058,43480853741.85,0.2641416482455151,7.509881422924902,True
600967,内蒙一机,2025-07-02,-9.9948,9.0605,-16734.635302000002,-6.089819775878307,2044.0135134542857,29573730780.66,0.3510327907376012,-1.9130434782608563,False
600967,内蒙一机,2025-06-24,7.3348,5.7671,-4486.461388000001,-3.2043423037996286,2049.908085258657,25149582332.46,0.4218418053267177,5.39083557951483,True
600967,内蒙一机,2025-03-14,-10.0,8.8141,-28011.313398,-15.5891944085997,2726.0400974549107,20183091631.56,0.2140688718563951,0.0,False
600967,内蒙一机,2025-03-11,10.0198,2.8706,13314.61442,25.35847633588732,3743.378435830705,18840950016.33,0.8387110970822796,7.77683854606932,True
600967,内蒙一机,2025-02-06,10.0451,3.8575,7211.884118000001,11.630445184310185,3386.6167871453613,16564406010.75,0.6717118575159738,1.503006012024044,True
600971,恒源煤电,2026-02-04,10.0763,4.7798,3728.40036,9.3130289937465,3447.3975948957573,8652035213.64,0.635073323244401,-3.493449781659397,False
600977,中国电影,2026-02-25,-8.2635,6.8849,2914.353636,1.4754676130916606,1231.0759343069126,28602440000.0,0.5599259384402774,-2.557377049180332,False
600977,中国电影,2026-02-11,-9.5468,9.6547,-28608.671267,-8.192646966890543,2248.271762240256,35024920000.0,0.3178012306055228,-2.885682574916759,False
600977,中国电影,2026-02-10,10.0265,7.1471,21494.315179,8.10728294278224,2971.5278435280493,38721580000.0,0.6364160689330204,-13.114754098360647,False
600977,中国电影,2025-09-22,-9.9733,5.6714,-9162.438404,-5.049998915641512,1705.7221360483454,31514960000.0,0.3519688872848637,-4.6105919003115226,False
600977,中国电影,2025-09-19,2.9089,10.3609,5424.789973,1.5864843032928626,1433.054720053037,35006250000.0,0.5553532353333356,-9.577464788732392,False
600977,中国电影,2025-09-18,-8.5341,8.5198,-9068.71411,-2.9900562099326446,1564.9194548370454,34016740000.0,0.4044661308065853,1.4285714285714235,True
600977,中国电影,2025-09-05,10.0366,5.3583,7092.069103,4.769638685298896,2671.768524171082,28042340000.0,0.5892599535129767,12.704649639816632,True
600977,中国电影,2025-07-31,-9.9661,5.7494,1885.363582,1.2864251527119148,1359.6568769147532,24793760000.0,0.5473069777586455,12.114371708051186,True
600977,中国电影,2025-07-28,10.0377,4.2109,18456.547396,16.407513483805126,3541.9728047698086,27220860000.0,0.7316154638695967,-4.9032258064516165,False
600980,北矿科技,2025-08-21,-9.9929,21.5776,-2885.7916210000003,-2.70700071515193,2894.803982777497,4736185259.52,0.4532437993857769,2.279088364654136,True
600980,北矿科技,2025-06-18,-9.9617,27.8295,-4225.982115999999,-3.588756768778667,1667.8647957629075,4128414341.0,0.3924146376284321,-1.9034971226206232,False
600980,北矿科技,2025-06-18,-9.9617,27.8295,-4225.982115999999,-3.588756768778667,1667.8647957629075,4128414341.0,0.3924146376284321,-1.9034971226206232,False
600980,北矿科技,2025-06-17,-10.0,32.6926,-7435.935072,-4.731363657715868,2192.0777051033083,4585175076.6,0.3920803845889922,-8.096013018714398,False
600980,北矿科技,2025-06-17,-10.0,32.6926,-7435.935072,-4.731363657715868,2192.0777051033083,4585175076.6,0.3920803845889922,-8.096013018714398,False
600980,北矿科技,2025-06-16,5.3396,37.999,7517.439456999999,3.928706225323956,1842.4694128446624,5094638974.0,0.6066152359961914,-12.401995723449756,False
600981,苏豪汇鸿,2026-06-10,10.1626,2.6503,4365.33405,28.2796130256049,4811.534689517626,6076993950.32,0.7938731075473139,-1.4598540145985384,False
600981,苏豪汇鸿,2026-06-01,10.1215,1.1918,2537.611184,36.26233753576953,7445.027421700003,6099418282.24,0.74353394206498,-2.919708029197088,False
600981,苏豪汇鸿,2025-12-05,10.089,5.4222,4830.74879,10.982935543392214,4412.802621385409,8319427142.32,0.6244439926926088,0.5263157894736858,True
600981,苏豪汇鸿,2025-12-01,10.0649,7.2471,1743.16431,3.382220261379073,3010.7608635071265,7601848520.88,0.556168862535287,15.492957746478876,True
600981,苏豪汇鸿,2025-04-15,10.1563,3.9379,2988.4249,12.65733813991928,3046.1797719582087,6323661601.44,0.7077575699313148,-7.8767123287671215,False
600981,苏豪汇鸿,2025-04-15,10.1563,3.9379,2988.4249,12.65733813991928,3046.1797719582087,6323661601.44,0.7077575699313148,-7.8767123287671215,False
600981,苏豪汇鸿,2025-01-22,-10.101,3.4518,-1664.72114,-7.859040190777892,2216.105744297197,5987296622.64,0.3226835472314011,-2.2900763358778664,False
600981,苏豪汇鸿,2025-01-20,10.1754,6.4251,3972.097529,9.098969185865029,2885.037303391612,7041240222.88,0.6576924009815817,-4.304635761589404,False
600981,苏豪汇鸿,2025-01-15,10.2041,2.1131,1171.79535,9.68053656458006,4239.972837221958,6054569618.4,0.6141580021409143,9.022556390977442,True
600984,建设机械,2026-04-08,10.0529,2.6553,1966.311789,14.278064588325524,4173.0837193868765,5229302728.0,0.6710733063177475,-2.369668246445489,False
600984,建设机械,2025-12-05,10.0719,5.0618,6006.88669,21.146341416963192,4486.647632394304,5769831615.75,0.7356585935597357,-3.846153846153844,False
600984,建设机械,2025-10-22,10.0478,10.0157,-398.893172999999,-0.6951709570009851,2568.6668297322703,5782402055.0,0.4864682537074409,-12.205567451820132,False
600984,建设机械,2025-08-12,10.1449,7.2998,3923.412265,11.684368337038002,2982.664034562012,4776766915.0,0.6958713452410973,-4.810126582278496,False
600984,建设机械,2025-01-15,10.0629,2.3412,2381.116968,24.22718805097675,5044.077460313649,4399653737.5,0.7401547977959706,1.7142857142857126,True
600996,贵广网络,2026-05-25,10.0571,3.7119,4608.462041,10.618242415146216,3172.1513939055003,12006682594.02,0.6673665770736309,0.421940928270037,True
600996,贵广网络,2026-05-18,10.0363,2.9954,5166.31829,15.484293566636431,4692.512681367647,11345878671.4,0.6649893630348537,1.9586507072905324,True
600996,贵广网络,2025-11-24,-3.3708,9.3068,-6220.710716,-4.828980897087661,2475.8230775019806,13939222367.72,0.4024772621887035,1.0752688172043,True
600996,贵广网络,2025-11-20,10.0418,3.8962,5800.507275999999,12.029901296842056,3723.838899306207,13116334464.08,0.6615255334902291,15.52380952380954,True
600996,贵广网络,2025-09-24,-10.0184,8.9662,-2373.535065,-2.112239037311859,2000.6380701764328,12206170570.66,0.4472108656533366,1.675392670157061,True
600996,贵广网络,2025-09-19,10.0367,5.4368,2915.004853,4.846896775515256,3122.4227729717377,11208730687.46,0.5776143579509937,16.613076098606648,True
600997,开滦股份,2026-02-04,10.0671,3.2589,1564.610626,4.790665024848796,2732.1066817700294,10415967022.56,0.5876734619627866,-3.13479623824452,False
601002,晋亿实业,2025-04-11,10.0985,1.9531,1282.637252,15.723891916767789,4640.726749779231,4266350018.4,0.669411955977755,3.971962616822422,True
601002,晋亿实业,2025-02-19,10.0671,2.0291,2256.8784,24.16608539656113,5871.033012222958,4695848342.4,0.7058077798766378,-7.524752475247521,False
601008,连云港,2026-03-04,-10.0649,7.1863,-197.867505,-0.3986310727159025,1617.4077204371304,6873134553.24,0.4876768526674225,-2.990654205607468,False
601008,连云港,2025-06-12,-7.3643,14.3492,-6328.654558,-4.927389284216134,2068.771421610265,8895374503.02,0.3809102534783466,-1.0101010101010055,False
601008,连云港,2025-05-23,-9.9596,12.4982,-5417.21423,-5.137918725262911,2137.6791741779634,8299868260.14,0.379824840244358,1.4173228346456843,True
601008,连云港,2025-05-22,-1.1968,21.2957,-6117.560611999999,-3.2634127144809733,1984.2717448076764,9217940384.58,0.4177679991911269,-9.285714285714286,False
601008,连云港,2025-05-21,1.897,23.2928,-1017.639743,-0.4714307079457096,2116.2215139327614,9329597805.12,0.4888614990245135,2.941176470588247,True
601008,连云港,2025-05-20,-10.0,24.568,-690.556388,-0.2906634158247193,2134.9807318581697,9155908484.28,0.4931928328090403,0.2949852507374562,True
601008,连云港,2025-05-20,-10.0,24.568,-690.556388,-0.2906634158247193,2134.9807318581697,9155908484.28,0.4931928328090403,0.2949852507374562,True
601008,连云港,2025-05-19,10.0671,15.8762,4702.557682,2.982961204115444,2109.911148675896,10173231649.2,0.5706892611565051,-15.77639751552795,False
601008,连云港,2025-05-16,10.0443,28.2131,5654.982675,2.306239383252588,1681.568666265778,9242753144.7,0.5685740472428641,10.123119015047898,True
601008,连云港,2025-05-16,10.0443,28.2131,5654.982675,2.306239383252588,1681.568666265778,9242753144.7,0.5685740472428641,10.123119015047898,True
601008,连云港,2025-05-15,10.0813,8.7418,-335.879,-0.4608222177535327,1622.19576110156,8399119300.62,0.4857963437951345,9.267563527653213,True
601008,连云港,2025-05-13,10.0394,16.9785,5724.144042,4.999537433893721,1679.52760433776,6935166453.54,0.6488376082947754,13.157894736842104,True
601008,连云港,2025-04-23,10.0,23.3238,9691.155083,5.3654642867271205,2406.991208174425,8051740658.94,0.6114558347472432,-6.477093206951034,False
601008,连云港,2025-04-22,10.0746,15.4575,2271.932681,2.060915626831733,2126.5526264280097,7319764235.4,0.5484567275979779,8.020477815699657,True
601008,连云港,2025-04-18,-9.9187,19.3882,-2140.605433,-1.5783443699025377,1502.4801931058662,6873134553.24,0.4474753684892229,5.5335968379446765,True
601008,连云港,2025-04-16,9.9494,24.6228,5580.0672,2.937292955318684,1841.6613596528289,8088959799.12,0.5797457398973824,-7.923930269413626,False
601008,连云港,2025-04-15,-10.0152,22.0619,-7731.83582,-4.325912186041082,1870.8734120142456,7356983375.58,0.3843878971644677,17.504655493482304,True
601008,连云港,2025-04-15,-10.0152,22.0619,-7731.83582,-4.325912186041082,1870.8734120142456,7356983375.58,0.3843878971644677,17.504655493482304,True
601008,连云港,2025-04-14,-3.9359,23.1754,-2644.484613,-1.3735190634017018,1986.914217751679,8175804459.54,0.4654358741024077,-18.75945537065053,False
601008,连云港,2025-04-11,9.9359,21.5592,10353.358131,5.747457752910119,1808.5913997534203,8510776721.16,0.6588932069922957,-1.3432835820895497,False
601008,连云港,2025-04-07,10.1176,13.9593,1418.531847,1.7906470119194249,2694.6312506763848,5806185868.08,0.5332261976749129,14.46280991735538,True
601008,连云港,2025-04-03,10.1036,6.9209,3577.277201,10.004991734830728,4272.8026797853,5272711525.5,0.6170776242741621,11.520737327188948,True
601010,ST文峰,2025-04-18,10.0977,12.6351,6466.771836,8.378724685071147,1978.6705509249773,6246240000.0,0.7117261178510568,0.0,False
601010,ST文峰,2025-01-06,-10.0629,6.3626,280.176124,0.8224170494573255,1087.906631166611,5285280000.0,0.5377981448911389,3.4220532319391817,True
601010,ST文峰,2025-01-02,10.1818,4.2354,5654.685644,24.51746914108784,4116.326567846856,5599440000.0,0.7978076294115835,-3.0201342281879096,False
601011,宝泰隆,2025-10-21,-6.8182,21.0456,-5906.894188,-3.561556807291248,1747.1993837898317,7854224609.9,0.398078123185749,-5.75,False
601011,宝泰隆,2025-10-20,10.0,24.9148,8887.682162000001,4.3169727944801854,1488.2745011702957,8428923971.6,0.6450328145475032,-5.882352941176472,False
601011,宝泰隆,2025-10-17,1.2658,24.8683,-6167.996773,-3.1724400166668185,1452.7831825941173,7662658156.0,0.3908150901429747,7.3232323232323315,True
601011,宝泰隆,2025-10-16,10.0279,20.1868,1198.547094,0.8233931731802581,1783.1213393792718,7566874929.05,0.5230885345544374,2.061855670103085,True
601011,宝泰隆,2025-10-16,10.0279,20.1868,1198.547094,0.8233931731802581,1783.1213393792718,7566874929.05,0.5230885345544374,2.061855670103085,True
601011,宝泰隆,2025-10-15,-9.3434,21.5966,-7970.305531999999,-5.186810238682247,2374.1083576261008,6877235695.01,0.390762984300586,10.22727272727273,True
601011,宝泰隆,2025-01-09,10.1351,12.3697,7039.2787,9.533265791259684,2190.9585723356804,6245066397.14,0.7175592435117727,-13.569321533923306,False
601015,陕西黑猫,2026-03-19,10.0642,9.5909,10245.279976,10.27649606597994,3201.7233464717087,10498437864.46,0.660483823146441,10.784313725490202,True
601015,陕西黑猫,2026-02-24,10.1124,5.4573,5373.523765,10.103090883670102,2980.4004308660133,10008238431.1,0.6694921725792137,3.0991735537190257,True
601015,陕西黑猫,2026-02-05,9.9567,2.4075,14906.2948,59.67290343994674,5967.290343994674,10375888006.12,,-5.405405405405395,False
601015,陕西黑猫,2026-02-02,-10.0437,6.5155,391.778747,0.6976807790118573,2590.182932421207,8415090272.68,0.5134677896738299,0.0,False
601015,陕西黑猫,2025-10-23,10.1205,4.1839,8147.73854,21.31775900536706,3584.2588268721884,9334214210.23,0.7973802958305058,-9.734513274336276,False
601015,陕西黑猫,2025-10-20,10.1299,7.6167,2150.61673,3.4051884791757567,1996.9035968699495,8660189989.36,0.5852617142989083,0.7075471698112956,True
601015,陕西黑猫,2025-03-20,10.1587,2.7873,4087.092976,21.02966641116572,3821.0139463547625,7087466807.33,0.7751843713005544,0.0,False
601068,中铝国际,2025-10-22,10.0186,1.8564,-1145.4954,-4.287036602697087,3416.3849617592177,15178372655.31,0.4372577058691662,-11.004784688995208,False
601068,中铝国际,2025-04-22,-9.5064,3.5059,-2265.22634,-5.023776176988797,1792.419148244888,12669973801.65,0.3598604522299371,-2.874743326488705,False
601068,中铝国际,2025-04-17,10.084,1.4964,2679.1557,13.7229820098627,4397.526849510497,13412255095.08,0.6560306790553223,8.178438661710041,True
601086,国芳集团,2026-05-29,10.0257,4.6275,2543.00762,9.942793489955331,3224.923472193874,5700960000.0,0.6541554950944523,-1.19760479041916,False
601086,国芳集团,2025-09-04,10.0362,6.8498,8462.813705,15.71662692137092,2855.8665956191894,8105220000.0,0.7751638845014635,1.3018714401952902,True
601086,国芳集团,2025-05-30,-10.019,9.7131,-11146.945721,-11.916073690166684,2589.5683201534293,9450540000.0,0.2699216198037851,5.990415335463251,True
601086,国芳集团,2025-05-15,1.0802,16.8564,-2889.0171800000003,-1.9958840528307136,1691.0207999235886,8724600000.0,0.4409858219094377,0.4705882352941115,True
601086,国芳集团,2025-05-14,10.017,16.0822,3323.72734,2.506569557152357,1826.954279028509,8631360000.0,0.5685996794206923,3.1553398058252524,True
601086,国芳集团,2025-05-08,4.0941,13.313,582.66752,0.5635581637952083,949.8264904803688,7958700000.0,0.5296663743032789,4.541241890639491,True
601086,国芳集团,2025-04-24,10.0395,18.333,-3406.665298,-2.33074426083597,1292.420315771658,9270720000.0,0.4098302528831588,-6.590724165988604,False
601086,国芳集团,2025-04-24,10.0395,18.333,-3406.665298,-2.33074426083597,1292.420315771658,9270720000.0,0.4098302528831588,-6.590724165988604,False
601086,国芳集团,2025-04-22,10.0235,11.2439,0.0,0.0,19999.99973130694,9357300000.0,0.5,-9.991941982272367,False
601086,国芳集团,2025-04-18,10.0474,15.1948,106.0823,0.0961005474603928,1505.6516971455717,7732260000.0,0.503191327305066,10.998307952622666,True
601086,国芳集团,2025-04-18,10.0474,15.1948,106.0823,0.0961005474603928,1505.6516971455717,7732260000.0,0.503191327305066,10.998307952622666,True
601086,国芳集团,2025-04-16,9.9771,17.2938,-303.923337,-0.3064316878190516,1133.834531143386,6386940000.0,0.4864869308791452,10.871905274488714,True
601086,国芳集团,2025-04-15,-6.0345,17.684,-5600.356965999999,-4.919303656447668,1665.3045636991756,5807520000.0,0.3523001808894249,11.257485029940106,True
601086,国芳集团,2025-04-14,9.9526,8.6168,-0.01,-7.212649833784485e-06,19999.999278735017,6180480000.0,0.4999999819683747,-13.11134235171696,False
601086,国芳集团,2025-01-03,-7.5806,11.569,114.85343799999998,0.2343314235149295,1362.8698216570283,3816180000.0,0.5085969848253746,-13.988657844990549,False
601106,中国一重,2026-01-22,10.101,3.1249,19131.018151,16.808119807398196,4125.194093777972,37374916952.15,0.7037251996548463,3.806228373702414,True
601106,中国一重,2025-12-19,10.0575,3.0743,14561.326221,18.21926505619296,2805.849553692184,26265308610.41,0.8246657510952154,5.000000000000004,True
601117,中国化学,2026-06-17,10.0402,3.1448,12453.847102,8.28413508561478,3941.106046108072,50043913715.64,0.6050991141661304,-2.303030303030296,False
601118,海南橡胶,2026-01-23,10.0649,2.7339,4437.091381,5.636787542767562,3423.96222297964,29014520463.66,0.5823138103705807,-0.8695652173913104,False
601179,中国西电,2026-03-05,10.0243,6.3346,28974.86312,5.066495008983117,2417.6361567033405,92829729394.72,0.6047819994529642,1.612903225806428,True
601179,中国西电,2026-01-19,10.0383,8.7834,92389.416896,14.518786219869115,2451.534748423,73607670574.72,0.7961162640914762,2.6666666666666616,True
601179,中国西电,2026-01-15,5.0039,10.1236,-2571.0181820000103,-0.3902089437540397,2000.4645188651527,68840599987.36,0.4902470416227277,-10.620689655172413,False
601179,中国西电,2025-12-12,10.0606,4.894,6953.496615999999,3.163935310760967,2542.6872498388293,46543011756.16,0.5622163679579845,-0.5252100840336005,False
601212,白银有色,2026-02-05,-10.0352,4.1575,-1972.434799,-0.6163789138433785,1028.694418419096,75676795502.42,0.4700407184676556,6.521739130434789,True
601212,白银有色,2026-02-04,2.6197,8.8048,-20765.402565,-2.9288995165655143,1252.076640658517,84118238444.96,0.383038329226193,-11.792905081495686,False
601212,白银有色,2026-02-03,-10.0,0.6176,-1139.8779,-2.2515125607593527,1855.1090333823852,81970853836.77,0.4393158967951815,1.2621359223300876,True
601212,白银有色,2026-01-29,9.9928,8.5621,0.0,0.0,20000.0,112478524822.09,0.5,-10.021945866861737,False
601212,白银有色,2026-01-29,9.9928,8.5621,0.0,0.0,20000.0,112478524822.09,0.5,-10.021945866861737,False
601212,白银有色,2026-01-27,9.9912,10.0673,19908.289738,2.2107185149003774,2513.6795382342,92929920113.05,0.5439737540381412,20.84327764518694,True
601212,白银有色,2026-01-26,10.0289,8.5027,-68515.33976599999,-9.667553444847815,2457.9499994823373,84488477170.51,0.3033411288495723,10.166520595968452,True
601212,白银有色,2025-12-22,10.0386,4.0907,24535.209054,14.506353547203174,2388.8252767959248,42207214712.7,0.8036294384547915,-0.5033557046979942,False
601212,白银有色,2025-10-20,-9.9541,5.2412,-33882.978998,-14.785127676974358,3022.542102529497,43540074124.68,0.2554189954111638,-12.414965986394556,False
601212,白银有色,2025-10-13,10.0394,8.3648,-15321.681828,-4.7213980721634,2334.694216057246,41392689516.49,0.3988861573457629,-8.595041322314046,False
601212,白银有色,2025-09-12,3.9267,7.6564,-1221.496055,-0.5656612309214539,1535.5763170841678,29396954808.67,0.4815814679925658,5.291005291005302,True
601212,白银有色,2025-09-11,-9.9057,1.2339,-5184.695,-14.854990773433618,2567.2072726795127,28286238632.02,0.210678001509228,6.17977528089888,True
601218,吉鑫科技,2026-03-25,6.2992,27.9061,-7026.170133,-3.3503829233303515,1248.7420351092878,7849171447.2,0.3658496779506133,-10.180412371134018,False
601218,吉鑫科技,2026-03-24,5.9805,25.5599,618.788166,0.3383988549282494,1669.7054618802372,7384035361.44,0.5101334894882353,4.86486486486486,True
601218,吉鑫科技,2026-03-20,-5.3836,31.7223,-27995.044188,-12.085351312244,2112.828738515127,6812305589.36,0.2140006879890924,5.803571428571441,True
601218,吉鑫科技,2026-03-19,10.0741,13.587,29618.105784,31.225992332936094,4176.797166150001,7199918994.16,0.8738030731537644,-12.271540469973896,False
601218,吉鑫科技,2025-10-14,4.2414,27.7619,3446.686416,1.9680431382229968,1952.8463760153115,6192124141.68,0.550389092618711,-5.188679245283023,False
601218,吉鑫科技,2025-10-13,-4.3682,20.8661,-4144.225063,-3.3818541903035597,2103.909126917161,5940175428.56,0.419629271363565,2.2508038585209,True
601218,吉鑫科技,2025-10-10,5.6013,34.4655,3641.315937,1.7269085959679735,1785.7918247029938,6211504811.92,0.5483513411832084,7.056798623063676,True
601218,吉鑫科技,2025-10-10,5.6013,34.4655,3641.315937,1.7269085959679735,1785.7918247029938,6211504811.92,0.5483513411832084,7.056798623063676,True
601218,吉鑫科技,2025-10-09,8.1996,31.4274,-1577.3802380000002,-0.8674678865939626,1902.5836980296272,5882033417.84,0.4772028981565347,2.469135802469125,True
601218,吉鑫科技,2025-09-26,10.0971,21.1376,2399.804827,2.133030685052153,2075.2312058664834,5494420013.04,0.5513926033644414,-0.5033557046979942,False
601218,吉鑫科技,2025-09-25,10.0427,5.3752,6314.4357,23.86053216900862,3591.339661283705,4990522586.8,0.8321954259330598,16.40625,True
601218,吉鑫科技,2025-09-05,10.1176,9.4731,7369.8948,17.35613957603508,3160.487116500878,4535076836.16,0.7745801349010223,1.4830508474576345,True
601218,吉鑫科技,2025-07-07,-8.7398,23.9373,-1904.128505,-1.7940042467960629,1516.0036023473017,4350960468.88,0.4408311350969641,0.2272727272727204,True
601218,吉鑫科技,2025-07-04,-10.0548,32.442,-4518.9289,-2.8432034681321205,1637.904163115414,4767644879.04,0.4132060491645574,-3.7199124726477018,False
601218,吉鑫科技,2025-07-04,-10.0548,32.442,-4518.9289,-2.8432034681321205,1637.904163115414,4767644879.04,0.4132060491645574,-3.7199124726477018,False
601218,吉鑫科技,2025-07-03,10.0604,1.5099,3702.3148,46.26017360834096,7390.254789791816,5300613310.64,0.8129809115122817,-14.579439252336435,False
601218,吉鑫科技,2025-03-20,10.0917,12.4035,-2195.724228,-5.1625862574659935,4883.860201067361,3488520643.2,0.4471464574647559,1.7045454545454586,True
601231,环旭电子,2026-02-27,9.9746,3.7753,27562.84282,7.165956098084688,4284.027554626108,113793074865.14,0.5836357377107265,4.554455445544559,True
601231,环旭电子,2025-10-24,10.0231,1.8873,6222.068837,6.511233252695815,4311.022486449093,52426447420.14,0.575518432960657,3.079999999999994,True
601279,英利汽车,2025-11-21,-8.1315,11.8132,-7107.027467,-6.399561740219877,2007.731358638095,8420523580.35,0.340627041245177,-3.556485355648531,False
601279,英利汽车,2025-11-19,10.0629,3.0595,4734.97702,18.7845752712732,3541.2792787094327,8325376421.25,0.7652230139572466,10.608695652173928,True
601279,英利汽车,2025-07-21,-6.4444,7.5218,1246.3654,2.4480367338580598,2658.7881037581487,6676158996.85,0.5460367024058406,-2.1276595744680997,False
601279,英利汽车,2025-07-18,-4.661,10.0643,-5664.716368,-7.211973832650711,2630.211100129251,7136036932.5,0.3629012357164733,-0.4705882352941115,False
601279,英利汽车,2025-06-16,-8.75,6.8569,-2572.724557,-5.235108034703102,2405.46043741762,6945742614.3,0.3911828281756475,-8.705882352941174,False
601279,英利汽车,2025-06-13,10.0917,1.0293,1259.712,16.07884581408079,9086.594194398527,7611772728.0,0.5884756459355952,-5.345211581291764,False
601279,英利汽车,2025-04-15,10.1493,0.7353,1610.323042,38.13591081321493,7425.773344732025,5851550284.65,0.7567807354386141,-3.835616438356171,False
601512,中新集团,2026-04-22,10.0213,2.1699,3473.5935950000003,10.932474144065576,3388.4153217950875,15468544800.0,0.6613213420702198,2.857142857142869,True
601512,中新集团,2025-11-03,10.0432,1.3226,2359.2942,12.16644178831385,3686.074996910037,15273689100.0,0.6650324776152511,-4.117647058823525,False
601512,中新集团,2025-07-16,10.0606,1.3896,2884.757269,15.314598481915818,5183.91576024265,13609921200.0,0.6477126480272797,-9.471365638766516,False
601519,大智慧,2026-06-22,10.0467,4.6091,5336.754306,6.522867806710053,3176.032172886009,18737887200.0,0.6026889441233656,1.2765957446808418,True
601519,大智慧,2025-09-18,-8.8339,8.1743,-32872.843929,-12.67952299478226,2209.3005428524807,30792196800.0,0.213042142776749,-0.2629848783694988,False
601519,大智慧,2025-08-20,-10.0,10.0541,-21068.321978,-6.161542977689851,2213.0365756577808,33477562800.0,0.3607898521546474,-4.099821746880561,False
601519,大智慧,2025-08-18,10.0319,7.4486,20504.196409,8.343210045577568,3497.9072931261626,34253335200.0,0.6192600224421764,3.693181818181812,True
601519,大智慧,2025-07-14,-9.9874,10.1649,7997.599165,2.7200106344210013,2337.723295764543,28325638400.0,0.5581764881957818,-2.9197080291970656,False
601519,大智慧,2025-07-09,10.0386,5.3612,19741.076825,13.198576027681383,2863.782199915649,28345530000.0,0.7304395918808025,1.3513513513513375,True
601519,大智慧,2025-06-25,10.0313,11.62,-50008.388146,-21.3618511328438,3744.047848076904,20945854800.0,0.2147225142459635,-2.029520295202958,False
601588,北辰实业,2026-05-28,10.1604,3.671,841.087,4.257794978277671,2940.983670225579,5479600000.0,0.5723872597692984,2.5125628140703515,True
601588,北辰实业,2026-04-15,-4.3478,12.8341,-5991.794833,-8.0909846292792,2014.8812908880975,5266800000.0,0.299219322104258,-1.5706806282722474,False
601599,浙文影业,2026-02-11,-9.9291,21.8841,-14885.498447999998,-11.31019307378034,2213.8396091198083,5895555661.24,0.2445570802151038,-3.2989690721649367,False
601599,浙文影业,2026-02-06,2.2449,27.6599,-13988.617628999998,-8.504473810485054,2017.4626654884892,5814317689.53,0.2892284710898017,-0.5825242718446644,False
601599,浙文影业,2026-02-05,10.1124,3.9976,6174.8819,27.710471507290222,5558.806660611832,5686658019.7,0.7492483836831291,-4.27509293680296,False
601599,浙文影业,2025-02-13,10.049,10.9586,4695.268029,8.61290703380237,3384.457097310634,5210835613.97,0.6272420773282424,-6.053811659192821,False
601608,中信重工,2026-05-25,10.0529,0.9013,8480.8394,33.00519235874816,4878.285492988233,28576413446.88,0.8382868059504505,-3.685897435897445,False
601608,中信重工,2026-01-22,10.0413,1.982,25044.791745,35.03332837976089,5416.013175421872,36636427496.0,0.8234235889486368,-0.6090133982947665,False
601608,中信重工,2025-10-27,10.0291,8.9965,19122.166624,6.493818326980192,2377.843464854196,34447799230.1,0.636548482332044,1.4666666666666606,True
601608,中信重工,2025-10-23,-5.7971,11.8254,9557.632676,2.3191304217174418,1565.9057475633424,32536560699.5,0.5740507666354175,-5.610098176718081,False
601608,中信重工,2025-03-28,-10.0694,8.0106,-7489.705526000001,-3.8591002428761234,1678.2244724305042,23571941877.4,0.3850243127104699,-4.453441295546567,False
601608,中信重工,2025-03-26,10.0901,12.059,9224.767249,2.8523260922918943,1815.74762189382,27803970052.3,0.5785441230350318,-10.016155088852983,False
601608,中信重工,2025-03-24,10.076,13.096,-25201.518297,-7.476427105445488,1842.2386125739297,26347788314.7,0.2970830962282456,2.9357798165137616,True
601611,中国核建,2025-10-31,-10.0271,8.17,-52133.512825,-15.584511361220782,2747.6751862948013,40023718335.36,0.2164055009312025,-3.4353995519044167,False
601611,中国核建,2025-10-09,10.0565,4.0551,4249.653531,3.677888107886498,1758.5557667667244,29354745224.88,0.6045712674397768,8.782435129740529,True
601718,ST际华,2025-08-13,-7.0455,14.3209,-10035.700533,-3.867029022645256,1733.361517595089,17961764262.36,0.3884528996579295,-4.93827160493826,False
601718,ST际华,2025-08-12,-7.3684,20.315,16357.925573,4.126801601492696,1975.882605064753,19323169377.6,0.6044293216336467,-3.571428571428581,False
601718,ST际华,2025-08-11,-10.0379,0.9618,-8588.57,-42.8058712121212,5633.901515151515,20860239669.0,0.1201045483578176,-2.777777777777779,False
601718,ST际华,2025-08-07,10.0917,9.6559,15157.669086000002,7.773685941824829,1842.395865366095,21079821139.2,0.7109667658280419,-5.000000000000004,False
601718,ST际华,2025-07-02,-4.1763,19.4581,-4440.775676,-1.1778338083726292,1510.6556920157404,18137429438.52,0.4610158087445793,-2.564102564102566,False
601718,ST际华,2025-06-17,10.1399,8.389,-6.4304,-0.005728433400329,1513.9393917938285,13833632622.6,0.4998108103457979,0.3154574132492094,True
601777,千里科技,2025-09-19,-10.0235,3.5953,-60321.302199,-31.220449019625647,5544.8682813339365,51947439815.79,0.2184743853634436,7.310704960835501,True
601777,千里科技,2025-02-17,10.0629,3.1656,9697.877714,7.8869077675923345,2883.573655897539,39559625621.25,0.636755788281355,-11.69125993189557,False
601789,宁波建工,2026-03-13,-9.2246,41.23,-87.79311899999979,-0.0278134761116238,1525.6453590752426,7379362426.1,0.4990884684980629,2.0440251572326984,True
601789,宁波建工,2026-03-12,2.4658,49.0738,-22964.392049,-5.806376664964401,1671.3422472290165,8129253453.2,0.3262960002778898,-13.469387755102035,False
601789,宁波建工,2026-03-11,9.9398,48.4509,10938.01172,2.9128825718161533,2359.8777891280124,7933629707.0,0.5617168097694686,0.6849315068493178,True
601789,宁波建工,2025-03-06,10.0313,28.5283,5568.384028,2.650361291724992,1686.461537487639,7629326101.8,0.5785775789370595,-5.239520958083832,False
601789,宁波建工,2025-03-04,-6.5282,33.8702,-7610.701034000001,-3.200653198276213,1965.5509829887312,6846831117.0,0.4185812724783805,-1.1272141706924366,False
601798,蓝科高新,2026-06-03,10.0515,1.6618,1824.0543,36.50990180509869,6536.841067180683,3027670810.92,0.7792625782842024,-7.252747252747249,False
601798,蓝科高新,2025-01-03,-10.0551,7.4863,351.0204,1.9753096146012248,1534.3365109584768,2315069132.94,0.5643701561063447,-8.199356913183276,False
601825,沪农商行,2025-06-03,10.0446,1.4839,39654.638752,29.35996465150958,7996.295769924429,91861514384.74,0.683584784106773,4.766949152542388,True
601828,美凯龙,2026-04-28,10.2041,1.8588,1810.70998,10.06091752806258,4287.643252754553,9753486045.3,0.617324564276646,-3.333333333333344,False
601828,美凯龙,2025-12-10,10.0358,4.145,668.854791,1.4698682044319062,2606.995775576078,11093282409.73,0.5281908436178249,-12.933753943217674,False
601866,中远海发,2026-03-03,10.1695,7.9429,-24615.796573,-10.04112095446783,3065.7182990898887,31693947415.0,0.3362354271517916,-10.158730158730156,False
601866,中远海发,2025-05-14,10.1266,3.451,5242.026699,6.132360074565985,1911.189592116968,25650344272.32,0.6604330648267437,-2.53623188405796,False
601868,中国能建,2026-03-12,10.1449,14.7544,-16614.648079,-0.951677527679127,1474.9054018371742,123229165016.8,0.4677376757013128,-3.157894736842093,False
601886,江河集团,2026-01-06,10.0613,1.5365,2903.52646,19.055054324654307,6155.900569394747,10163028478.2,0.6547706473638496,-1.1235955056179692,False
601908,京运通,2026-04-13,10.1205,10.4231,18871.745957,16.96132441430083,2997.7524079473023,11034735074.77,0.7829006886848774,-1.7429193899782147,False
601908,京运通,2026-03-31,10.1099,8.1512,33074.4529,34.29393678725859,4843.235690014463,12097160333.61,0.8540395200874085,-5.199999999999994,False
601908,京运通,2026-03-26,10.0656,11.4937,13314.561304,9.998440870682437,3327.512117447029,12145452390.83,0.6502389851303315,-5.765407554671964,False
601908,京运通,2025-09-17,10.1176,9.1292,12966.640265,12.89333565639233,2801.649293300665,11300341389.48,0.7301025986233005,-1.0683760683760646,False
601908,京运通,2025-09-02,10.1299,5.9035,7370.1254,12.377413773991549,2551.251693373954,10237916130.64,0.7425753171695654,-0.2347417840375509,False
601908,京运通,2025-07-15,-8.8362,23.1473,-1218.068032,-0.4772890191317585,1731.1796977161894,10213770102.03,0.4862149198098439,-5.0847457627118615,False
601908,京运通,2025-05-20,-9.3506,13.6137,-3492.473647,-2.9811906653113955,1406.9495942180924,8426963984.89,0.3940548162648221,-2.9673590504451064,False
601908,京运通,2025-05-15,10.0,12.1389,6010.8123,5.914156698881912,1615.41981692873,8765008385.43,0.6830532421635768,15.23545706371192,True
601908,京运通,2025-05-13,10.1399,4.4055,5728.3486,17.721879910354648,2920.57042108977,7605999012.15,0.8033975791575327,0.6349206349206327,True
601908,京运通,2025-05-06,10.084,3.8026,2380.1137,10.063772687723375,3047.716291073464,6326259495.82,0.6651035025340026,5.88235294117645,True
601929,吉视传媒,2025-11-05,10.0446,29.1543,-9366.42312,-1.9452741489218928,2196.766108963493,17204655668.24,0.4557241405677061,-12.065439672801636,False
601929,吉视传媒,2025-11-04,10.0737,30.468,-15247.409198,-3.402131212687073,2618.8623090294705,15634250992.64,0.4350456264738126,9.151785714285698,True
601929,吉视传媒,2025-11-04,10.0737,30.468,-15247.409198,-3.402131212687073,2618.8623090294705,15634250992.64,0.4350456264738126,9.151785714285698,True
601929,吉视传媒,2025-09-22,-10.0418,12.2831,-1476.998071,-0.7875084459124824,1470.5142337322927,15006089122.4,0.4732233654102851,-5.378973105134466,False
601929,吉视传媒,2025-09-19,-4.7809,19.1862,651.759323000002,0.2056609577227894,1490.9958193434632,16681187443.04,0.5068967650698494,-9.111111111111114,False
601929,吉视传媒,2025-09-17,-7.8365,15.1413,-1204.409635,-0.4134460741548096,1533.4493409774304,18879753988.88,0.4865190827272038,-11.645101663585956,False
601929,吉视传媒,2025-09-15,-1.76,20.3657,-9845.946775,-2.292317169795064,1627.791293400885,21427299351.52,0.4295881118455361,-1.016949152542379,False
601929,吉视传媒,2025-09-12,8.3189,25.0803,0.0,0.0,20000.0,21811176050.0,0.5,-2.960526315789469,False
601929,吉视传媒,2025-09-12,8.3189,25.0803,35088.613192000004,6.635619396473909,2630.9700006175945,21811176050.0,0.6261059494201048,-2.960526315789469,False
601929,吉视传媒,2025-09-09,6.0329,25.2417,7813.254059000001,1.5520712293931418,2213.196543843762,20240771374.4,0.535064017104816,4.121863799283143,True
601929,吉视传媒,2025-09-05,9.4378,29.0598,13386.226923,2.5813376684225267,2405.1410032386293,19019345515.6,0.5536629175783591,3.189493433395873,True
601929,吉视传媒,2025-09-05,9.4378,29.0598,13386.226923,2.5813376684225267,2405.1410032386293,19019345515.6,0.5536629175783591,3.189493433395873,True
601929,吉视传媒,2025-09-01,10.1099,14.8982,12735.09166,4.967480613445481,1844.5783425133325,17483838721.68,0.6346508440155768,-3.0828516377649384,False
601929,吉视传媒,2025-08-27,10.137,30.8458,17605.965319,4.150126250596784,1849.8168682114256,14028948435.36,0.6121766787273788,2.2388059701492717,True
601929,吉视传媒,2025-08-27,10.137,30.8458,17605.965319,4.150126250596784,1849.8168682114256,14028948435.36,0.6121766787273788,2.2388059701492717,True
601929,吉视传媒,2025-08-22,-6.8182,26.207,-20397.840018,-5.936903043180595,2051.71641404332,12877318339.92,0.3553186248707556,-0.5714285714285672,False
601929,吉视传媒,2025-08-21,10.0,30.3123,-4936.950381000001,-1.3241813022449038,1904.6765261709209,13819561145.28,0.4652386826831173,-11.616161616161612,False
601929,吉视传媒,2025-08-21,10.0,30.3123,-4936.950381000001,-1.3241813022449038,1904.6765261709209,13819561145.28,0.4652386826831173,-11.616161616161612,False
601929,吉视传媒,2025-08-20,-9.7744,21.9187,-7302.137701000001,-2.49124213077526,2170.41494230752,12563237404.8,0.4426090817425297,9.999999999999986,True
601929,吉视传媒,2025-08-14,1.6667,30.8397,12020.299876,2.962177241019833,1474.7487637465788,12772624694.88,0.6004298940212184,3.9787798408488007,True
601929,吉视传媒,2025-08-13,10.0917,11.293,-381.496440000001,-0.2717549165323633,2655.2876445534075,12563237404.8,0.4948827593671482,0.5333333333333412,True
601929,吉视传媒,2025-08-12,10.101,15.8035,-506.601266000003,-0.2901009883110135,1933.0048622613688,11411607309.36,0.492496113331768,4.456824512534818,True
601929,吉视传媒,2025-08-08,10.2041,12.3473,7273.25558,6.387807110338543,2648.951985679484,9422428053.6,0.6205723460612292,2.7027027027026973,True
601929,吉视传媒,2025-07-31,-9.3458,11.7141,-4086.754468,-5.060295073169365,2279.7973749494945,6770189045.92,0.3890187538425104,10.416666666666677,True
601929,吉视传媒,2025-02-10,10.2041,5.9388,-1205.535324,-2.720966803245643,3165.634829246878,7537942442.88,0.4570233626110789,0.0,False
601956,东贝集团,2025-05-22,10.0318,9.5833,6193.6187,15.479535123391775,2543.741032597992,4274719825.5,0.8042671192747578,1.4492753623188248,True
601956,东贝集团,2025-05-06,-5.9435,19.0153,-591.118249,-0.7944893877034457,1143.2684517944865,3915915556.5,0.4652535943567581,4.14012738853502,True
601956,东贝集团,2025-03-07,10.058,2.0513,1696.4166,23.49412692737137,5025.855058609684,3519993604.5,0.7337326350779265,-4.577464788732389,False
601975,招商南油,2026-06-15,10.0962,1.0224,12511.415,57.08522707326682,9765.330055232447,21435978625.24,0.7922851903130477,-5.932203389830493,False
601975,招商南油,2026-03-16,10.0686,11.817,17742.748144,6.896899844954341,2436.1039870942623,22512457901.18,0.6415559409920926,2.092050209205021,True
601975,招商南油,2026-03-09,-6.6955,15.1311,-7853.47127,-2.4235938513018525,1930.658972471512,20219089008.96,0.4372340251215025,0.7159904534606021,True
601975,招商南油,2025-09-08,10.1639,9.2111,10151.197205,6.93448468230749,2898.018273444666,16134236657.28,0.6196418384564732,-0.6097560975609762,False
601975,招商南油,2025-06-24,-10.0295,11.2815,-16572.67505,-10.016430943557625,2693.3208427185077,14645661251.4,0.3140505433907471,-0.6872852233676952,False
601975,招商南油,2025-06-17,10.0719,11.4052,9644.125188,5.949558113504275,2580.660761179286,14693679812.88,0.6152719916349156,-3.821656050955413,False
601991,大唐发电,2026-06-22,1.8248,7.9541,-5429.178734,-0.6576170386971742,2112.408047073438,103755265817.22,0.4844344221371376,-0.4866180048661905,False
601991,大唐发电,2026-06-05,-9.9886,6.4583,-1255.844593,-0.1877286907348039,1145.7317344702976,98300986610.58,0.4918074761706065,-5.882352941176472,False
601991,大唐发电,2026-06-03,-0.8715,9.84,4524.59484400001,0.4194703957809683,1142.3709403817477,112804410864.6,0.5183596405052457,-2.022471910112356,False
601991,大唐发电,2026-06-02,9.6774,8.1395,6621.654704,0.7574479737485974,1129.080827011274,113796097993.08,0.5335426816056029,6.971153846153855,True
601991,大唐发电,2026-05-20,-10.0239,4.5464,1794.745821,0.4139842268161591,1158.956633161779,93466511859.24,0.5178602121499042,1.4492753623188248,True
601991,大唐发电,2026-05-19,5.6747,10.415,0.0,0.0,20000.0,103879226708.28,0.5,-8.73015873015872,False
601991,大唐发电,2026-05-15,10.0,12.3037,5031.16366200001,0.4512539753303024,2278.4944921830165,98177025719.52,0.5099024592088865,3.255208333333326,True
601991,大唐发电,2026-05-06,10.0962,2.6606,837.210798000002,0.5546027708390683,2398.433837211473,56774088105.48,0.511561769231122,11.244979919678698,True
601991,大唐发电,2026-03-16,-8.6498,5.2819,-15948.273716,-5.543005406183762,1934.2559565178028,53675065828.98,0.3567147903175464,-0.4694835680751019,False
601991,大唐发电,2026-03-12,10.0962,1.3774,12235.642785,15.997465999839102,3989.636491516421,56774088105.48,0.7004877641591681,-6.122448979591855,False
601992,金隅集团,2026-01-22,10.2151,5.0157,3430.629068,4.1525689165269775,2663.867803090046,17085024441.2,0.5779424735662569,2.3809523809523725,True
601992,金隅集团,2026-01-12,10.2273,3.0719,9414.155588,19.25632257473535,3598.949414985959,16168267032.16,0.7675269968306915,11.42857142857141,True
601992,金隅集团,2025-07-21,10.1911,3.4545,-2273.2498760000003,-4.703947517380624,4933.267305695048,14418093796.72,0.4523242181510182,1.1235955056179805,True
603002,宏昌电子,2026-05-15,-7.4006,10.1337,-13933.647438,-7.740106982661668,2776.4666638019658,17169948626.26,0.3606122831659948,-0.8086253369272156,False
603002,宏昌电子,2025-08-15,10.0699,10.8584,14330.738306,15.33820584012226,3082.4327474018155,8925197865.83,0.7488003323519522,0.7389162561576512,True
603002,宏昌电子,2025-04-18,10.0,7.4755,1947.9157,3.916409870182906,2301.935601064818,7110672251.43,0.5850677549009466,-8.500772797527045,False
603002,宏昌电子,2025-01-09,10.0394,2.1598,4490.147,34.03693407973508,5995.437699239833,6161094613.44,0.783856957466597,-11.186440677966104,False
603007,顺景科技,2026-06-15,10.0935,5.7708,892.7213529999999,3.809585246245325,2991.958932859601,4094074380.81,0.5636637288768578,-6.197654941373532,False
603007,顺景科技,2026-05-19,2.8395,21.8898,-5188.029969,-4.101900526514001,2607.783284010663,5790091611.57,0.4213527337247624,-11.284513805522211,False
603007,顺景科技,2026-05-15,-9.6112,37.2889,-2433.187805,-1.1099553739411547,2767.696984530731,5817895172.73,0.4799480329648632,-4.99405469678954,False
603011,合锻智能,2026-06-09,-2.2582,18.2086,-18198.551754,-6.621605801844073,2894.1753591255365,14338018673.0,0.3856046199660001,7.620689655172419,True
603011,合锻智能,2026-06-03,6.623,21.9336,2071.461434,0.6334140330270488,2805.799144706955,15282350247.67,0.5112875868934161,6.466666666666665,True
603011,合锻智能,2026-06-02,5.7643,29.6421,17639.204273,4.435693834407533,2564.6386708220225,14333074528.63,0.5864779488212621,9.090909090909085,True
603011,合锻智能,2026-06-02,5.7643,29.6421,17639.204273,4.435693834407533,2564.6386708220225,14333074528.63,0.5864779488212621,9.090909090909085,True
603011,合锻智能,2026-01-15,6.6644,22.4218,30784.790119,9.215489402061202,2561.190966080572,15826206128.37,0.6799063311581917,-17.735376915858613,False
603011,合锻智能,2025-12-12,4.9471,26.143,-924.847188,-0.2975294858946597,1652.6634702282622,12271366326.34,0.4909984854371602,-9.198113207547165,False
603011,合锻智能,2025-12-12,4.9471,26.143,-924.847188,-0.2975294858946597,1652.6634702282622,12271366326.34,0.4909984854371602,-9.198113207547165,False
603011,合锻智能,2025-10-30,-10.0036,23.7202,-14127.480646,-4.77566787263294,1527.362062932441,12231813171.38,0.3436628750794048,2.521008403361336,True
603011,合锻智能,2025-10-30,-10.0036,23.7202,-14127.480646,-4.77566787263294,1527.362062932441,12231813171.38,0.3436628750794048,2.521008403361336,True
603011,合锻智能,2025-10-28,3.2664,27.0156,-3102.524043,-0.8808271587196316,1284.729290372435,12973434826.88,0.4657193478299118,-0.932400932400923,False
603011,合锻智能,2025-10-27,3.4609,25.3992,-5410.619275,-1.717837815199332,1516.1160317543397,12563070844.17,0.4433474160545755,1.298701298701288,True
603011,合锻智能,2025-10-24,1.4457,26.1257,-7314.858665000001,-2.35796362368184,1833.913373893028,12142818572.72,0.435712240903823,3.883892068683559,True
603011,合锻智能,2025-10-23,3.772,29.0582,13013.565026,3.866290021220916,1515.893322788104,11969773519.77,0.6275251352816124,4.08510638297872,True
603011,合锻智能,2025-10-23,3.772,29.0582,13013.565026,3.866290021220916,1515.893322788104,11969773519.77,0.6275251352816124,4.08510638297872,True
603011,合锻智能,2025-10-22,2.5495,27.332,-11825.217187,-3.7196345046120816,1485.8470971444956,11534688815.21,0.3748311817628986,6.334841628959276,True
603011,合锻智能,2025-10-16,-8.5981,24.8716,-8504.225876999999,-2.813237219228329,2233.455404969036,12088432984.65,0.4370205195731828,-8.26547231270357,False
603011,合锻智能,2025-10-15,-3.3598,33.1342,9985.737061,2.3383278954776285,2309.5011719231275,13225586189.75,0.5506240898230524,-4.806201550387601,False
603011,合锻智能,2025-10-14,5.8104,43.3609,15074.942929,2.5344793782266364,1704.9983341144432,13685391616.16,0.574324981072284,-4.902322152598593,False
603011,合锻智能,2025-09-26,-9.0274,24.9831,-16245.78669,-6.740187705689485,1763.3425415217455,9018119330.88,0.3088803636566048,-2.1346469622331776,False
603011,合锻智能,2025-09-26,-9.0274,24.9831,-16245.78669,-6.740187705689485,1763.3425415217455,9018119330.88,0.3088803636566048,-2.1346469622331776,False
603011,合锻智能,2025-09-22,10.0236,20.2982,15031.720319,8.334664690674892,2452.6949832124883,9225773394.42,0.669908299803311,-0.3232758620689613,False
603011,合锻智能,2025-06-19,-10.0,14.4718,-12543.907354,-10.7588486359856,3455.2767643165985,7831524682.08,0.344312780569496,-1.437908496732032,False
603011,合锻智能,2025-06-04,-6.0354,28.4983,-7165.692770000001,-2.7181405198063726,1680.276118063814,8929124732.22,0.4191162544481531,-2.209944751381232,False
603011,合锻智能,2025-06-03,-5.7843,25.6763,-11348.111265,-4.613966319269784,2017.984352808789,9502645479.14,0.3856788380730577,-7.131862493586438,False
603011,合锻智能,2025-05-30,4.1348,33.6749,6484.63873,1.9622780892409712,1678.3819242299269,10086054514.8,0.5584574363234192,0.3604531410916323,True
603011,合锻智能,2025-05-28,10.0062,31.5886,5641.341271,2.122760950515436,1499.5108071786628,8805521122.97,0.570781782310373,10.11738401341531,True
603011,合锻智能,2025-05-28,10.0062,31.5886,5641.341271,2.122760950515436,1499.5108071786628,8805521122.97,0.570781782310373,10.11738401341531,True
603011,合锻智能,2025-05-27,7.7179,32.753,-7388.2853,-2.8717740910760847,1617.4089263998535,8004569735.03,0.4112230047639131,14.679487179487191,True
603011,合锻智能,2025-05-26,10.0293,24.6959,2751.478045,1.588817762165996,2251.4167202309154,7431048988.11,0.5352848441581051,0.9055627425614388,True
603011,合锻智能,2025-05-23,7.3899,27.8051,-226.0826,-0.1216250104729426,2234.581763897353,6753701209.42,0.4972785732784999,15.45929798356982,True
603011,合锻智能,2025-05-07,4.3599,31.167,-1286.146999,-0.7347044985848628,2018.6263506838104,5562162416.25,0.4818018699117847,0.0,False
603011,合锻智能,2025-04-09,-4.7619,30.6204,322.1091,0.2258934963237692,1697.964511574626,4746378595.2,0.5066518909784011,-0.6243496357960288,False
603011,合锻智能,2025-04-03,-6.6767,30.1593,-5323.79971,-2.693001402252149,1776.6201069724782,6150515596.28,0.4242099818727914,-9.999999999999998,False
603011,合锻智能,2025-04-03,-6.6767,30.1593,-5323.79971,-2.693001402252149,1776.6201069724782,6150515596.28,0.4242099818727914,-9.999999999999998,False
603011,合锻智能,2025-04-02,-5.057,32.8487,-1784.8639,-0.8089555339879673,1433.663756149342,6590544445.21,0.4717871247522944,-15.789473684210533,False
603011,合锻智能,2025-04-01,10.0313,27.6897,-2633.727425,-1.444214523947979,1815.6449951483985,6941578695.48,0.4602286094526441,-8.779149519890261,False
603011,合锻智能,2025-03-31,-4.5625,33.0586,-2329.586885,-1.160483035411187,1791.7168318993645,6308728216.12,0.4676153336634957,15.165876777251183,True
603011,合锻智能,2025-03-28,10.0412,38.0612,9849.031388,4.017129014527356,1726.706416455093,6610321022.69,0.6163234518689771,2.926829268292685,True
603011,合锻智能,2025-03-28,10.0412,38.0612,9849.031388,4.017129014527356,1726.706416455093,6610321022.69,0.6163234518689771,2.926829268292685,True
603011,合锻智能,2025-03-27,-1.699,39.6485,2850.656564,1.1202324891590687,1676.5745920310137,6007135409.55,0.5334083700923206,2.5000000000000133,True
603011,合锻智能,2025-02-19,10.069,2.4811,3199.0906,33.26109707295976,5466.534082130084,3945427207.26,0.8042247297212429,-4.076738609112707,False
603012,创力集团,2026-06-22,10.0536,2.3761,797.235998,6.498669870706436,4634.585991306783,5307765000.0,0.5701105760352291,-0.3562945368170922,False
603012,创力集团,2025-03-06,10.0639,8.8719,4721.7999,12.445830469313568,2946.439194267388,4454385000.0,0.7112012101510233,-2.896341463414631,False
603016,新宏泰,2025-01-07,-9.9955,3.2528,-76.9925879999999,-0.3858278966953691,1955.9264410139936,5896768000.0,0.4901369527860325,4.866899704221561,True
603016,新宏泰,2025-01-03,10.0134,2.5071,1065.3577,7.080919472964063,2881.58306401198,6104192000.0,0.6228650938679765,2.439631565845146,True
603017,中衡设计,2026-04-07,-9.1472,12.7087,2917.8869,6.217322606912509,1789.231962267375,3648473770.53,0.6737427772929371,2.5679758308157163,True
603017,中衡设计,2026-04-03,-10.0248,9.4625,-638.5562,-1.6387248549633515,1346.7884524118704,4015806860.22,0.4391617572890281,-1.5613382899628214,False
603017,中衡设计,2026-04-01,7.6593,21.9573,928.275395,0.910014960187648,1038.960277379363,4852663448.01,0.5437945020613799,-5.228365384615385,False
603017,中衡设计,2026-03-10,10.0408,4.8796,2427.8919,13.642426224958433,3347.819466747982,3723045149.64,0.703750924451886,-1.8587360594795488,False
603017,中衡设计,2026-01-13,-9.9795,19.9565,-3738.556441,-4.959886389762859,1548.2234121668914,3637426158.81,0.3398200689001012,0.2483443708609201,True
603017,中衡设计,2025-12-29,10.0379,6.1776,5991.5079,30.69964461884103,5580.220699282516,3209331204.66,0.7750755415712167,-8.02364864864864,False
603017,中衡设计,2025-06-11,-9.9384,19.8257,-4219.194715,-7.396023324084336,1746.0361182285471,2825275166.72,0.2882053169785508,-0.5165289256198191,False
603017,中衡设计,2025-06-09,-2.2562,25.8164,-7118.996972,-8.313560053877918,2330.5341660096174,3346737087.14,0.3216383141871602,-6.5616797900262425,False
603017,中衡设计,2025-06-06,10.0177,29.526,7990.542452,7.990427557642149,2018.1110763808329,3423990704.98,0.6979679823167052,0.0,False
603017,中衡设计,2025-05-21,10.0559,10.5343,912.00512,3.333731283086457,2724.447674376525,2717671913.3,0.5611817821725896,-5.76519916142556,False
603022,新通联,2025-12-18,10.0313,14.4105,796.945205,2.6707066154814623,2833.4971261522587,2106000000.0,0.5471273923455172,-0.9259259259259413,False
603022,新通联,2025-06-30,-10.0081,22.7464,-984.052051,-1.942814765843965,1378.120615355527,2212000000.0,0.4295121651836418,-1.6728624535315983,False
603022,新通联,2025-06-27,-10.0293,32.0721,-4844.236122,-5.998408666563808,1861.7652451031595,2458000000.0,0.3389053431322529,-4.778761061946913,False
603022,新通联,2025-06-27,-10.0293,32.0721,-4844.236122,-5.998408666563808,1861.7652451031595,2458000000.0,0.3389053431322529,-4.778761061946913,False
603022,新通联,2025-06-27,-10.0293,32.0721,-4844.236122,-5.998408666563808,1861.7652451031595,2458000000.0,0.3389053431322529,-4.778761061946913,False
603025,大豪科技,2026-04-20,10.0326,1.4282,3671.48193,13.815281184255268,2650.0115993995314,18733961915.97,0.7606645417587169,-2.8915662650602414,False
603028,赛福天,2026-05-08,10.0571,7.5166,1304.090645,6.596633723931109,4630.409401123844,2736749700.0,0.5712316466264306,-0.103519668737062,False
603028,赛福天,2025-05-12,10.0291,8.4911,1956.2321,10.990101812223555,5357.904191749984,2172892800.0,0.6025597082264549,-1.7333333333333312,False
603028,赛福天,2025-04-25,10.0855,9.0953,1694.1191,10.416097403019087,3100.80280576902,1848537600.0,0.6679580749804537,-0.9316770186335476,False
603028,赛福天,2025-03-26,-8.6575,27.9949,-3289.68342,-5.652046268488375,2048.853058782435,2089651200.0,0.3620680423063819,-5.857142857142861,False
603028,赛福天,2025-03-24,6.4982,35.8266,-4778.2914200000005,-5.2130694791822885,2403.0498096422166,2540304000.0,0.3915322217154032,-10.037641154328735,False
603030,全筑股份,2025-10-09,10.0649,4.0387,3009.0975,17.037961204760556,3170.5497879638096,4464404632.8,0.7686909581019807,-2.3323615160349864,False
603030,全筑股份,2025-07-25,10.0775,9.3434,2113.523988,6.119089949045453,3006.8163161071566,3740091196.8,0.601753637498011,-3.873239436619713,False
603030,全筑股份,2025-05-09,-2.439,21.7692,-130.189268,-0.1686476549493985,1019.8846830620832,3687413856.0,0.4917320233478233,-2.20588235294118,False
603030,全筑股份,2025-05-08,-10.0313,23.8473,-9555.322494,-10.11286999564902,2071.849520958774,3779599202.4,0.2559458374426449,5.019305019305032,True
603065,宿迁联盛,2026-06-18,5.4693,16.8772,-6559.883419,-6.206138607411218,2792.849820470059,6544273474.64,0.3888923678974139,2.967898243488776,True
603065,宿迁联盛,2026-06-16,7.8358,15.2336,2120.692482,2.33680546222252,3377.4798437280187,6054081415.4,0.5345939216567341,5.409252669039155,True
603069,海汽集团,2025-12-23,10.019,1.8171,8215.2048,49.5385907368208,6429.950949816836,9126080000.0,0.885217485509994,-0.7457627118644061,False
603069,海汽集团,2025-12-18,-6.8699,4.6284,319.40533,0.9890557175364452,1701.325457773657,6854040000.0,0.5290672108918747,20.537783959202606,True
603070,万控智造,2026-06-22,-9.9755,3.8662,-2217.401006,-9.616680962152357,3067.920398412657,5898710000.0,0.3432703637433353,2.1798365122615904,True
603070,万控智造,2026-06-11,-10.0,2.4942,-4060.3913,-27.13431157489769,5541.266321553268,5738310000.0,0.2551614558809754,3.546592489568834,True
603070,万控智造,2025-02-28,-4.3183,29.5344,2376.338815,5.9143593131698005,2500.505868196518,1329804677.85,0.6182632560153821,-5.807275047862159,False
603070,万控智造,2025-01-14,6.6165,28.8894,1331.75624,3.9049352591010553,3363.772956894666,1215772426.3,0.5580439778359175,-3.928571428571437,False
603070,万控智造,2025-01-13,-10.0135,24.4546,260.617209,0.9110355262565928,2363.869147651804,1140322515.5,0.5192700075459251,8.864696734059097,True
603070,万控智造,2025-01-13,-10.0135,24.4546,260.617209,0.9110355262565928,2363.869147651804,1140322515.5,0.5192700075459251,8.864696734059097,True
603070,万控智造,2025-01-10,-9.9878,41.5203,2541.05943,4.615891362253269,1606.7311393576872,1267215547.3,0.6436423073277379,-5.022156573116687,False
603070,万控智造,2025-01-09,9.9799,51.4492,-2131.367573,-3.0200718568124656,1330.8598135393947,1407826744.7,0.3865368152945934,-8.882907133243611,False
603077,和邦生物,2026-02-24,10.084,4.4651,11208.621395,10.961293401401198,2182.553600276231,23138627537.36,0.7511116657115294,10.07194244604317,True
603077,和邦生物,2026-01-28,10.1563,6.1968,5954.676821,3.989031640957077,2504.950422943839,24904934982.96,0.5796229658762894,-7.473309608540923,False
603077,和邦生物,2025-12-01,10.0457,3.9341,9266.7476,11.229009810432794,3066.883730739909,21283652859.48,0.6830687237648183,-0.4149377593361092,False
603077,和邦生物,2025-10-09,10.0962,8.7488,5022.120296,2.901375068171437,2351.3160687187965,20223885912.12,0.5616968323988948,-6.896551724137923,False
603083,剑桥科技,2026-05-19,9.9989,12.9025,19981.111503,3.00736604393767,3257.0818331095934,55784598462.66,0.5461665717662747,-1.274758760792294,False
603083,剑桥科技,2025-10-09,-10.0,18.0783,5338.101981000021,0.9232613208530406,3868.0331560840486,30827642111.82,0.5119345062929572,-10.025127805216185,False
603083,剑桥科技,2025-10-09,-10.0,18.0783,5338.101981000021,0.9232613208530406,3868.0331560840486,30827642111.82,0.5119345062929572,-10.025127805216185,False
603083,剑桥科技,2025-09-15,7.3997,24.1246,79763.15173,11.256703516276332,3849.616287829405,29214162669.0,0.64620552640356,4.237964358542423,True
603083,剑桥科技,2025-09-02,-9.9947,16.5561,-1675.163634,-0.4265503344744378,2816.912051413697,22663757754.96,0.4924287601691297,2.547078705939154,True
603083,剑桥科技,2025-08-28,7.8127,36.5519,-8871.93358500001,-0.9846465273819978,3254.139901025179,25483326482.28,0.4848708636178825,0.116144018583042,True
603083,剑桥科技,2025-08-28,7.8127,36.5519,-8871.93358500001,-0.9846465273819978,3254.139901025179,25483326482.28,0.4848708636178825,0.116144018583042,True
603083,剑桥科技,2025-08-27,10.0037,1.4664,20621.4677,59.49314175697147,5949.314175697147,23636669777.79,,-0.1054741061069619,False
603083,剑桥科技,2025-06-06,7.8413,26.5404,11546.824709,3.707188940894601,2330.3328944972104,12090375027.51,0.5795420463241253,-0.4687499999999844,False
603086,先达股份,2025-07-10,1.8018,38.0755,-10860.244863,-5.580434122735786,1456.4446587237155,4913388515.9,0.3084227200357229,-3.399433427762033,False
603086,先达股份,2025-06-16,10.0437,11.4471,911.35742,1.8586253970552664,3791.4978068714986,4382916481.44,0.5245104374541217,-0.7744433688286589,False
603086,先达股份,2025-06-06,-7.6375,33.1292,-9681.660306,-6.874618929527614,2638.513388680052,3943755207.01,0.3697255250054516,1.2716763005780285,True
603086,先达股份,2025-06-06,-7.6375,33.1292,-9681.660306,-6.874618929527614,2638.513388680052,3943755207.01,0.3697255250054516,1.2716763005780285,True
603086,先达股份,2025-05-23,10.0457,15.3669,2194.921,3.528470599830919,3012.5004870107705,4191598698.52,0.5585638179154642,-4.781281790437442,False
603086,先达股份,2025-04-28,-2.445,28.0324,767.787803999999,0.7841731489987162,2077.849206030969,3469808881.14,0.5188698281550617,12.29193341869399,True
603086,先达股份,2025-04-25,2.1223,37.4937,-5776.485054,-4.324976285531754,1893.4048396631567,3556771509.74,0.3857883904453,-5.447941888619856,False
603086,先达股份,2025-04-24,10.0275,33.2796,-7898.25392,-6.906611380970438,2997.7092986121165,3482853275.43,0.3848018487955441,1.3496932515337343,True
603086,先达股份,2025-04-24,10.0275,33.2796,-7898.25392,-6.906611380970438,2997.7092986121165,3482853275.43,0.3848018487955441,1.3496932515337343,True
603086,先达股份,2025-02-20,-2.8912,23.4408,1276.399267,2.1780443272443724,2071.463289496537,2482783046.53,0.552572602620772,-1.4184397163120588,False
603086,先达股份,2025-02-19,-9.9541,5.594,-739.45248,-5.069934974368204,3274.9679558832595,2556701280.84,0.4225956552451085,3.296703296703285,True
603086,先达股份,2025-02-13,10.0897,8.6227,2607.294444,14.933856552295504,4583.6892578638735,2134932532.13,0.6629021483805285,5.776892430278879,True
603086,先达股份,2025-01-16,-6.9583,18.2527,927.142962,2.456982386454804,1682.3244556434236,2034925509.24,0.5730234402232208,-4.424778761061932,False
603086,先达股份,2025-01-15,-10.0179,22.9863,130.43168500000002,0.2443893603559407,1306.096578927985,2187110109.29,0.5093557155075213,-3.82978723404257,False
603086,先达股份,2025-01-15,-10.0179,22.9863,130.43168500000002,0.2443893603559407,1306.096578927985,2187110109.29,0.5093557155075213,-3.82978723404257,False
603089,正裕工业,2025-01-23,10.0414,4.6297,3795.0533,35.48367193381576,4962.167737479344,2378270479.68,0.8575420442340848,-0.8514664143803197,False
603093,南华期货,2026-05-15,-10.0039,3.945,1167.1856,2.008722990646264,2317.029082144973,14214535306.9,0.5433469524859547,5.9242761692650525,True
603093,南华期货,2026-04-10,10.0285,1.7765,4125.015566,20.299248702297305,4506.143205624984,11780372393.83,0.7252397202663011,0.0,False
603093,南华期货,2026-02-27,10.0168,3.1805,8285.3634,22.354168536233622,4162.853397596766,11993895456.38,0.7684957456001067,5.192211682476278,True
603093,南华期货,2025-07-14,-10.0036,7.9962,-11848.811826,-9.421736435074312,3272.023620665977,15257747983.93,0.3560258493311756,-3.6414565826330514,False
603093,南华期货,2025-07-01,-8.1057,7.9613,287.8454,0.2825554943638323,2289.5559109997203,12518552124.36,0.5061705305602355,-3.848027277155397,False
603093,南华期货,2025-06-26,10.0253,8.7687,-758.7576,-0.6782004930730539,1573.140037107917,13256731854.89,0.4784443699519635,8.476190476190482,True
603093,南华期货,2025-06-25,10.0279,9.2293,-3039.7242,-2.82744655050272,1818.2096825574845,12048801386.75,0.4222464114665353,-1.5471167369901506,False
603093,南华期货,2025-06-20,-9.9748,5.9459,-15612.8742,-23.79914470949736,3595.888132558045,10901877507.91,0.1690783496013944,5.611940298507467,True
603093,南华期货,2025-06-18,5.4869,11.2658,10157.496042,6.796746651218368,1906.831911461633,13018806156.62,0.6782209173856467,-11.62136832239925,False
603093,南华期货,2025-06-12,10.0243,4.7644,12647.68025,20.03903948528914,3777.8020499720496,13793589840.73,0.7652208773807696,2.116650987770452,True
603093,南华期货,2025-06-12,10.0243,4.7644,12647.68025,20.03903948528914,3777.8020499720496,13793589840.73,0.7652208773807696,2.116650987770452,True
603093,南华期货,2025-06-11,2.3406,10.94,-7215.05465,-5.150154629598252,2230.1505446536003,12536854101.15,0.3845334759587226,10.041407867494833,True
603093,南华期货,2025-06-09,10.0054,6.6498,10365.910688,13.313788492605685,3078.133357376963,12542954760.08,0.7162639974759094,-2.2504892367906093,False
603093,南华期货,2025-03-14,10.0418,1.9514,723.3883,4.774666295987103,3603.31009721626,8022366492.95,0.5662538911052337,1.4825796886582587,True
603098,森特股份,2025-09-08,10.0351,5.0312,5687.54288,13.760869023623124,3694.565849718521,8448383655.04,0.6862312052804732,0.7375537799631182,True
603098,森特股份,2025-08-27,-9.8148,11.2988,999.728212999999,1.0537358829924632,2297.268806107395,7871867678.58,0.5229345360062144,-1.4532871972318229,False
603098,森特股份,2025-08-13,10.0382,2.9573,2194.196653,12.530068057640731,5266.914056987536,6201587746.78,0.6189507548639158,0.0834028356964111,True
603106,恒银科技,2025-12-09,-9.6519,9.9998,-580.7082740000001,-0.9461826411755346,2008.3633392679717,5944338400.0,0.4764439376412734,3.9508340649692553,True
603106,恒银科技,2025-12-02,10.0412,5.5759,9223.12866,24.158814061487803,4493.281468071806,6959352400.0,0.7688326363833939,-3.9730134932533634,False
603106,恒银科技,2025-06-25,10.0394,18.9357,1118.829993,1.0634737075640774,1770.4523047152493,5819413600.0,0.5300339552986467,-3.85650224215246,False
603106,恒银科技,2025-01-07,10.0719,1.4565,2643.9255,45.9690101374434,6097.893035201415,3981978000.0,0.8769253566115155,3.112840466926081,True
603115,海星股份,2026-05-25,-1.7969,7.1651,5977.273712,3.059717585110012,3083.70596206543,27628721488.0,0.5496110462986661,-5.386029411764703,False
603115,海星股份,2026-05-21,8.3957,4.883,3929.936438,3.2511474994873737,3315.8985375008365,25577490896.0,0.549023627573625,13.398876404494375,True
603115,海星股份,2025-07-24,-8.2967,15.7822,-10725.409356,-17.073976591712174,2757.261432186144,3992248000.0,0.1903816157509813,-3.26153846153846,False
603115,海星股份,2025-07-21,-8.3503,15.8779,-763.056458,-1.0745150330344286,1173.7040876799772,4305600000.0,0.4542254711254185,5.562060889929765,True
603115,海星股份,2025-07-18,10.028,10.7038,-8024.691618000001,-16.0152278798053,2800.655278899796,4697888000.0,0.2140807010333543,-13.034623217922617,False
603115,海星股份,2025-07-16,10.0339,2.8053,3363.2001,31.478195500516303,8570.344770279658,3882216000.0,0.6836460279268856,9.960384833050352,True
603117,万林物流,2026-02-02,10.1031,3.249,4042.2237,39.35142146611836,5901.275882191402,3199715942.28,0.8334145212976,-1.4678899082568808,False
603121,华培动力,2026-05-21,-10.0048,6.0866,-128.394756999999,-0.3285038237589935,3639.538820899949,6333965807.65,0.4954870130540637,0.3823047515019162,True
603121,华培动力,2026-03-10,-9.987,1.0982,-2371.8144,-30.641777395233746,10600.893001237291,7048271946.3,0.3554754896985689,-3.651825912956464,False
603121,华培动力,2026-03-09,-10.0,0.2175,-891.4302,-52.3427950563629,13144.098872742092,7830284827.95,0.3008886133498656,-3.9865513928914575,False
603121,华培动力,2026-01-27,10.0091,3.9963,2534.603088,7.82200834013448,3970.37761833394,8185745228.7,0.5985045893873536,1.3692946058091238,True
603121,华培动力,2025-08-07,-9.9773,7.5153,-5461.5524350000005,-10.373702722902058,2516.596313858319,6719894242.75,0.2938941842643482,-2.051282051282044,False
603121,华培动力,2025-02-27,8.0114,11.8887,3717.105970000001,5.079198419576699,2228.159838650888,6435525922.15,0.6139774250363489,-4.29184549356224,False
603121,华培动力,2025-01-10,-4.1572,19.3158,-6.1123070000007695,-0.006935020358715,1995.979038546866,4292607506.2,0.4998262752207116,2.3634881825590925,True
603122,合富中国,2026-04-09,-7.8007,18.4927,-780.4598,-0.5684104508080347,1241.883945190702,7292324236.56,0.4771149931920269,-1.5555555555555656,False
603122,合富中国,2026-04-07,3.8232,25.6069,1233.818384,0.5939775720443584,1194.904130610377,8323280556.03,0.524854612049125,-5.987135081642759,False
603122,合富中国,2026-04-07,3.8232,25.6069,1233.818384,0.5939775720443584,1194.904130610377,8323280556.03,0.524854612049125,-5.987135081642759,False
603122,合富中国,2026-04-03,7.7582,26.746,-10740.696936,-5.108075945706063,1641.9072919272808,8016780028.62,0.3444468828775901,5.811518324607334,True
603122,合富中国,2026-02-06,-10.0051,14.9,-2492.20672,-2.3416796332058234,1547.0437650324516,7053492656.76,0.4243176021863639,0.0,False
603122,合富中国,2026-01-14,-10.0088,19.4095,969.840016,0.6050752148957806,1390.8591429044588,8160078976.5,0.5217518509326629,-6.474456246838656,False
603122,合富中国,2025-12-04,4.8696,21.966,3969.891624,1.9338088316515236,1563.9051744407068,9601029507.96,0.5618262815180948,20.895522388059696,True
603122,合富中国,2025-12-03,-10.0156,22.552,4156.712104,1.926942819281288,1271.4024911309052,9155210559.0,0.5757802046450012,4.869565217391303,True
603122,合富中国,2025-12-02,9.9828,25.1272,-2854.541084,-1.1518894757661684,1219.2919829167768,10174225299.48,0.4527640019000769,-4.166666666666663,False
603122,合富中国,2025-11-28,7.491,27.2833,-5265.216625,-2.1460219291592866,1282.8834417090957,9481613718.06,0.4163594345601541,0.3930131004366899,True
603122,合富中国,2025-11-28,7.491,27.2833,-5265.216625,-2.1460219291592866,1282.8834417090957,9481613718.06,0.4163594345601541,0.3930131004366899,True
603122,合富中国,2025-11-27,7.5206,25.9002,-3429.539298,-1.5345651061649397,1170.967081464221,8820846347.28,0.4344744557530148,8.530805687203769,True
603122,合富中国,2025-11-25,0.6132,26.755,-6654.916464,-2.980154373164051,1317.790371226857,8490462661.89,0.3869260833045266,4.950495049504955,True
603122,合富中国,2025-11-25,0.6132,26.755,-6654.916464,-2.980154373164051,1317.790371226857,8490462661.89,0.3869260833045266,4.950495049504955,True
603122,合富中国,2025-11-24,-10.017,4.6942,-832.6803,-2.0964081485352324,1867.0586670877744,8438715819.6,0.4438580001397279,5.208333333333326,True
603122,合富中国,2025-11-12,10.0219,15.3784,0.0,0.0,20000.0,7996877396.97,0.5,2.9523809523809508,True
603122,合富中国,2025-11-10,5.2632,28.9176,-582.869936,-0.3046246268750988,1080.8403541333512,6607673707.8,0.4859079731012006,17.647058823529417,True
603122,合富中国,2025-11-10,5.2632,28.9176,-582.869936,-0.3046246268750988,1080.8403541333512,6607673707.8,0.4859079731012006,17.647058823529417,True
603122,合富中国,2025-11-07,9.9721,31.8477,-0.01,-1.7221158997433031e-06,19999.99982778841,6277290022.41,0.4999999956947102,13.33333333333333,True
603122,合富中国,2025-11-07,9.9721,31.8477,586.252509999999,0.3290940957859127,1054.9713516213424,6277290022.41,0.5155973001200527,13.33333333333333,True
603122,合富中国,2025-11-07,9.9721,31.8477,586.252509999999,0.3290940957859127,1054.9713516213424,6277290022.41,0.5155973001200527,13.33333333333333,True
603122,合富中国,2025-11-06,9.9693,31.5047,0.01,2.4842270215832126e-06,20000.0002484227,5708074757.22,0.5000000062105675,6.082036775106081,True
603122,合富中国,2025-11-06,9.9693,31.5047,-3549.783128,-2.0202472063243984,1521.3175701724958,5708074757.22,0.4336020550234186,6.082036775106081,True
603122,合富中国,2025-10-29,10.068,5.8712,3890.0041,20.89955175612731,4244.798663117794,3220245800.97,0.7461783633899922,15.598548972188642,True
603123,翠微股份,2026-04-03,10.0276,8.963,8501.75412,12.189833841078062,2578.72879176407,7801220350.04,0.7363535452043249,4.146341463414638,True
603123,翠微股份,2026-01-05,-9.9941,23.2026,-6126.001550999999,-2.6487643902931253,1707.4842215056342,9868935108.37,0.4224366363995597,5.084745762711873,True
603123,翠微股份,2025-12-29,10.0206,24.0111,21364.676516,9.026529141830926,1932.8683184367735,10455983462.47,0.7335008819724259,-8.122424955856378,False
603123,翠微股份,2025-12-16,10.0257,7.7326,11575.229732,18.232491323400467,3777.323300135521,8375223185.16,0.7413414192365574,7.526881720430101,True
603123,翠微股份,2025-08-21,10.0215,21.4863,18039.648715,8.553851285724337,1950.2873806463251,10025481336.13,0.719297201289627,3.581081081081084,True
603123,翠微股份,2025-07-01,-9.9707,28.2171,-8673.403653,-2.945242444246079,1518.56918539472,10012435817.15,0.4030257405269116,-4.482758620689653,False
603123,翠微股份,2025-07-01,-9.9707,28.2171,-8673.403653,-2.945242444246079,1518.56918539472,10012435817.15,0.4030257405269116,-4.482758620689653,False
603123,翠微股份,2025-07-01,-9.9707,28.2171,-8673.403653,-2.945242444246079,1518.56918539472,10012435817.15,0.4030257405269116,-4.482758620689653,False
603123,翠微股份,2025-06-26,1.782,32.0284,-2171.49807,-0.6923713358084908,1759.8083305659418,9686297842.65,0.4803282174603119,8.15331010452962,True
603123,翠微股份,2025-06-25,10.0302,24.9951,2243.907482,1.0029064313824947,1878.95102088372,9516706095.91,0.5266879343909349,-3.171390013495279,False
603123,翠微股份,2025-06-25,10.0302,24.9951,2243.907482,1.0029064313824947,1878.95102088372,9516706095.91,0.5266879343909349,-3.171390013495279,False
603123,翠微股份,2025-06-06,-7.8279,27.3641,257.147145000002,0.103236503945041,1632.091122684795,8525246653.43,0.5031627064969024,-5.963302752293576,False
603123,翠微股份,2025-06-05,10.0078,28.2238,-4374.348394,-1.8116721797968152,1858.3426156397895,9249272956.82,0.4512557005218036,-6.571428571428573,False
603123,翠微股份,2025-06-05,10.0078,28.2238,-4374.348394,-1.8116721797968152,1858.3426156397895,9249272956.82,0.4512557005218036,-6.571428571428573,False
603123,翠微股份,2025-06-04,4.1195,28.2122,2850.332023,1.19537553358378,1531.81378661981,8407836982.61,0.5390183044448752,15.89403973509933,True
603123,翠微股份,2025-06-03,10.0444,1.0248,4720.206784,57.03610812315682,12675.011154179005,8075176248.62,0.7249943113633939,-2.186234817813759,False
603123,翠微股份,2025-03-04,10.0381,6.264,869.9785,2.54343452269288,3199.4148049866503,5648709718.34,0.539748433349884,-5.978260869565211,False
603126,中材节能,2025-08-11,10.045,7.5017,4146.699135,12.614815155714115,2723.583990658165,4481070000.0,0.7315848381945014,-0.8207934336525224,False
603126,中材节能,2025-02-11,10.0486,4.672,2366.4398,12.671296091954536,4348.747913178814,4145295000.0,0.6456890160677555,0.5839416058394109,True
603126,中材节能,2025-01-02,-2.5,14.5358,323.62865,0.438174100233122,1409.0084074957117,4999995000.0,0.5155490236219352,-5.521472392638039,False
603130,云中马,2026-01-23,9.9966,4.1113,4462.116095,12.998560425039887,4287.829307753515,8791282806.0,0.6515750685496633,-10.535351958795058,False
603130,云中马,2025-11-12,-9.5047,10.8673,-6463.6041,-31.4193629386479,5011.475283594375,1837773565.5,0.1865258116556745,4.662199888330543,True
603130,云中马,2025-10-23,-9.3587,11.4029,-881.42704,-3.727176701041368,2436.554222511746,2042538000.0,0.4235154164310127,-0.1231527093596196,False
603130,云中马,2025-08-08,-3.1133,26.9232,-4005.764634000001,-6.655661595276811,2002.3602332827827,2113516195.5,0.3338045900870408,3.2922844935913576,True
603130,云中马,2025-06-03,4.4675,28.962,2619.58993,5.968800588448167,3688.296621966013,1492584643.5,0.5809154089302415,0.2742543709290279,True
603130,云中马,2025-05-26,-9.3113,15.1175,-314.0706,-1.5407794638641277,3680.405439640199,1317947644.5,0.4790678025949397,3.385214007782112,True
603130,云中马,2025-02-27,-8.8621,22.693,-1409.99295,-4.51345089034538,2829.710772587513,1349606983.5,0.420248900805183,-1.584847313490534,False
603130,云中马,2025-02-20,10.0,28.9129,2921.280183,6.3779484746471535,2801.9773793922045,1668242911.5,0.6138115625335746,-8.574992204552546,False
603130,云中马,2025-02-20,10.0,28.9129,2921.280183,6.3779484746471535,2801.9773793922045,1668242911.5,0.6138115625335746,-8.574992204552546,False
603132,金徽股份,2026-01-29,-2.615,4.1074,-134.300967,-0.151248396741937,1862.1656851977727,21124800000.0,0.4959389113991252,-9.994794377928171,False
603132,金徽股份,2026-01-28,10.0198,4.8467,-2521.562154,-2.5845502275967607,2790.322627351175,21692040000.0,0.4536872510321459,-12.363138686131393,False
603132,金徽股份,2026-01-26,10.024,0.7121,3858.3408,30.733504280851577,9230.306669702892,17926740000.0,0.6664814907056649,9.750812567713972,True
603155,新亚强,2026-03-11,-6.1421,10.9763,-2251.019967,-3.271207488176565,3192.335821100165,5838897932.0,0.4487646715211619,-5.516111414527569,False
603155,新亚强,2025-08-14,10.03,8.1863,5881.854685,13.210588300155674,2520.42479774751,5785214176.0,0.7620706698323613,-0.2143622722400762,False
603155,新亚强,2025-06-26,1.8182,14.11,1363.578672,1.7314916174444552,1412.0832054111884,5658899456.0,0.5613098297185772,9.290248124639366,True
603155,新亚强,2025-01-21,10.0076,2.6443,2690.599874,23.50810092463483,5293.621737129217,4547329920.0,0.7220417522444993,-2.889358703312195,False
603163,圣晖集成,2026-03-17,6.6057,8.5712,-5135.437966,-5.044057767594799,2904.231791153358,12249000000.0,0.4131602067204207,-3.251257152765741,False
603163,圣晖集成,2026-03-05,-8.3845,7.5924,-23521.672752,-26.41681055701056,4908.855172976109,11200000000.0,0.2309269715020463,-6.319045514803367,False
603163,圣晖集成,2026-01-27,10.0054,4.914,443.51882300000005,0.9275341525487338,2700.659457368537,10159000000.0,0.5171723641427288,-0.6640361851602328,False
603163,圣晖集成,2026-01-19,-4.915,10.3377,652.2174579999979,0.7180775615395792,4056.530907516613,8667000000.0,0.508850882415428,0.8457142857142719,True
603163,圣晖集成,2025-12-29,-10.0,3.9752,-3062.448525,-10.101730889845244,3637.6001382448,7470000000.0,0.361148415082265,-2.723043240284617,False
603163,圣晖集成,2025-12-26,-3.3985,9.6822,-12263.878522,-14.822509987822578,3653.1617668499593,8300000000.0,0.2971276536077993,-8.63857982247781,False
603163,圣晖集成,2025-12-15,-9.4646,4.9348,-1806.8386,-5.904140683948651,2587.5851474704414,5969000000.0,0.3859140792000528,3.870537203870539,True
603163,圣晖集成,2025-11-07,-7.6412,6.2171,-5733.81481,-19.403412855164014,3189.839370118751,4726000000.0,0.1958559569342567,-5.148005148005142,False
603163,圣晖集成,2025-09-11,1.4955,29.002,1115.804488,2.1484730424683387,2784.046958646368,1805441845.0,0.5385854311076878,-3.7765851719340215,False
603163,圣晖集成,2025-09-10,10.0,29.5643,-1961.607495,-3.87067030005773,3507.253507990717,1778839755.0,0.4448190686638558,0.5395683453237377,True
603163,圣晖集成,2025-09-05,9.99,17.2742,4306.80685,17.31042232833532,3727.101814948752,1545371412.5,0.7322236309577893,-4.548571428571435,False
603163,圣晖集成,2025-09-04,-10.0067,19.4842,-523.051825,-1.80972883924546,2629.519796278077,1410260797.5,0.4655882256180954,12.8158844765343,True
603163,圣晖集成,2025-08-26,4.4553,35.6955,2484.541265,5.040134382985707,3152.194984262881,1419711540.0,0.5799464247635099,-1.754385964912275,False
603163,圣晖集成,2025-08-04,-1.5824,36.0811,-4065.504385,-9.596767435944416,2011.6525203078756,1110287230.0,0.2614705487388133,4.406445248273583,True
603163,圣晖集成,2025-05-21,-9.82,27.3591,-2610.322275,-9.245847014405356,1951.262555452383,999678540.0,0.2630803966239748,-0.9937430990062724,False
603163,圣晖集成,2025-02-27,-5.0703,32.7672,-927.777275,-2.5817974756787705,2071.9517593879464,1015779805.0,0.4376964868033068,-6.514414077124675,False
603163,圣晖集成,2025-02-27,-5.0703,32.7672,-927.777275,-2.5817974756787705,2071.9517593879464,1015779805.0,0.4376964868033068,-6.514414077124675,False
603166,福达股份,2026-06-16,10.0372,3.5171,6500.27676,19.989097057587195,3313.715554620857,9482591634.8,0.8016115404008216,6.666666666666665,True
603166,福达股份,2025-09-23,10.0264,10.5744,-3848.753474,-2.786135032444145,3391.4285924363185,13323330373.35,0.4589238729858874,0.8858267716535417,True
603166,福达股份,2025-08-19,2.3523,8.689,-2080.821746,-2.0425669206981945,3491.077413430422,11955851860.21,0.4707458947653195,4.011142061281348,True
603166,福达股份,2025-04-09,10.0358,8.1124,4016.38372,6.885328304323831,2847.306161810945,7847026234.28,0.6209095178571282,-0.3984063745020028,False
603166,福达股份,2025-04-01,-7.2502,9.7349,-9305.44556,-10.301707771542215,2355.691254624692,9073922844.2,0.2813442710007539,0.5818181818181722,True
603166,福达股份,2025-03-13,-10.0213,12.2879,-5696.952953,-5.474624467834623,2815.6356497796933,8089849521.66,0.4027817312182601,10.922330097087386,True
603166,福达股份,2025-03-06,10.0426,11.8895,1060.4918,1.125920800651243,2555.0106479063197,8262381857.43,0.5220335833350415,-0.236593059936907,False
603166,福达股份,2025-01-22,2.2931,16.5802,-5530.098539,-5.205590727223748,1910.95272232511,6556228759.26,0.3637959310450664,-6.747230614300104,False
603166,福达股份,2025-01-21,5.2466,17.4864,-2220.636336,-2.062735715670934,2292.923073734541,6409256769.53,0.4550195176781202,5.976520811099251,True
603166,福达股份,2025-01-17,9.9886,18.0966,7589.471979999999,6.9477242781737765,1850.7361041037557,6191993828.19,0.6877016464629436,4.489337822671158,True
603166,福达股份,2025-01-16,-10.0102,18.172,38.1591140000001,0.0360155271941397,1441.8619150993193,5629666215.31,0.5012489242838368,8.658536585365862,True
603166,福达股份,2025-01-14,10.0346,17.2694,1205.54358,1.2204718670751604,1744.952405494474,6096142530.54,0.5349714944439791,-7.684426229508201,False
603176,汇通集团,2025-12-01,-9.9415,10.6956,-4268.6952,-13.398784167338247,2572.9786330789034,2844773211.28,0.2396250401173199,1.8456375838926231,True
603176,汇通集团,2025-12-01,-9.9415,10.6956,-4268.6952,-13.398784167338247,2572.9786330789034,2844773211.28,0.2396250401173199,1.8456375838926231,True
603176,汇通集团,2025-08-08,10.0601,5.0074,2831.5559,16.942721466481796,3499.1084020231992,3384892897.31,0.7421005513388131,-2.272727272727282,False
603176,汇通集团,2025-07-31,-10.0271,12.1549,0.187948000000417,0.0004804610749363,2454.4105515293227,3066260414.48,0.5000097877079822,-5.31107738998482,False
603176,汇通集团,2025-07-25,9.9432,20.0307,17.2187829999998,0.0257098055525533,1952.6019236420768,3574225242.18,0.5006583473375003,-2.3066485753052923,False
603176,汇通集团,2025-07-17,-10.0471,14.3173,-659.9994,-1.719492404547034,1422.9353962981318,2646034966.11,0.4395793930975216,12.343470483005367,True
603176,汇通集团,2025-07-16,-5.9084,19.3537,-4694.304597,-7.995966351232353,2164.078349246891,2941578138.59,0.3152570041187514,-3.786574870912218,False
603176,汇通集团,2025-06-05,10.101,10.4218,187.7377,0.7206864959634747,5533.907346519929,2516734828.15,0.5065115518822039,-3.358208955223896,False
603177,德创环保,2026-06-22,2.9412,11.0171,1475.6851,6.316070036058331,3508.253231314282,2286950400.0,0.5900173051888299,-10.724365004703673,False
603177,德创环保,2026-06-18,10.0101,8.785,-675.11757,-3.803761796031092,5170.716775943516,2221608960.0,0.4632182349096367,1.238095238095238,True
603177,德创环保,2025-09-03,-10.0,13.9334,-334.7516,-0.8987376231936527,1470.6710010411562,2664705600.0,0.4694446404886819,-5.6761268781302165,False
603177,德创环保,2025-09-02,-9.0909,28.9634,-5655.029162,-6.472831030492587,1774.580757497053,2960784000.0,0.3176236555268932,-8.199233716475096,False
603177,德创环保,2025-01-21,-10.0317,2.9946,412.2255,7.906168067524087,4425.791853867149,1739715840.0,0.5893192487194792,-1.287001287001277,False
603177,德创环保,2025-01-17,10.0418,20.4231,-1168.79867,-2.946403302514486,3280.960964278835,2148099840.0,0.4550984706219735,-19.00668576886342,False
603177,德创环保,2025-01-17,10.0418,20.4231,-1168.79867,-2.946403302514486,3280.960964278835,2148099840.0,0.4550984706219735,-19.00668576886342,False
603188,亚邦股份,2026-04-07,10.0858,4.1009,285.9522,2.4632584293463364,3488.9577225322805,2924972100.0,0.5353007778431679,0.0,False
603188,亚邦股份,2025-11-06,10.0823,12.246,5259.5671,14.422748213235014,3271.846537664584,3050409500.0,0.7204068566053506,-3.2692307692307687,False
603188,亚邦股份,2025-04-17,10.0737,4.4541,1274.4625,11.525226945585183,4002.980658788877,2554361600.0,0.6439580643523795,-6.415929203539806,False
603188,亚邦股份,2025-04-02,10.1333,6.5577,857.563114,5.639206785409648,3518.3348118585072,2354802100.0,0.5801402806578095,-8.47457627118644,False
603192,汇得科技,2025-11-04,-10.0032,2.7001,-1627.5109,-15.478592987726008,4199.898293723618,3879893342.66,0.3157265735356327,0.588466065123594,True
603192,汇得科技,2025-11-03,-9.9884,5.518,-603.9926379999999,-2.422956779584501,3671.534295868925,4311146677.03,0.4670034843156616,-7.745204487875501,False
603192,汇得科技,2025-05-29,-10.0,14.7564,-775.65367,-1.5662913855782798,1370.0067880584777,3282240007.89,0.4428363640519632,-6.684981684981683,False
603192,汇得科技,2025-05-28,-7.7193,18.8455,-2689.797289,-3.7301802877218906,1569.2289450383423,3646933342.1,0.3811460781578068,-5.4135989605889945,False
603192,汇得科技,2025-05-28,-7.7193,18.8455,-2689.797289,-3.7301802877218906,1569.2289450383423,3646933342.1,0.3811460781578068,-5.4135989605889945,False
603206,嘉环科技,2026-06-08,10.0324,2.008,3174.2887,31.05130822650912,4562.912519193887,5188399796.0,0.8402575448892766,-2.149944873208387,False
603206,嘉环科技,2026-05-20,-4.66,16.5696,-2685.667592,-2.4416049537135818,1297.4114663219627,6119259759.4,0.4059047566214556,-1.185567010309263,False
603206,嘉环科技,2025-03-18,-2.3798,33.1046,-5070.882081000001,-8.553162966085273,2232.433993127962,1788471753.88,0.3084341352887872,-0.4446640316205563,False
603206,嘉环科技,2025-03-17,-4.9321,48.2306,1391.52325,1.546412920730751,2298.981464674367,1832071747.88,0.5336325660839938,-3.296703296703307,False
603206,嘉环科技,2025-03-14,-10.0163,60.4744,-968.711606,-0.783607357942386,1710.178423558964,1927119734.8,0.4770898946230516,-2.2875816993464198,False
603206,嘉环科技,2025-03-14,-10.0163,60.4744,-968.711606,-0.783607357942386,1710.178423558964,1927119734.8,0.4770898946230516,-2.2875816993464198,False
603206,嘉环科技,2025-03-13,9.9866,45.9235,-1403.538082,-1.4360777424880244,1875.1324509672615,2141631705.28,0.4617072985498374,-7.312851579402846,False
603206,嘉环科技,2025-02-24,-4.4169,42.4491,-2732.82979,-3.628489396387094,2157.72799052503,1679471768.88,0.4159187485095332,1.9726027397260149,True
603206,嘉环科技,2025-02-24,-4.4169,42.4491,-2732.82979,-3.628489396387094,2157.72799052503,1679471768.88,0.4159187485095332,1.9726027397260149,True
603206,嘉环科技,2025-02-12,4.5324,30.996,1191.879905,2.368327903795265,2649.3413234037675,1588783781.36,0.5446965417946324,-4.352617079889798,False
603212,赛伍技术,2026-06-18,-10.0252,9.3196,-2795.243855,-4.618335465397276,1551.6796539287302,6242991375.72,0.3511827021220515,-6.580829756795426,False
603212,赛伍技术,2026-01-30,-10.0111,13.5355,-2353.8010010000003,-2.4196672719395957,1413.4087640829423,7078598490.48,0.41440313186718,0.0602772754671576,True
603212,赛伍技术,2026-01-28,3.091,25.3937,-8320.895617,-4.167096450474149,2282.0322890464804,7879206354.36,0.4086976886682151,-0.931857891671517,False
603212,赛伍技术,2026-01-27,10.0126,18.6767,12974.690746,9.627121061881256,2825.7181937455057,7642961410.92,0.6703482159542677,0.1166180758017665,True
603212,赛伍技术,2025-11-27,10.0249,8.2936,9966.644176,21.40153110520832,3747.207294984442,5809875646.08,0.7855664154723148,0.3009781790820343,True
603212,赛伍技术,2025-06-30,10.0441,6.4294,4420.4039,12.765530429861183,3754.340371094428,5464258043.64,0.6700102969904658,0.1557632398753838,True
603212,赛伍技术,2025-06-24,10.0368,15.4222,3368.9103240000004,4.458165560889991,1521.637461923057,5228013100.2,0.6464923699780541,-3.1198686371100126,False
603212,赛伍技术,2025-06-20,10.0414,3.5373,9996.27287,60.91596419353039,9305.482491266954,4650525460.68,0.8273122283057276,-8.319039451114929,False
603216,梦天家居,2026-05-14,-10.0094,4.1228,-3644.3781,-13.331908801074585,2969.891160465168,6406791300.0,0.275548865585592,-4.239663629992996,False
603216,梦天家居,2026-04-16,-6.934,5.3167,-6826.055359,-18.63432549010124,3498.114640863975,6874440300.0,0.2336518753213462,-0.6553079947575369,False
603216,梦天家居,2026-01-23,-0.0386,7.9089,-10926.15691,-12.379481874730194,4753.628535654192,11539795800.0,0.3697891328500015,0.7145692735212483,True
603216,梦天家居,2026-01-22,-10.0,2.4606,-2610.6277,-8.994674307301748,3055.694831338261,11544249600.0,0.3528211290104111,8.95328719723183,True
603216,梦天家居,2026-01-06,-6.8387,3.0739,-247.850399,-0.8247162157234801,2835.796640741437,9646930800.0,0.4854588265626154,1.1411271541686083,True
603216,梦天家居,2025-12-03,-10.0119,2.4733,889.885,5.23515295684617,2913.463674935655,6745280100.0,0.5898441432766754,4.450825556353211,True
603216,梦天家居,2025-12-02,10.0,8.037,-0.01,-2.2069300605325603e-06,19999.999779306992,7495745400.0,0.4999999944826748,-10.64785118665812,False
603216,梦天家居,2025-11-24,10.0,7.6977,3459.7446909999994,9.314956745364222,3703.428808867494,5119643100.0,0.6257612502643561,1.5371477369769293,True
603216,梦天家居,2025-11-21,10.0,12.2238,-939.15615,-1.6641369434600084,4373.271924309136,4654221000.0,0.4809737769310686,11.576941400667009,True
603216,梦天家居,2025-08-12,-4.3712,9.1064,-1806.24361,-6.016224902494178,2568.538395548264,3166651800.0,0.382886218229765,0.1466275659824045,True
603217,元利科技,2026-02-27,10.0194,4.4713,2085.163779,8.155936210333875,3805.629766398696,5895121708.0,0.6071561963586898,-1.8705035971222967,False
603221,爱丽家居,2025-08-20,-10.0198,7.1715,-1694.1128,-7.091643285511365,2317.656092174742,3306985500.0,0.3470082919235654,-2.948021722265326,False
603221,爱丽家居,2025-08-19,-9.9703,17.5055,-523.816851000001,-0.7778196317138381,3384.298230930513,3675235900.0,0.4885084058992641,-6.390704429920113,False
603221,爱丽家居,2025-08-19,-9.9703,17.5055,-523.816851000001,-0.7778196317138381,3384.298230930513,3675235900.0,0.4885084058992641,-6.390704429920113,False
603221,爱丽家居,2025-07-31,-4.0672,6.8113,-1950.40496,-10.440216072526171,3080.40620302276,2628629500.0,0.3305383221491806,2.51630941286114,True
603221,爱丽家居,2025-04-11,-10.0316,11.1756,215.065229,0.6793191128908239,1415.335257373338,2733600000.0,0.523998522941891,3.703703703703698,True
603221,爱丽家居,2025-04-10,-9.2473,16.3228,-2276.137124,-4.440237240614519,1824.3302179818745,3038400000.0,0.378305002108488,-8.396946564885488,False
603221,爱丽家居,2025-04-10,-9.2473,16.3228,-2276.137124,-4.440237240614519,1824.3302179818745,3038400000.0,0.378305002108488,-8.396946564885488,False
603221,爱丽家居,2025-04-07,10.0191,3.3206,3960.2091,43.09887232095612,6676.705090184744,2767200000.0,0.8227555488733109,20.52863436123349,True
603222,济民健康,2025-09-11,10.0156,16.9611,6607.951153,5.498404878736764,2405.373429860864,7382774046.9,0.6142942050177801,-5.330490405117272,False
603222,济民健康,2025-09-05,-8.7674,17.071,-7636.040065000001,-8.06580736545172,1803.995544769683,5518702363.65,0.2764460286823633,14.28571428571428,True
603222,济民健康,2025-09-02,-10.0237,20.6805,2902.618109,2.1815809212217605,2688.270265290392,5986033011.0,0.5405759225437496,-4.473684210526319,False
603222,济民健康,2025-08-28,9.9602,24.1865,8828.221523999999,6.663780115562762,1864.7585397028067,5797000389.6,0.6786767555606634,2.425876010781658,True
603222,济民健康,2025-08-26,-7.6845,19.3323,-1778.767489,-1.882018326758211,1611.6968803420757,4794077314.95,0.4416137628075957,4.301075268817178,True
603222,济民健康,2025-08-22,-10.0,23.3107,-15620.4533,-11.977508746950702,3730.126416482377,5387429709.9,0.3394490238450703,-3.517587939698485,False
603222,济民健康,2025-08-21,-3.8786,28.8185,9275.952616,5.520127044218642,3350.511075563068,5986033011.0,0.5823773884002303,-10.360360360360366,False
603222,济民健康,2025-08-20,10.0186,31.3073,6344.568834000001,3.4710876406577973,2233.8229549916355,6227574693.9,0.5776938842199066,-7.190635451505023,False
603222,济民健康,2025-08-20,10.0186,31.3073,6344.568834000001,3.4710876406577973,2233.8229549916355,6227574693.9,0.5776938842199066,-7.190635451505023,False
603222,济民健康,2025-08-14,10.0543,17.9924,465.45868,0.62702699501663,2154.8828560358006,4253233981.5,0.5145489810098107,16.82926829268294,True
603222,济民健康,2025-06-17,10.08,2.7361,1994.429188,20.63950662283657,5050.484336748906,3612623431.2,0.7043319535975693,-5.444126074498579,False
603232,格尔软件,2026-02-24,-10.0114,12.7588,-6675.985028,-9.392404124305068,2188.355273783925,5467931881.8,0.2854003818113023,0.9212730318258088,True
603232,格尔软件,2026-02-09,4.099,22.9437,-16791.952166,-11.493632249153569,2991.720495165624,6520346859.05,0.307909323953786,-3.6036036036036,False
603232,格尔软件,2026-02-06,7.9745,25.2313,17314.960776,11.0703559817947,2874.7481279560457,6263603864.6,0.6925447985188489,2.777777777777768,True
603232,格尔软件,2025-11-25,10.0163,6.4984,3944.583878,9.92817139737351,2559.121318859189,6249725864.9,0.6939761769832646,-4.796777737092639,False
603232,格尔软件,2025-11-19,-3.1228,35.2032,-2469.720997,-1.0763361084075849,2604.500614606793,6314489863.5,0.4793369964596825,-7.06442166910688,False
603232,格尔软件,2025-11-10,-3.9223,29.9614,-17320.463325,-9.846750623088637,2106.6443609128173,5949035871.4,0.2662930011873955,-6.290064102564108,False
603232,格尔软件,2025-11-07,4.816,33.6471,1646.742986,0.8073842398912546,2413.5468542494577,6191900866.15,0.5167260941810539,-5.811320754716975,False
603232,格尔软件,2025-11-06,9.9914,30.0559,20676.627594,12.135365025234112,2077.260645778428,5907401872.3,0.7921002005669475,5.746209098164412,True
603232,格尔软件,2025-11-03,0.2564,27.0431,-4573.525409000001,-3.144383301026106,1317.6651046512325,5426297882.7,0.3806835177646151,3.04347826086957,True
603232,格尔软件,2025-10-31,-8.914,33.3819,-2752.63598,-1.4275371448208274,1485.618140630672,5412419883.0,0.4519547753968994,0.3052769297863023,True
603232,格尔软件,2025-10-30,10.0214,38.6998,-297.282807000002,-0.1402634510195179,1449.8036257095414,5942096871.55,0.4951626741535125,-6.06308889799263,False
603232,格尔软件,2025-10-30,10.0214,38.6998,-297.282807000002,-0.1402634510195179,1449.8036257095414,5942096871.55,0.4951626741535125,-6.06308889799263,False
603232,格尔软件,2025-10-30,10.0214,38.6998,-297.282807000002,-0.1402634510195179,1449.8036257095414,5942096871.55,0.4951626741535125,-6.06308889799263,False
603232,格尔软件,2025-10-29,5.1328,37.4307,1195.777112,0.5986211650438626,1484.1494061573642,5400854883.25,0.5201671463317754,7.343887423043105,True
603232,格尔软件,2025-10-29,5.1328,37.4307,1195.777112,0.5986211650438626,1484.1494061573642,5400854883.25,0.5201671463317754,7.343887423043105,True
603232,格尔软件,2025-10-28,10.005,35.9836,1357.699531,0.762239372558511,1415.4006125878038,5137172888.95,0.5269266300219022,7.823613086770975,True
603232,格尔软件,2025-10-27,3.9115,37.197,-5031.937687,-2.8582132713494315,1727.2292760940925,4669946899.05,0.4172601660095493,8.098411071245515,True
603232,格尔软件,2025-10-24,10.0227,2.2569,6217.2114,61.29653710101866,9561.708084443544,4494158902.85,0.8205313138598389,0.4117344312918325,True
603260,合盛硅业,2026-06-16,10.0022,4.3589,13376.37665,5.435657040151661,3930.8437277353887,60328020199.23,0.5691410981540497,-2.8508771929824595,False
603313,梦百合,2026-06-18,10.099,3.7102,939.75506,8.299043477578188,4363.541114917921,3172463080.6,0.5950952822376958,-3.756708407871201,False
603313,梦百合,2025-10-17,10.0236,4.7171,3719.049745,15.099381243022416,4152.726933701627,5323575637.05,0.6818007960080732,1.1615628299894265,True
603315,福鞍股份,2026-04-20,-4.9676,18.3884,-5.8408159999996405,-0.0056334593412601,2483.081063960604,5638446246.4,0.4998865631206523,0.0579038795599284,True
603315,福鞍股份,2025-03-25,-10.0064,16.2065,893.3651880000001,1.224931210761742,1437.229567987784,4429814847.68,0.5426143198708584,0.0,False
603315,福鞍股份,2025-03-21,-10.0155,17.5541,-9487.728056,-9.796344420072275,2247.132157588179,5468248781.52,0.2820256279322133,-10.006414368184736,False
603315,福鞍股份,2025-03-20,9.9943,23.2482,3364.737854,2.598725137731732,1707.311367239447,6076877733.68,0.5761057762396795,-11.821266968325794,False
603315,福鞍股份,2025-02-21,-7.35,16.3143,-5581.353068,-7.680681731010076,2025.5566186516037,4310598867.36,0.3104056519505477,-7.366071428571431,False
603315,福鞍股份,2025-02-19,10.0408,9.7692,6867.8959,16.79343924862686,3318.5251735073684,4229030038.72,0.7530256419733254,12.657290895632878,True
603316,诚邦股份,2026-05-29,6.8385,28.8997,-6551.8361,-3.930089962093634,3276.404870063291,5697531840.0,0.4400243541632613,-3.759743237047231,False
603316,诚邦股份,2026-05-27,-10.0086,21.5947,5308.16055,4.308883433153497,3101.492986279797,5512547040.0,0.5694646651179751,3.100393700787407,True
603316,诚邦股份,2026-05-26,-10.0155,9.6731,-8142.784,-13.271976265171698,3661.7674829553353,6125639520.0,0.3187763651440237,-7.887579329102445,False
603316,诚邦股份,2026-05-22,-1.2844,29.2951,-1972.071841,-0.9751653650353016,2507.7211910678534,7108701600.0,0.4805567427410052,0.3099573808601485,True
603316,诚邦股份,2026-05-21,10.0121,30.8039,3308.609293,1.552842553805482,2571.7545379999524,7201194000.0,0.5301903336974982,-2.6037735849056665,False
603316,诚邦股份,2025-10-13,-7.7149,9.4181,-3562.0758,-11.25331206643723,2933.1573490098767,3319155840.0,0.308170671951235,-5.019011406844109,False
603316,诚邦股份,2025-09-25,-8.477,19.6487,-2585.7301,-3.6599817948846822,2084.4819444613595,3366723360.0,0.4122088391168473,1.334379905808469,True
603316,诚邦股份,2025-09-25,-8.477,19.6487,-2585.7301,-3.6599817948846822,2084.4819444613595,3366723360.0,0.4122088391168473,1.334379905808469,True
603316,诚邦股份,2025-08-29,10.0346,6.7479,7264.963940000001,43.48308701523637,5860.055732247,2521078560.0,0.8710125722521334,-5.8309037900874605,False
603316,诚邦股份,2025-07-08,-4.0153,25.2727,-2580.204231,-3.828913450717173,1546.2349035203022,2653210560.0,0.3761859067467721,-4.577822990844349,False
603316,诚邦股份,2025-07-07,-9.9828,32.6898,237.007286999999,0.2513237674771049,1621.3571911743556,2764201440.0,0.5077504133217885,-1.7982017982017928,False
603316,诚邦股份,2025-07-07,-9.9828,32.6898,237.007286999999,0.2513237674771049,1621.3571911743556,2764201440.0,0.5077504133217885,-1.7982017982017928,False
603316,诚邦股份,2025-07-04,-2.924,40.2287,1880.93498,1.4231309245357873,1370.3719638994362,3070747680.0,0.5519249868658369,-11.258865248226948,False
603316,诚邦股份,2025-07-04,-2.924,40.2287,1880.93498,1.4231309245357873,1370.3719638994362,3070747680.0,0.5519249868658369,-11.258865248226948,False
603316,诚邦股份,2025-07-03,10.0184,35.3476,-1699.783277,-1.6178076143133828,1308.651154954729,3163240080.0,0.438187972853264,-7.540983606557372,False
603316,诚邦股份,2025-07-03,10.0184,35.3476,-1699.783277,-1.6178076143133828,1308.651154954729,3163240080.0,0.438187972853264,-7.540983606557372,False
603316,诚邦股份,2025-07-02,10.0101,28.5368,-7098.215190000001,-8.680411024934875,3276.0246446494143,2875192320.0,0.3675160908952226,9.909909909909898,True
603316,诚邦股份,2025-06-26,10.0741,11.6637,1862.95616,8.43811056013034,2670.5014305085447,1963481520.0,0.6579873813908325,19.86666666666668,True
603316,诚邦股份,2025-03-18,10.0619,5.499,1506.5419,15.02798998757714,4366.389882032014,1878917040.0,0.6720871291111489,-1.8895348837209336,False
603318,水发燃气,2026-06-11,10.0559,18.9304,1568.231101,1.950420218047532,2482.377706699749,4521848601.4,0.5392853233571889,-5.000000000000004,False
603318,水发燃气,2026-05-08,-9.1954,26.5916,-1245.375211,-0.8308014389006838,1766.7472469376391,5439990449.4,0.4764878241542263,0.1654259718775863,True
603318,水发燃气,2026-05-07,-10.0,19.5935,-7710.769345999999,-6.471370120272907,1788.4083371955835,5990875558.2,0.3190745931541364,-3.280000000000005,False
603318,水发燃气,2026-05-06,1.683,25.4998,-13326.969879,-7.984798940160329,1942.4583070731944,6656528398.0,0.2944666582782039,-10.07194244604317,False
603318,水发燃气,2026-04-28,9.9761,30.6787,-5339.352158,-2.83414478719161,2565.7726600777087,6325997332.72,0.444770149918392,7.624633431085037,True
603318,水发燃气,2026-04-24,10.0483,3.5154,605.58352,3.2945066393187608,4467.6603276443375,5228817824.36,0.5368706033774937,6.209150326797386,True
603318,水发燃气,2026-03-10,0.1075,23.4662,3400.399544,3.4532737160068216,2281.884876991,4273950302.44,0.5756671327030413,4.815229563269874,True
603318,水发燃气,2026-03-10,0.1075,23.4662,3400.399544,3.4532737160068216,2281.884876991,4273950302.44,0.5756671327030413,4.815229563269874,True
603318,水发燃气,2026-03-09,-8.1935,30.8894,-9476.727826,-6.581794028446315,2084.7431096739188,4269359593.2,0.342143763471275,6.183115338882272,True
603318,水发燃气,2026-03-09,-8.1935,30.8894,-9476.727826,-6.581794028446315,2084.7431096739188,4269359593.2,0.342143763471275,6.183115338882272,True
603318,水发燃气,2026-03-06,5.5208,33.5155,7041.7609,4.809325356730605,2149.315164876401,4650388460.12,0.6118804127780667,-21.328344246959773,False
603318,水发燃气,2026-03-06,5.5208,33.5155,7041.7609,4.809325356730605,2149.315164876401,4650388460.12,0.6118804127780667,-21.328344246959773,False
603318,水发燃气,2026-03-05,-10.0281,33.1963,-5061.880436,-3.324722996774797,1986.2268132811048,4407080870.4,0.4163055554747397,14.82277121374864,True
603318,水发燃气,2026-03-05,-10.0281,33.1963,-5061.880436,-3.324722996774797,1986.2268132811048,4407080870.4,0.4163055554747397,14.82277121374864,True
603318,水发燃气,2026-03-04,10.0,36.5683,8787.862852,4.99666672664504,1657.306178874093,4898286759.08,0.6507466390440774,-7.730426164519322,False
603332,苏州龙杰,2025-06-20,-9.9732,12.4449,-2397.63192,-5.215140768535249,1985.1780520755844,3632469219.36,0.3686480347925818,7.831715210355994,True
603332,苏州龙杰,2025-06-13,-9.9742,17.387,-4486.632868,-6.705785256295885,3392.27988743612,3768767945.28,0.4011610851874001,3.1889290012033555,True
603332,苏州龙杰,2025-05-29,-10.0,21.9295,-609.862889,-0.6583030143086566,1523.3318726946834,4088961777.6,0.478392659337451,-5.20094562647756,False
603332,苏州龙杰,2025-05-28,6.2215,31.2053,-10620.176711,-7.867723408254671,2040.1616251083328,4543290864.0,0.3071789187820624,-9.952102182011693,False
603332,苏州龙杰,2025-05-28,6.2215,31.2053,-10620.176711,-7.867723408254671,2040.1616251083328,4543290864.0,0.3071789187820624,-9.952102182011693,False
603332,苏州龙杰,2025-05-22,-10.0,19.4727,243.72168,0.3851635364704093,1244.0559728524222,3212755682.4,0.5154801530186496,27.47489239598277,True
603332,苏州龙杰,2025-05-21,-0.1815,28.8391,-6216.051896,-5.899437492477177,1638.2532368871307,3569728536.0,0.3199473268343181,-5.683355886332886,False
603332,苏州龙杰,2025-05-20,9.98,25.9797,4635.51135,5.538312217110607,2015.8129610771775,3576218951.52,0.6373716789218165,-9.823062843197084,False
603332,苏州龙杰,2025-05-19,2.3145,23.0493,80.32815599999951,0.1112937437542167,1425.231185397438,3251698175.52,0.5039044102070774,15.503875968992254,True
603332,苏州龙杰,2025-05-15,10.0279,27.9079,-1118.418012,-1.2595536923780994,1888.982837522786,3418285507.2,0.466660531071053,-8.939292861907933,False
603332,苏州龙杰,2025-05-15,10.0279,27.9079,-1118.418012,-1.2595536923780994,1888.982837522786,3418285507.2,0.466660531071053,-8.939292861907933,False
603333,福华尚纬,2026-01-08,10.0367,8.3275,5170.5415,11.49994207594283,3301.420730430112,5587532998.14,0.674166563654621,-4.021739130434776,False
603333,福华尚纬,2025-07-02,10.0522,11.4787,2233.336127,3.89260039893794,1699.816467374287,5239477549.98,0.6145006085554299,-4.052443384982118,False
603333,福华尚纬,2025-06-11,-10.0307,19.287,-16943.309357,-15.661945080855528,2558.830713397419,5463227480.94,0.1939628518828275,0.9400705052879044,True
603333,福华尚纬,2025-06-06,-8.3686,18.8223,-4404.104055,-4.237656044821564,1912.945057393288,5376213618.9,0.3892373822122186,-0.221975582685896,False
603333,福华尚纬,2025-05-30,-10.0402,23.9555,-9398.057646,-6.89023556446969,1848.9179635821235,5568887170.56,0.3136684347227489,9.65018094089265,True
603333,福华尚纬,2025-05-29,10.0552,8.2944,5605.938677,11.14791908898177,2685.408437268184,6190414756.56,0.7075646842817389,-14.974358974358982,False
603335,迪生力,2026-06-18,-3.1802,21.4503,-1689.110738,-2.2187275375953317,2677.445674970391,3519348612.0,0.4585663388367372,-2.9126213592233,False
603335,迪生力,2026-06-17,-3.6322,21.0758,378.936607000001,0.4942822082043945,2607.94734448256,3634947654.0,0.5094764606588034,-2.2538552787663035,False
603335,迪生力,2026-06-16,-0.5643,27.4602,-2167.039574,-2.043128271775765,2406.788736257193,3771953926.0,0.4575548896129321,2.554744525547425,True
603335,迪生力,2026-06-16,-0.5643,27.4602,-2167.039574,-2.043128271775765,2406.788736257193,3771953926.0,0.4575548896129321,2.554744525547425,True
603335,迪生力,2026-06-09,10.0287,6.9346,1437.900057,6.50065952373256,3341.8865714300573,3288150528.0,0.5972603256392212,-2.473958333333326,False
603335,迪生力,2026-05-27,10.0752,5.5913,2847.65011,17.129897912032366,5098.110136784604,3134018472.0,0.6680024308266147,3.0261348005502064,True
603335,迪生力,2026-04-22,-4.0706,23.1365,-3809.376991,-5.534818928156501,1802.6656986036407,3026982322.0,0.3464823807197358,-6.508875739644959,False
603335,迪生力,2025-09-26,10.087,14.2277,4186.81811,10.950954426686565,2229.383875153968,2710155318.0,0.7456049527569643,-0.9756097560975728,False
603335,迪生力,2025-06-13,-9.9831,18.8964,-1733.128972,-3.8693439045557247,1670.5749502001372,2277729272.0,0.3841912509195659,1.988071570576544,True
603335,迪生力,2025-06-12,10.0559,18.8883,-557.315291,-1.2067511480878468,2329.6616906325,2530334586.0,0.4741002920522718,-10.973451327433626,False
603335,迪生力,2025-06-11,10.041,4.1361,2330.84701,24.60428503461879,6643.735301445024,2299136502.0,0.68516906467712,0.355239786856143,True
603335,迪生力,2025-05-08,-9.9631,15.4172,-3506.451435,-10.634929572285689,2542.069936204825,2089345648.0,0.2908214596927441,0.0,False
603335,迪生力,2025-04-24,10.049,12.0865,4066.315892,17.63280503277307,4717.812026481756,1922369254.0,0.6868748154207671,-3.5955056179775347,False
603335,迪生力,2025-04-15,10.1266,2.4581,3048.741,66.59382007525369,13296.14989928167,1862429010.0,0.7504252004516415,-4.8054919908466776,False
603335,迪生力,2025-04-03,10.0737,5.8115,550.9486,5.083691364091608,4155.535496528014,1918087808.0,0.561167704719874,-12.162162162162172,False
603335,迪生力,2025-01-03,-10.0529,3.3518,-222.7838,-2.9946582863905333,2298.005759356333,2183537460.0,0.4348422371397943,-4.575163398692805,False
603336,宏辉果蔬,2025-09-08,10.0317,4.8607,4076.251799,13.898099567629076,3711.154048411052,6172092573.22,0.687247678031307,-4.597701149425271,False
603359,*ST东珠,2026-01-13,-10.0228,15.2934,1842.893356,3.4086729771112525,2401.3338245189184,3524158400.0,0.5709745755110526,1.4454664914586024,True
603359,*ST东珠,2026-01-12,-9.9487,1.8708,-1701.88008,-23.226687756129127,4153.857214753038,3916722880.0,0.2204202436998061,-3.670886075949365,False
603359,*ST东珠,2025-09-17,-7.4291,15.3717,-1770.8230239999998,-2.6731006987551065,1317.8966276883546,4224529120.0,0.3985845838514726,11.111111111111116,True
603359,*ST东珠,2025-09-15,-2.9596,30.0866,-961.9087339999992,-0.6162584551090364,1499.9030361778318,4826758720.0,0.4794567235266276,-9.562841530054657,False
603359,*ST东珠,2025-05-07,-6.8531,24.7053,-3660.138586,-4.925467387558051,1900.9527899365305,2970999360.0,0.3704474037011065,-4.375000000000007,False
603359,*ST东珠,2025-05-06,-5.9211,29.0427,-7584.2725,-7.652268260078582,2040.008973737943,3189586400.0,0.3124452304232467,-9.090909090909085,False
603359,*ST东珠,2025-05-06,-5.9211,29.0427,-7584.2725,-7.652268260078582,2040.008973737943,3189586400.0,0.3124452304232467,-9.090909090909085,False
603359,*ST东珠,2025-05-06,-5.9211,29.0427,-7584.2725,-7.652268260078582,2040.008973737943,3189586400.0,0.3124452304232467,-9.090909090909085,False
603359,*ST东珠,2025-04-17,10.0592,6.0422,2950.02586,20.21729744595749,3583.356992503938,2489215680.0,0.7820999622456021,-0.5376344086021501,False
603359,*ST东珠,2025-03-26,-9.564,25.3392,303.471464,0.4096070720415298,2147.287150436817,2868397280.0,0.5095377805422577,-10.9697933227345,False
603359,*ST东珠,2025-03-25,-10.0,26.484,-2855.598089,-3.102652024775921,2345.7889552080906,3171742560.0,0.4338676222793305,-1.8720748829953229,False
603359,*ST东珠,2025-03-24,10.0279,25.6123,3905.793056,4.391982407804363,2582.694216370048,3524158400.0,0.5850271468446864,-22.3030303030303,False
603359,*ST东珠,2025-03-12,10.0548,7.5054,178.72346000000002,0.9233940621951314,4405.510837414988,2685497920.0,0.5104799885447217,-11.392405063291145,False
603363,傲农生物,2026-05-15,10.0629,5.4521,6001.366575,15.299767658627776,3134.4965428843625,7500941157.5,0.74405462646561,-1.6574585635359185,False
603363,傲农生物,2025-08-27,10.1205,9.7246,1499.854363,2.140759683027813,2828.63934599573,7302685544.82,0.5378408029651838,-5.2083333333333375,False
603363,傲农生物,2025-08-26,10.0796,4.9127,4385.72761,13.785974441529468,3789.6633743174384,6631541577.9,0.6818891690348682,10.091743119266038,True
603386,骏亚科技,2025-12-10,-9.9752,21.9836,-6459.136955,-4.876861948714629,1751.5497415999769,5919491238.4,0.3607843718940065,-0.8645533141210526,False
603386,骏亚科技,2025-12-09,9.9891,24.1325,4538.553275,3.0858468693979466,1501.255534659934,6575399584.0,0.6027755368141559,-6.216216216216209,False
603386,骏亚科技,2025-12-08,10.03,26.5255,-5472.93604,-3.866740476843629,1480.2429476069797,5978229299.2,0.3693883161850303,8.695652173913038,True
603386,骏亚科技,2025-12-08,10.03,26.5255,-5472.93604,-3.866740476843629,1480.2429476069797,5978229299.2,0.3693883161850303,8.695652173913038,True
603386,骏亚科技,2025-12-08,10.03,26.5255,-5472.93604,-3.866740476843629,1480.2429476069797,5978229299.2,0.3693883161850303,8.695652173913038,True
603386,骏亚科技,2025-10-29,-8.0815,8.518,-1569.25316,-4.272166907024631,2966.3021136954108,4268299084.8,0.4279883379494617,-2.283105022831056,False
603386,骏亚科技,2025-03-05,10.0441,8.0676,1581.128827,4.998075935482341,3179.6516972632944,4075768774.4,0.5785947080270483,6.624605678233442,True
603390,通达电气,2026-04-24,10.0226,14.5514,-1399.3957,-1.9435786414334104,1905.052375008176,5117503713.8,0.448988839705127,0.0,False
603390,通达电气,2026-04-23,10.0332,2.4958,5462.5955,47.056470050297214,6530.749885688157,4651320156.31,0.8602685057149358,3.374908290535572,True
603390,通达电气,2025-06-04,-8.6983,18.8945,4896.618512,4.76435988168444,1749.145275939908,5323275133.3,0.6361910856467968,-7.2812291249165,False
603390,通达电气,2025-06-03,-7.1667,24.4425,-508.74952,-0.3452534639962514,1167.436089818191,5844410478.15,0.4852131749648917,-5.730478589420651,False
603390,通达电气,2025-05-26,10.0083,13.0533,5827.0317,10.289569895157374,2173.6262290647346,4613271945.35,0.7366913353724287,19.53065859197576,True
603390,通达电气,2025-01-06,-10.0365,5.6868,-368.85386,-1.830394734028564,2325.50200388784,3448586912.9,0.460645169710272,1.206140350877205,True
603399,永杉锂业,2026-06-22,10.0,22.3843,8885.15791,3.877344204843789,2511.699255871012,10875930478.27,0.5771856780978181,-7.706255666364459,False
603399,永杉锂业,2026-06-16,-2.7205,22.2344,-13953.227249,-5.870883663384398,2211.191933798595,10624908060.26,0.3672461767419069,-5.3623188405797055,False
603399,永杉锂业,2026-06-15,4.2543,29.3736,10118.180339,3.237895591007325,1918.851563524952,10922036636.68,0.5843706634884064,1.9202363367799125,True
603399,永杉锂业,2026-06-12,6.6215,30.8442,-18272.028092,-5.772177238056169,2118.9360776043018,10476343772.05,0.363795390076555,1.5499999999999847,True
603399,永杉锂业,2026-06-01,5.6951,23.5303,-22243.062496,-9.865509311625702,2289.33849903013,9697661985.57,0.2845336258529442,-11.472697186982897,False
603399,永杉锂业,2026-05-20,1.897,21.531,-13310.955548,-6.479936028354626,2498.556847853699,9631064201.2,0.3703264239530712,-5.240641711229954,False
603399,永杉锂业,2026-05-08,6.2445,28.6901,-7407.795859000001,-2.1130596193564144,2379.934458472213,12289852669.51,0.4556067686688967,7.695652173913037,True
603399,永杉锂业,2026-05-07,5.8603,32.3393,8272.012217,2.2168606395600485,2088.184273600342,11567522854.42,0.5530810586878392,0.1306051371354089,True
603399,永杉锂业,2026-03-27,10.0469,9.3158,1887.213926,3.4741504422841434,3503.9494359617,6004046406.28,0.5495747799130357,-3.037974683544298,False
603399,永杉锂业,2025-03-03,10.0451,3.32,4720.5794,29.01187468846023,4553.1245291142495,4994833827.75,0.8185930288414943,-0.4970178926441471,False
603421,鼎信通讯,2026-03-10,10.0358,3.5234,491.86878,2.3714483944222304,2838.466227438255,6006674606.31,0.541773412195263,3.1612223393045147,True
603421,鼎信通讯,2025-11-25,10.0699,1.9481,2727.72548,27.938499862116597,6620.687312837767,5132739321.57,0.7109939538146045,-2.8915662650602414,False
603421,鼎信通讯,2025-09-23,-0.3672,15.1311,-2701.289649,-3.2533318886603984,1420.1994675971157,5308830759.54,0.385462149406209,2.3160762942779245,True
603421,鼎信通讯,2025-09-19,10.0741,1.7368,3958.942503,47.04121271702501,7478.39682383195,4845775496.73,0.8145140183462541,8.171206225680926,True
603429,*ST集友,2026-02-03,-10.0394,1.5325,-876.1649699999999,-11.92635953071152,6585.721039600881,4793797150.1,0.4094528946868792,8.602150537634401,True
603429,*ST集友,2025-12-09,-10.0,4.3769,-4056.632935,-18.208730582275297,4631.273230099027,4956387644.25,0.3034155006885012,5.017502917152861,True
603429,*ST集友,2025-10-10,-10.0082,6.0941,1252.3058529999998,3.5127070384073407,3130.3941896647,5753605551.05,0.5561064649622224,10.840932117527856,True
603429,*ST集友,2025-09-22,10.0426,3.8736,464.20416,1.8441892255628365,3469.7029361168084,6781597062.45,0.5265756068965778,-0.916030534351142,False
603429,*ST集友,2025-09-10,-7.039,10.7039,-1404.824808,-2.013302777837555,3001.1260438048203,6372498399.75,0.466457543794377,-0.4166666666666763,False
603429,*ST集友,2025-07-08,10.0432,4.1678,2123.034563,9.786555667205086,3602.209050563517,5344506888.35,0.6358410287941799,-1.4218009478673022,False
603429,*ST集友,2025-05-22,-9.9776,7.5227,-5174.651591,-15.88618272646992,4266.562800262354,4211618283.95,0.3138292640917758,0.8871989860583129,True
603429,*ST集友,2025-05-19,-8.2305,5.8735,-884.6468,-3.1833087548550987,3644.858693613292,4678410347.8,0.4563315203353005,0.7847533632286963,True
603429,*ST集友,2025-05-16,-10.0,2.8329,-2214.30634,-14.9162581783963,4046.404984256464,5097998719.8,0.3156850557911074,-4.189044038668099,False
603466,风语筑,2026-06-12,5.7248,18.4135,16477.038474,13.67511358652544,2329.451508957618,6810685347.45,0.7935264703716621,-3.30722367275893,False
603466,风语筑,2026-05-19,10.0493,10.9761,8186.089359999999,11.4196775932937,2368.31218192932,6644114111.12,0.7410931650064558,-2.0036429872495543,False
603466,风语筑,2026-02-25,0.9339,31.3565,3048.83591,1.2275788917647994,1028.2487553316828,7714374666.43,0.5596927001078069,-5.17374517374517,False
603466,风语筑,2026-02-24,10.0171,32.9785,-7256.688125,-2.986623349912696,1218.9183163305354,7643000344.15,0.3774887820660654,4.351329572925056,True
603466,风语筑,2026-02-11,2.9197,32.5079,-15685.028648,-6.975727758769551,1711.7158046328211,6709186294.32,0.2962358079568616,-0.6369426751592355,False
603466,风语筑,2026-02-10,10.0402,8.2587,3423.336951,6.402603079581246,2917.4731664383075,6518854768.24,0.6097285684275484,-7.021996615905247,False
603466,风语筑,2026-02-09,10.0552,3.6816,12393.389352,56.82473395438543,5682.473395438544,5924068749.24,,8.639705882352944,True
603466,风语筑,2026-01-21,-9.8058,11.8535,-8829.431595,-13.089844042584216,3549.979752651163,5525562116.51,0.315634947878103,3.239740820734349,True
603466,风语筑,2025-03-20,-9.5868,15.4633,-8520.46496,-8.171914791417748,2054.332002404066,6506952680.78,0.3011053037713808,1.3270142180094702,True
603488,展鹏科技,2026-06-17,10.0167,13.5502,2322.154101,4.653187796514709,3114.7021899243937,3848433999.2,0.5746971542185813,-3.053435114503822,False
603488,展鹏科技,2026-01-12,10.0,16.7012,-4381.4162,-8.985936083736885,3678.627517143891,3115537994.8,0.3778629252097584,8.798486281929986,True
603488,展鹏科技,2025-07-07,10.0629,2.9607,2110.3192,28.495389987994184,6249.107341385668,2554916350.0,0.7279956834736948,-1.4891179839633506,False
603488,展鹏科技,2025-05-15,-8.0043,13.9654,-2538.249051,-7.1301705318600765,2976.478785771885,2516957592.8,0.3802247379362554,-1.194743130226994,False
603488,展鹏科技,2025-05-14,9.9765,11.6917,4706.611069,15.5774367882185,3049.7502825195147,2735950422.8,0.7553887260459468,-5.423728813559325,False
603496,恒为科技,2026-05-25,-10.0,7.5408,-395.070223,-0.5923181534856686,1775.4545878090105,8616830729.13,0.4833192536279789,3.338829348722161,True
603496,恒为科技,2026-01-13,1.2116,29.7728,46181.952903,13.0351181162632,2911.2186358602435,11501916008.56,0.7238773473709131,-1.094208700293564,False
603496,恒为科技,2025-10-09,-10.0056,17.5665,-9819.974608,-5.360883527293212,1571.803847675355,10224281128.99,0.329467158538205,-7.355800388852884,False
603496,恒为科技,2025-07-21,1.3409,24.5983,-1261.6237230000002,-0.548125844802461,1391.8454649985893,9196409458.96,0.4803093856830214,-1.9753086419753152,False
603496,恒为科技,2025-03-07,-9.9759,26.9411,-6387.114998,-2.129612852523311,1252.3003601501605,10778243119.38,0.4149719619873002,0.7213706041478751,True
603496,恒为科技,2025-03-06,4.2957,32.0442,4807.830463,1.2552589638302163,1129.7864657176076,11972623595.77,0.5555529297756684,-7.274247491638796,False
603496,恒为科技,2025-03-05,-4.9576,31.7779,-2294.616671,-0.627049814496738,1094.0892921799848,11479501361.55,0.471343755076547,-0.2779321845469584,False
603496,恒为科技,2025-03-04,-9.9976,22.9771,-20438.030549,-7.167986791724306,1829.5192796247316,12078292645.96,0.3041019061249085,3.928365106874643,True
603496,恒为科技,2025-03-03,10.0,43.4948,4219.569149,0.777379079559023,1159.6580677319128,13419969374.13,0.5335175989022108,-12.198833375602335,False
603496,恒为科技,2025-03-03,10.0,43.4948,4219.569149,0.777379079559023,1159.6580677319128,13419969374.13,0.5335175989022108,-12.198833375602335,False
603496,恒为科技,2025-02-28,9.9885,38.3038,13930.655124,3.055703726782748,1262.604245916759,12199972158.3,0.6210079776250097,-1.2521913348359617,False
603496,恒为科技,2025-02-27,10.0032,32.9046,-4367.539127,-1.2297766386626912,1267.477968900234,11092048177.52,0.4514872578128618,5.60698227982015,True
603499,翔港科技,2026-06-15,10.0277,2.7109,2140.4678,13.529697272625466,4299.527643066438,6009524585.4,0.6573393451074085,-1.4965986394557709,False
603499,翔港科技,2025-08-27,10.0275,4.294,4361.15142,17.048583986195982,4176.247395832233,6042809968.3,0.7041136739553545,-3.239436619718305,False
603499,翔港科技,2025-08-25,-8.5306,10.0399,-4355.133162,-7.612392107407648,2911.944189947885,5613125934.5,0.3692902128123567,0.8435582822085896,True
603500,祥和实业,2026-03-03,-10.0297,5.9091,2139.353052,8.974071942872037,3303.8196344947323,4018503309.59,0.6358135875393283,1.2205754141237923,True
603500,祥和实业,2025-08-08,10.0304,7.5895,568.9658400000001,2.1332247095582657,3363.172732461011,3603711473.34,0.5317144684388136,-4.712041884816765,False
603500,祥和实业,2025-04-10,10.0719,3.3421,568.51396,6.592100496719098,5378.391550973699,2607091817.4,0.5612831962329488,5.970149253731338,True
603500,祥和实业,2025-01-09,-8.5556,12.9235,-319.303018,-0.8626020091526367,1109.1134075564592,2804753680.68,0.4611129933478544,-13.121019108280253,False
603511,爱慕股份,2026-01-28,-9.971,3.2328,-1795.4499440000002,-8.794694379107344,2166.5928508931565,6241309955.36,0.2970385996731731,0.0,False
603511,爱慕股份,2025-09-12,-9.9615,4.314,-1775.559548,-6.169226659882911,2002.6758111911795,6574876424.32,0.3459754038719453,-0.3253090435914041,False
603511,爱慕股份,2025-07-29,-9.9775,6.335,-2004.590203,-4.8845337056013065,2119.5199637808814,6418140372.64,0.384772642176767,0.3976143141153132,True
603511,爱慕股份,2025-07-28,-9.9949,0.9629,-1054.3379,-15.258601494012744,3556.2532994834087,7129480914.88,0.2854680163498301,-6.215040397762584,False
603511,爱慕股份,2025-07-25,1.3368,7.9723,-1951.96562,-2.9813424334956253,2622.917120284431,7921198919.52,0.4431674296827891,-9.044657998869422,False
603511,爱慕股份,2025-07-21,1.1163,3.6301,-801.6491139999999,-3.2238423231353965,3200.9832172973347,6916480639.52,0.4496429361810687,6.629491945477084,True
603511,爱慕股份,2025-02-20,10.0361,2.0883,3099.6824,25.1372533290121,5078.311945799567,6124762634.88,0.7474961522381853,-1.035911602209949,False
603511,爱慕股份,2025-01-22,-10.0061,0.2592,-1110.3288,-71.82490160314869,9774.407218968994,5964007710.08,0.1325869180907483,-2.692003167062562,False
603518,锦泓集团,2025-08-07,10.0508,10.854,1457.60921,3.717935385267511,3433.521882259419,3729533804.56,0.5541417167672299,0.2782931354360141,True
603518,锦泓集团,2025-06-05,9.6642,25.5876,-3944.329038,-3.4420187119126893,2276.2733388452,4606868786.26,0.4243935547376112,-0.3218020917135855,False
603518,锦泓集团,2025-05-29,10.01,30.3523,2900.680361,2.601858508804883,2034.101287920519,3781141744.66,0.5639559722088566,-2.91173794358508,False
603518,锦泓集团,2025-05-28,10.022,19.1032,1300.323225,1.9933998365815384,2959.586038235314,3437088810.66,0.533677004331493,7.95677799607073,True
603518,锦泓集团,2025-05-27,10.0606,4.008,2298.3952,18.523430923746183,4915.447824139481,3124000640.72,0.6884205832963853,2.9322548028311246,True
603533,掌阅科技,2026-02-25,-10.0118,11.5294,-31493.273538,-20.332138244863582,4933.249258189577,13373186562.45,0.2939275193614973,-0.2031144211238955,False
603577,汇金通,2025-06-06,-8.1967,13.1869,140.11372,0.3210635980129067,1195.4317641596842,3228604232.0,0.513428771412921,1.5839493136219571,True
603577,汇金通,2025-06-04,-4.4444,24.9322,-7864.654511,-7.801557008016551,1677.737205033495,3791575138.0,0.2674976455010188,-6.623134328358216,False
603577,汇金通,2025-06-03,1.8277,20.2816,2456.243668,3.2257352086405136,1666.0526407670675,3967927470.0,0.5968077217282688,-7.66580534022393,False
603577,汇金通,2025-05-30,-2.6271,22.9866,-5060.7463960000005,-5.80444525063613,2276.790174025301,3896708259.0,0.3725300794764491,6.807727690892373,True
603577,汇金通,2025-05-29,4.2403,25.6324,131.72643,0.1316379029836918,2257.577181315257,4001841380.0,0.5029154684958989,-2.5985663082437327,False
603585,苏利股份,2026-04-08,-8.7891,13.3911,-683.6554269999999,-1.1778516473849554,1680.931055555459,4333315182.5,0.4649643082179911,-5.630252100840338,False
603585,苏利股份,2026-04-07,4.4472,16.2337,-1023.183569,-1.3433460219032805,1585.224908363247,4750872320.0,0.4576291662206377,3.298611111111116,True
603585,苏利股份,2026-04-03,10.009,7.0565,654.808413,2.139801000932978,3189.4571467154205,4478934164.52,0.5335449090942733,-5.997552019583852,False
603585,苏利股份,2025-12-22,-10.0,7.2308,-2624.81916,-9.606776373241471,3271.304159416863,3683876353.92,0.353165956066984,-0.5181347150259086,False
603585,苏利股份,2025-06-19,-9.9907,11.8736,-2180.432988,-5.181692606031626,2153.98825820649,3502866027.78,0.3797186431659998,-4.473684210526319,False
603585,苏利股份,2025-06-18,-9.9917,11.7768,-4598.863424,-9.786792082233472,2224.121095976804,3891673356.66,0.2799851793156243,-5.000000000000004,False
603585,苏利股份,2025-06-16,10.0252,10.2803,2114.68304,5.449279876411288,2894.414916960382,3931274103.12,0.5941343938714554,3.2315978456014305,True
603585,苏利股份,2025-06-12,5.5878,11.9773,2926.937373,6.831645112590781,2119.0455076354347,3605467961.79,0.6611962812496172,3.275332650972373,True
603585,苏利股份,2025-06-05,10.0317,2.8225,1306.76614,15.20127265914082,4141.615110065684,3119458800.69,0.6835186546209473,2.6344676180021898,True
603585,苏利股份,2025-03-28,-10.0182,7.6144,-85.2026,-0.4057387190387112,3355.4992933552003,2667650284.26,0.4939541230146854,-2.160702228224176,False
603585,苏利股份,2025-03-25,10.038,4.2924,861.2224,7.903708971346369,3827.3414523445554,2604649096.71,0.6032532512418602,-1.6447368421052655,False
603585,苏利股份,2025-02-18,-10.0213,5.8699,-3574.195,-26.16888700804682,4978.691824719023,2278842955.38,0.2371911344450037,1.4766201804758072,True
603588,高能环境,2026-05-15,-10.0203,6.5725,-9136.855861,-6.709154606712269,3555.0999856588355,20243785933.53,0.4056404231417289,1.1538461538461495,True
603588,高能环境,2026-04-10,-9.9729,10.0795,-13705.833371,-5.217958715931566,2615.842209432925,25300924330.77,0.4002623572416713,-1.486988847583648,False
603588,高能环境,2025-10-09,10.0559,4.2647,7704.762779000001,15.306854950871868,3987.6194498411455,12003087521.16,0.6919297358162103,-2.469135802469125,False
603595,ST东尼,2025-09-05,3.3487,14.9418,-6225.0219,-6.874052095016535,2188.650115281037,6241076453.1,0.3429613749812664,-1.9984627209838624,False
603608,天创时尚,2026-06-17,-9.0972,12.4505,-6522.442306,-4.652779186266014,2857.8435098148248,10946719600.48,0.4185963267357578,0.5629272215520675,True
603608,天创时尚,2026-05-26,10.0173,9.4984,2150.42598,2.906112689177336,3670.9695476057655,8021158418.91,0.5395823589856898,0.7518796992481258,True
603608,天创时尚,2026-05-18,8.4806,14.0889,3660.728826,4.143130182378335,3084.6231615890206,6442950378.35,0.5671578012181564,10.065789473684216,True
603608,天创时尚,2026-02-11,10.0478,7.4391,407.3923,1.152018035118172,2674.5251447576616,4826746305.0,0.5215368705240301,-0.9649122807017684,False
603608,天创时尚,2026-01-22,10.0457,16.4492,3592.064306,4.461914591261806,2911.825581882622,5057590693.5,0.5766171335780523,-5.040650406504077,False
603608,天创时尚,2026-01-21,10.0503,3.7343,3112.15056,18.280277297450965,6170.243293433468,4595901916.5,0.6481325486541617,12.22627737226276,True
603608,天创时尚,2026-01-06,-8.8825,19.2378,-2945.395111,-3.7466319670186543,2467.551250859565,4004100847.8,0.4240819827812386,1.2779552715654896,True
603608,天创时尚,2026-01-05,1.6505,24.6539,-2627.59619,-2.4091954833933693,2057.181172355354,4394437722.9,0.4414442559613021,-7.669616519174038,False
603608,天创时尚,2025-12-29,2.1609,22.5408,2413.7333670000003,2.922154109785811,2727.815165103117,3571783279.14,0.5535621721583057,12.568306010928977,True
603608,天创时尚,2025-10-27,-10.0,4.8458,-3888.995928,-23.708497325152592,4581.98246809349,3324150830.88,0.2412855953700601,-0.909090909090915,False
603615,茶花股份,2026-03-18,10.0264,2.7783,2016.996266,14.94533871916817,4044.065974878729,5041947000.0,0.6847810942255503,3.752969121140137,True
603616,韩建河山,2026-06-18,10.0511,14.4451,4421.963,12.703861369248518,2629.4713646061678,2482532780.0,0.7415668324106518,-0.3030303030302939,False
603616,韩建河山,2026-06-11,-10.0137,8.5075,-421.3392,-1.9293065904453424,2323.410359322748,2520962080.0,0.458481148568871,4.707792207792205,True
603616,韩建河山,2026-06-10,0.0,31.9117,-1068.192579,-1.131461191420769,1650.194966353699,2801495970.0,0.4657173481167239,-10.07299270072992,False
603616,韩建河山,2026-05-29,10.0719,6.1741,1896.695736,13.252648736494365,4548.656240443653,2351873160.0,0.6456765255050552,-4.603174603174609,False
603616,韩建河山,2026-03-04,-10.0367,11.0968,-1420.4687,-4.516907483187035,2252.563920593936,2824553550.0,0.3997385281302903,-0.4166666666666652,False
603616,韩建河山,2026-02-25,7.6613,29.6903,3812.335802000001,4.2279002761708,2625.7502433293294,3078186930.0,0.5805084239620981,1.388888888888884,True
603616,韩建河山,2026-02-10,-8.3333,31.4043,-3590.539067,-3.4916534646064834,1839.5304888806431,3212689480.0,0.4050938952707666,-3.4610630407911014,False
603616,韩建河山,2026-02-10,-8.3333,31.4043,-3590.539067,-3.4916534646064834,1839.5304888806431,3212689480.0,0.4050938952707666,-3.4610630407911014,False
603616,韩建河山,2026-02-09,10.0121,37.1674,3611.895239,3.0074134558809598,1797.785776663817,3504752160.0,0.5836421528893689,-10.111111111111114,False
603616,韩建河山,2026-02-09,10.0121,37.1674,3611.895239,3.0074134558809598,1797.785776663817,3504752160.0,0.5836421528893689,-10.111111111111114,False
603616,韩建河山,2025-11-05,4.419,29.3603,-3344.944079,-4.637421786789057,1873.983039066487,2451789340.0,0.3762683095280532,-3.011093502377171,False
603616,韩建河山,2025-11-04,10.0901,6.013,6643.189761,47.05257611480575,6503.378913792383,2348030230.0,0.8617548411258685,-4.682779456193364,False
603616,韩建河山,2025-07-31,4.4776,39.6519,-3255.778834,-2.9666102420558214,1547.7910096843416,2936533600.0,0.4041663175617994,-5.205479452054796,False
603616,韩建河山,2025-07-31,4.4776,39.6519,-3255.778834,-2.9666102420558214,1547.7910096843416,2936533600.0,0.4041663175617994,-5.205479452054796,False
603616,韩建河山,2025-07-30,10.0,33.5383,3372.295635,3.825974690267105,1840.1114876376944,2810682160.0,0.6039604044638304,5.950653120464433,True
603616,韩建河山,2025-07-30,10.0,33.5383,3372.295635,3.825974690267105,1840.1114876376944,2810682160.0,0.6039604044638304,5.950653120464433,True
603616,韩建河山,2025-07-29,2.2901,39.8104,-3734.9323,-3.5412459492247543,1740.7685639307954,2555165600.0,0.3982849867983502,3.453453453453448,True
603616,韩建河山,2025-07-28,10.084,24.1615,6061.8065,10.633100115096196,2204.4615189908723,2497960400.0,0.7411722777534276,-4.72103004291845,False
603616,韩建河山,2025-07-28,10.084,24.1615,6061.8065,10.633100115096196,2204.4615189908723,2497960400.0,0.7411722777534276,-4.72103004291845,False
603616,韩建河山,2025-07-25,-9.9849,38.9255,-5251.223867000001,-5.3675484044959765,1478.211335200207,2269139600.0,0.3184444850110352,24.821428571428573,True
603616,韩建河山,2025-07-25,-9.9849,38.9255,-5251.223867000001,-5.3675484044959765,1478.211335200207,2269139600.0,0.3184444850110352,24.821428571428573,True
603616,韩建河山,2025-07-25,-9.9849,38.9255,-5251.223867000001,-5.3675484044959765,1478.211335200207,2269139600.0,0.3184444850110352,24.821428571428573,True
603616,韩建河山,2025-07-24,9.9834,22.237,5448.6067,10.405290870968258,2144.087641018388,2520842480.0,0.7426507823632155,-14.503816793893131,False
603616,韩建河山,2025-07-23,10.0733,22.7961,-642.5485,-1.2369158188683465,1356.291054011395,2292021680.0,0.4544007971146747,11.77474402730374,True
603616,韩建河山,2025-06-30,-4.7714,23.386,-3978.2768,-8.989596253801913,2003.535652800231,1826752720.0,0.2756566936745634,-1.93965517241379,False
603616,韩建河山,2025-06-27,10.0656,7.8054,2437.3613,16.562686827121244,4230.441922999109,1918281040.0,0.6957559887192515,-15.94202898550725,False
603616,韩建河山,2025-06-20,10.1235,5.4147,1844.1872,20.9242434787376,5133.639811371435,1700901280.0,0.7037953990498971,-2.2421524663677084,False
603617,君禾股份,2025-08-12,1.7341,24.8086,-3231.9224,-3.864554528811712,1836.056466428934,3376043765.6,0.3947593769725357,4.576659038901609,True
603617,君禾股份,2025-08-11,10.0509,7.6809,5277.8806,21.01565503424244,3773.638468116332,3318497565.05,0.778453476820909,-4.999999999999993,False
603617,君禾股份,2025-07-18,-3.9593,29.6838,-2540.378972,-2.5251691710354853,1781.4983394817664,3257114951.13,0.4291279392443876,1.9488428745432216,True
603617,君禾股份,2025-07-17,9.9502,27.2779,-1729.208441,-1.9763037367071927,1869.9754710268155,3391389419.08,0.4471569609514184,-2.7251184834123032,False
603617,君禾股份,2025-04-14,10.0787,2.7602,1752.9083,24.48976441248783,5304.152310776251,2656768545.63,0.7308546491277491,-2.9154518950437303,False
603617,君禾股份,2025-01-09,-9.2025,25.1904,-1945.223234,-2.6879747975884287,1372.443923994328,2812601893.8,0.4020734198827805,-4.60893854748603,False
603617,君禾股份,2025-01-08,-9.9448,30.6706,293.348094,0.2993745843152806,1457.2293362183077,3097662896.55,0.5102720476754947,-4.660452729693743,False
603617,君禾股份,2025-01-08,-9.9448,30.6706,293.348094,0.2993745843152806,1457.2293362183077,3097662896.55,0.5102720476754947,-4.660452729693743,False
603617,君禾股份,2025-01-08,-9.9448,30.6706,293.348094,0.2993745843152806,1457.2293362183077,3097662896.55,0.5102720476754947,-4.660452729693743,False
603617,君禾股份,2025-01-07,-7.2746,38.334,-1514.758065,-1.081716516801982,1447.0559468044908,3439736099.85,0.4626235419856876,-15.141242937853104,False
603617,君禾股份,2025-01-07,-7.2746,38.334,-1514.758065,-1.081716516801982,1447.0559468044908,3439736099.85,0.4626235419856876,-15.141242937853104,False
603618,杭电股份,2026-05-29,9.9923,20.1242,21777.37353,3.8153502268551303,2210.063598419933,29528652559.36,0.5863176568670441,-8.750000000000002,False
603618,杭电股份,2026-03-27,10.0136,12.2092,9083.520527,4.72151657235473,3429.4943460591867,16786599956.48,0.5688369201975825,8.08646917534026,True
603618,杭电股份,2026-03-06,-7.9251,17.9156,-9295.418125,-3.7925241721934433,1923.623784721681,13253670558.72,0.4014224038422834,4.684210526315802,True
603618,杭电股份,2026-03-04,9.9893,14.207,4494.053331,2.3692856004479306,3225.212119216604,14235423933.44,0.5367306941818051,-1.4084507042253502,False
603618,杭电股份,2026-02-27,10.0,20.6217,7967.512737999999,3.305388530770671,2645.487944460401,12548467430.4,0.5624721903891509,0.3759398496240518,True
603618,杭电股份,2026-02-10,-2.9178,27.4051,8117.78976,2.9691097984922017,2235.42744554115,10121739018.24,0.5664103369674214,5.112044817927175,True
603618,杭电股份,2026-02-09,9.9927,31.4355,-8359.222673,-2.583487429045793,1979.6693257619183,10425944289.28,0.4347495211592601,5.232129697862931,True
603618,杭电股份,2026-02-06,10.0321,18.0196,5991.014069,3.628393366301085,2517.606905770243,9478759695.36,0.5720603633153565,-7.498295841854119,False
603618,杭电股份,2026-02-05,3.6606,29.4311,-4246.222204,-1.6544873923241648,2068.082812930245,8614540175.36,0.4599994888507405,17.73675762439806,True
603618,杭电股份,2026-02-05,3.6606,29.4311,-4246.222204,-1.6544873923241648,2068.082812930245,8614540175.36,0.4599994888507405,17.73675762439806,True
603618,杭电股份,2025-09-25,-9.9909,24.1127,-71.9753640000001,-0.0428650717811973,1260.1544224640163,6851532354.56,0.4982992135322041,-5.844845908607876,False
603618,杭电股份,2025-09-24,-9.9755,16.4313,-5524.903649,-4.382694443813339,1591.6607190879365,7612045532.16,0.3623232202926784,-5.899999999999994,False
603618,杭电股份,2025-09-23,9.982,29.4775,2511.544926,1.044311521569984,1299.6059368552392,8455523783.68,0.5401780067309091,-13.043478260869568,False
603618,杭电股份,2025-09-22,9.9901,25.0325,-5922.2713810000005,-3.1651659378742854,1511.88507472629,7688096849.92,0.3953238579179934,3.4172661870503607,True
603618,杭电股份,2025-09-18,10.0599,21.2397,-1539.168733,-1.21093423874892,2139.349353263996,6353741911.04,0.471698539163288,5.555555555555558,True
603618,杭电股份,2025-03-12,10.0654,8.0697,8811.248092,19.48936564095659,3185.3197610213188,5821382686.72,0.8059247909652194,-2.9680365296803624,False
603618,杭电股份,2025-03-07,-5.9186,18.0995,-4469.380647,-4.43532214533049,1839.833078715855,5275195950.08,0.3794640069080016,2.170963364993228,True
603618,杭电股份,2025-03-06,10.0407,5.5861,3416.4636,11.119618504591084,3715.263767581829,5607056245.76,0.6496477666218106,-8.21917808219177,False
603626,科森科技,2026-01-23,-7.3029,15.4997,-5510.746048,-2.796100055550733,2906.327721210415,12396012274.6,0.4518963392334464,-2.844444444444449,False
603626,科森科技,2026-01-23,-7.3029,15.4997,-5510.746048,-2.796100055550733,2906.327721210415,12396012274.6,0.4518963392334464,-2.844444444444449,False
603626,科森科技,2025-09-22,-3.8293,23.7407,13074.612491,6.390409365427329,2840.255014529462,8500756850.8,0.6124971055897602,-3.7942122186495175,False
603626,科森科技,2025-09-19,-10.0,35.6303,5226.21942,1.5397194467239683,2759.522884522308,8839233461.7,0.5278982909574693,-4.601226993865026,False
603626,科森科技,2025-09-19,-10.0,35.6303,5226.21942,1.5397194467239683,2759.522884522308,8839233461.7,0.5278982909574693,-4.601226993865026,False
603626,科森科技,2025-09-16,10.0,23.0253,17282.263671,9.449109741284598,2224.8055763794805,8117889864.7,0.7123581008966531,13.434811383189938,True
603626,科森科技,2025-09-11,-4.2302,25.9843,-396.467619999999,-0.2039318887475346,1770.4834647046148,7662888518.9,0.4942407852766488,-1.9751280175566928,False
603626,科森科技,2025-09-10,-9.9875,26.733,-28426.407377,-13.023562241072844,2302.969449809864,8001365129.8,0.2172441379509378,0.0732064421669065,True
603626,科森科技,2025-09-10,-9.9875,26.733,-28426.407377,-13.023562241072844,2302.969449809864,8001365129.8,0.2172441379509378,0.0732064421669065,True
603626,科森科技,2025-09-05,3.5076,25.3613,24312.654854,11.520393093693496,2463.0885489150232,8678318351.6,0.7338607172439693,-3.639846743295017,False
603626,科森科技,2025-09-05,3.5076,25.3613,24312.654854,11.520393093693496,2463.0885489150232,8678318351.6,0.7338607172439693,-3.639846743295017,False
603626,科森科技,2025-09-04,-10.006,14.5949,-6172.799884,-4.876386155528655,2190.682735374738,8384232115.9,0.3887016801477987,11.77730192719486,True
603626,科森科技,2025-09-03,-5.8857,29.4676,1604.889417,0.5689101333333224,1760.5074304123598,9316429995.1,0.5161575612663011,-17.58823529411765,False
603626,科森科技,2025-09-01,2.3344,25.4937,5669.786657,2.483228187510176,1814.0252373538665,9000148571.8,0.5684452491722904,7.599517490952956,True
603626,科森科技,2025-08-29,-9.9943,28.0228,4963.885834000001,1.96676031113626,1357.1443741721014,8794843086.5,0.5724595094142451,3.302180685358236,True
603626,科森科技,2025-08-29,-9.9943,28.0228,4963.885834000001,1.96676031113626,1357.1443741721014,8794843086.5,0.5724595094142451,3.302180685358236,True
603626,科森科技,2025-08-28,9.2432,34.8928,-6967.130751000001,-2.1287659165951163,1509.770806934664,9771431340.9,0.4295003616834657,-2.727272727272722,False
603626,科森科技,2025-08-27,3.3333,31.2386,-11234.397966,-4.124811103129942,2272.93083481425,8944660602.8,0.409262282865131,-1.19760479041916,False
603626,科森科技,2025-08-26,-1.9485,31.2013,-13479.77791,-5.024232219050419,3013.910572549833,8656123164.0,0.4166492817535756,9.508196721311467,True
603626,科森科技,2025-08-25,4.2595,35.7524,1966.573158,0.6484113333417184,2972.380786270167,8828135867.9,0.5109072723174772,-0.780741704619381,False
603626,科森科技,2025-08-22,10.0216,34.1827,12981.032624,4.56496663537536,1927.8875376309795,8467464069.4,0.6183929701881072,2.466666666666661,True
603626,科森科技,2025-02-27,-2.4715,33.7614,-3142.057209,-1.5708856868910923,1192.1565892356678,5693065619.4,0.4341157990034581,-2.205177372962608,False
603633,徕木股份,2025-09-22,10.0412,8.2089,1658.905066,3.608695295416893,3145.659331024463,5706460636.66,0.5573599191086218,-6.507105459985041,False
603633,徕木股份,2025-01-07,10.0567,2.8096,1738.31223,18.946535667820463,4576.216380449339,3316320055.86,0.7070109244480274,0.3901170351105154,True
603669,灵康药业,2026-06-08,10.0737,5.8453,599.01811,3.275976385222919,4518.571574849156,3191240174.08,0.536250132712928,2.2271714922048824,True
603669,灵康药业,2025-08-25,10.0176,3.9075,2354.582214,13.66171852186539,3331.0905266911354,4514992166.3,0.7050637533323952,-1.1023622047244053,False
603669,灵康药业,2025-08-01,-8.7719,8.7966,-818.3692,-2.209044077748462,1804.2101780801904,4125519998.6,0.4387808553408382,0.0,False
603669,灵康药业,2025-07-31,-10.043,11.0289,-3972.34353,-7.695701428763392,2976.041289516836,4522204613.85,0.3707057348990477,-5.175292153589329,False
603669,灵康药业,2025-01-13,10.0629,2.2241,-61.937740000000005,-0.779687770608042,3463.8181084447046,3786531026.25,0.4887452552905826,-0.5535055350553542,False
603676,卫信康,2025-07-08,10.0156,4.5564,7598.102870000001,28.56452544950473,4102.530878179821,6118370690.0,0.848132973251112,-3.818443804034588,False
603680,今创集团,2026-04-24,10.0392,1.3884,722.78012,4.893308619233554,4280.457068447713,10995574301.01,0.5571587162420495,-2.430555555555558,False
603680,今创集团,2026-01-29,-9.9597,2.8473,-1839.232066,-5.139775524608876,3451.272391678004,12257361515.88,0.4255379619267037,-2.172481895984202,False
603680,今创集团,2025-06-12,-7.5327,2.3831,-785.742396,-3.4387702787711887,1816.3265202337825,9428136767.01,0.4053372221221385,-3.5180299032541607,False
603680,今创集团,2025-06-11,-1.1398,4.4961,-3255.49655,-7.449251301055279,1770.9897528077458,10196181158.67,0.2896867757352871,-4.614093959731546,False
603680,今创集团,2025-06-10,7.8689,4.8085,2433.4353,5.03398873658153,2018.835567956247,10313738973.72,0.6246755510077934,-2.375102375102378,False
603680,今创集团,2025-06-06,10.0382,1.7865,658.35375,4.195552601921475,3553.709608604489,9020603008.17,0.5590306055362952,3.963963963963968,True
603685,晨丰科技,2026-05-26,10.0123,4.9284,1078.68122,3.0926890811406293,4542.735211808293,7216503057.54,0.5340399444050972,-2.211166390270858,False
603687,大胜达,2026-06-02,10.0246,14.6656,2703.4475,1.9202998392731452,2549.528655506491,9840070046.96,0.5376598991175421,3.649635036496357,True
603687,大胜达,2026-04-24,-10.0216,17.3355,9999.10955,6.141004732097448,1525.0424548880374,9185532128.8,0.7013388123200904,-5.166270783847981,False
603687,大胜达,2026-04-17,-2.9738,24.349,-7669.197862000001,-2.9263452705185133,2465.807923160327,10588113382.0,0.440661532412307,1.6701461377870652,True
603687,大胜达,2026-04-16,9.9778,28.7694,-28653.001129000004,-9.178506754333537,3482.586621118604,10912632181.76,0.36822285052905,-0.9307135470527416,False
603687,大胜达,2026-03-30,3.135,18.8988,5591.899728,3.58187874832085,1941.3939392824063,8866513647.68,0.5922501784888855,-3.4810126582278555,False
603687,大胜达,2026-03-24,0.1358,26.8114,3772.463286,1.757242721504924,2635.200877820338,8112969994.0,0.5333417223767472,1.5374331550802145,True
603687,大胜达,2026-03-23,10.0075,30.3796,-956.5387770000012,-0.3977578807774999,2167.7039054497563,8101969356.72,0.4908253641150549,-0.0668002672010725,False
603697,有友食品,2025-06-23,-7.6475,5.2951,-3621.743977000001,-12.666187668836663,5326.438426580557,5423135802.64,0.3811007782833975,4.582651391162029,True
603697,有友食品,2025-06-03,10.0304,3.7499,3853.34478,17.225275537281718,3935.591199650752,6192981579.04,0.718839745586512,2.440677966101701,True
603697,有友食品,2025-04-28,-10.0,2.0075,633.0832,5.98846640518827,3784.859860350101,5196458990.7,0.579110807614345,3.2685512367491176,True
603700,宁水集团,2025-03-10,-9.9929,20.032,-1542.02575,-2.94427875006441,1471.6365456800818,2581173400.0,0.3999658319607787,1.8456375838926231,True
603700,宁水集团,2025-03-07,-10.0128,25.6463,-3765.474458,-4.650981000138818,1867.822512351313,2867744620.0,0.3754972442674996,-4.64,False
603700,宁水集团,2025-03-07,-10.0128,25.6463,-3765.474458,-4.650981000138818,1867.822512351313,2867744620.0,0.3754972442674996,-4.64,False
603709,中源家居,2026-04-23,10.0288,6.493,334.9932,2.262014238703081,4971.124599546984,2388335964.3,0.5227515343199124,-6.390780513357774,False
603709,中源家居,2025-12-17,-10.0201,13.2874,504.2360450000001,1.679808132451898,2243.631555861696,2235702654.9,0.537435026443251,-1.9774011299434904,False
603709,中源家居,2025-12-16,-10.0136,8.3654,1984.223372,9.498483589887424,2781.5066348606047,2484670102.2,0.6707435004979494,-2.640264026402639,False
603709,中源家居,2025-12-15,-7.4245,23.7346,-5988.846933,-8.924611932859536,2370.404064361124,2761161588.9,0.3117491429617314,-8.45921450151057,False
603709,中源家居,2025-12-11,10.0,9.7652,-393.308206,-1.584911817293985,3557.726051592538,2711117880.9,0.4777257749147867,14.423076923076916,True
603709,中源家居,2025-12-04,10.0266,3.6303,963.038642,13.296242704376516,5335.846656816704,2073060603.9,0.6245935608680787,3.512880562060894,True
603709,中源家居,2025-09-10,-10.0176,14.3303,-543.962069,-1.9532344081105184,1486.6944437403572,1921678387.2,0.4343094871870107,-1.4765100671141007,False
603709,中源家居,2025-09-09,-7.7796,22.0651,-1704.0401,-3.582941451150118,2027.7167935707023,2135615238.9,0.4116508414165484,-6.112161310649011,False
603709,中源家居,2025-04-18,-10.0309,15.6265,-1973.737812,-8.564353780467522,2236.6282466190355,1455168000.0,0.3085431990449531,0.3590664272890453,True
603709,中源家居,2025-04-16,-10.0137,10.0914,3795.409588,22.969317719304176,5553.555232173319,1637376000.0,0.7067983189060262,-7.610350076103501,False
603709,中源家居,2025-04-15,-10.0,19.9984,-3388.014344,-9.008261154702687,2938.068245015998,1819584000.0,0.3466975508485229,0.1524390243902607,True
603709,中源家居,2025-03-27,-10.0,10.27,467.56183,3.3655298649585346,3605.900608192832,1347840000.0,0.546666980466847,-5.539637058261704,False
603711,香飘飘,2025-06-04,10.0366,3.3729,2273.548341,11.268105119357324,3926.450228688109,6198521190.0,0.6434897230713426,-6.670984455958551,False
603718,*ST海利,2026-02-03,-9.9315,1.3383,-2598.7556,-56.88331126590295,10144.723965229408,3413633222.0,0.2196409115670964,0.0,False
603718,*ST海利,2025-04-03,10.0709,4.1175,1006.5099,4.948136152784553,4987.652862534977,5036082472.0,0.549603854650278,-1.3368983957219305,False
603729,ST龙韵,2026-05-08,-3.2498,29.0187,701.810824,1.8647872543985455,1724.2478986984324,1317039279.0,0.5540753813824045,1.1307420494699685,True
603729,ST龙韵,2025-02-05,-6.6248,23.8156,48.6686800000004,0.1355941424795262,3454.437641905821,1526076300.0,0.5019626080499273,-0.9603841536614643,False
603729,ST龙韵,2025-01-23,10.0215,4.4747,1546.8305,24.72564355938218,4968.327487536838,1434605060.0,0.7488326667415445,6.799230275817814,True
603778,国晟科技,2026-06-18,-9.976,12.9069,869.9867989999991,0.6863667736094389,1143.8763017752833,9629999987.16,0.5300017918259258,2.5139664804469275,True
603778,国晟科技,2026-06-16,-9.9888,12.6369,1367.136382,1.0419914869846114,1235.0560224073838,10311428557.68,0.5421839766002498,2.648171500630525,True
603778,国晟科技,2026-05-26,-10.0,10.251,2904.4223,2.250425918154967,1311.0184086456286,12439285697.7,0.585827395836486,-4.0247678018575765,False
603778,国晟科技,2026-05-25,-10.0042,6.9947,-868.2821,-0.8914708361341714,1309.0359753300838,13821428553.0,0.4659493377976346,0.0,False
603778,国晟科技,2026-05-12,2.4702,16.5157,8376.032554000001,3.3931491336725803,1227.6796493183306,16000714264.38,0.6381935888387752,-6.184738955823288,False
603778,国晟科技,2026-05-11,-10.0037,16.0916,-5504.4736570000005,-2.147417265643195,1165.738792114043,15614999979.18,0.4078945780920227,3.319502074688785,True
603778,国晟科技,2026-05-07,-7.1659,18.0612,-5499.42514,-1.7361735177487694,1098.4206415137253,16656428549.22,0.4209695515482956,-3.244495944380066,False
603778,国晟科技,2026-04-22,-10.0,16.7336,-9198.62891,-3.2576714293691453,1476.5237086832603,16778571406.2,0.3896844185362155,-2.3134328358208944,False
603778,国晟科技,2026-04-17,-8.1439,20.1396,-5957.06655,-1.871536484074093,2302.243652703321,15589285693.5,0.4593540744074478,12.570507655116849,True
603778,国晟科技,2026-04-16,-1.5293,27.2974,-2591.955871,-0.56249274770495,2063.4924102124523,16971428548.8,0.4863703703265127,0.0806451612903158,True
603778,国晟科技,2026-04-16,-1.5293,27.2974,-2591.955871,-0.56249274770495,2063.4924102124523,16971428548.8,0.4863703703265127,0.0806451612903158,True
603778,国晟科技,2026-04-15,-10.0034,0.724,-363.8117,-2.915583438970414,3107.878735792708,17234999977.02,0.45309367438645,2.776626605884802,True
603778,国晟科技,2026-04-14,-10.0,1.6244,-2452.0149,-7.882212113957386,2017.8118266698589,19150714260.18,0.3046841630677234,-9.996270048489365,False
603778,国晟科技,2026-03-26,-9.9837,16.5424,-4714.497678,-1.9493176967300112,1392.2950476182452,14200714266.78,0.429996242532621,6.088560885608851,True
603778,国晟科技,2026-03-18,-8.3905,21.5209,-7809.856734,-2.40596981598813,1719.9430088307042,14599285694.82,0.4300566994477386,-2.5217391304347747,False
603778,国晟科技,2026-03-06,10.0322,14.6811,8756.388844,5.5758352695961335,1569.8060117227903,10999285699.62,0.6775963153395275,3.4482758620689724,True
603778,国晟科技,2026-02-10,-9.2926,14.5068,-1449.563675,-0.9832545158599372,940.4676813190928,9726428558.46,0.4477252363164233,2.2546419098143256,True
603778,国晟科技,2026-02-09,3.2817,17.9322,8901.154658,4.708919888368616,1418.7151655523696,10722857128.56,0.6659571985520863,-9.429429429429426,False
603778,国晟科技,2026-02-05,3.8319,23.7199,1186.624995,0.4748315933542929,892.1350373511008,10799999985.6,0.5266120919745596,-3.9039039039038936,False
603778,国晟科技,2026-01-28,-9.4362,17.978,414.407712,0.2268625278508123,965.8798895436104,9809999986.92,0.5117438270693268,-5.471956224350194,False
603778,国晟科技,2026-01-27,-9.2134,12.6371,97.4479950000003,0.0684123199982615,1028.4720969438008,10832142842.7,0.5033259200809411,-13.949381989405529,False
603778,国晟科技,2026-01-23,3.276,24.1291,-16096.059469,-5.738933965799646,1581.290057330751,11957142841.2,0.3185363292713331,-6.201146430432525,False
603778,国晟科技,2026-01-23,3.276,24.1291,-16096.059469,-5.738933965799646,1581.290057330751,11957142841.2,0.3185363292713331,-6.201146430432525,False
603778,国晟科技,2026-01-22,10.0183,23.8209,9391.045971,3.896451331893154,1586.5963041093223,11577857127.42,0.6227927772742585,18.383713756940168,True
603778,国晟科技,2026-01-21,-10.0055,0.3008,-241.9486,-7.644563980552395,4095.3760215165,10523571414.54,0.4066683505935842,10.04752206381534,True
603778,国晟科技,2026-01-20,-9.9951,0.7622,-1517.9555,-17.03165499928567,3004.877849664265,11693571412.98,0.2165998777423079,-10.018326206475258,False
603778,国晟科技,2026-01-19,-10.0178,0.9072,-764.9485,-6.490388737417906,2507.502100588165,12992142839.82,0.3705805922177392,-10.005497526113247,False
603778,国晟科技,2026-01-13,7.5544,14.7851,2504.284019,1.0683854489724132,892.4462295563393,16199999978.4,0.5598571327654966,-2.462861610633305,False
603778,国晟科技,2025-12-12,-10.0072,22.2064,-2950.2671010000004,-1.6382987742033923,1688.620051240846,8035714275.0,0.4514900118294958,-7.8525641025641075,False
603778,国晟科技,2025-12-11,7.3416,35.5214,0.0,0.0,20000.0,8929285702.38,0.5,-0.8737092930897528,False
603778,国晟科技,2025-12-11,7.3416,35.5214,13720.033481,4.388273735546349,2031.3922138734388,8929285702.38,0.608011483591808,-0.8737092930897528,False
603778,国晟科技,2025-12-03,-3.585,29.3913,11379.314554,4.842780167914137,2694.3294308169397,8125714274.88,0.5898698598716967,1.8699186991869787,True
603778,国晟科技,2025-12-03,-3.585,29.3913,11379.314554,4.842780167914137,2694.3294308169397,8125714274.88,0.5898698598716967,1.8699186991869787,True
603778,国晟科技,2025-12-02,2.8235,34.3166,-14151.675593,-4.996235603222473,2494.494938525555,8427857131.62,0.3998547656670002,-4.354587869362359,False
603778,国晟科技,2025-12-02,2.8235,34.3166,-14151.675593,-4.996235603222473,2494.494938525555,8427857131.62,0.3998547656670002,-4.354587869362359,False
603778,国晟科技,2025-12-01,10.0086,26.6099,2288.463621,1.0633411942299489,2687.844966998692,8196428560.5,0.5197805529575856,-1.0769230769230864,False
603778,国晟科技,2025-11-27,10.0209,9.4613,181.052,0.2853507721869883,2267.1754952434903,6775714276.68,0.5062930896347824,11.152764761012168,True
603778,国晟科技,2025-11-26,7.6404,27.0652,4237.294046,2.5136546554108787,1976.925065365613,6158571420.36,0.563574859246018,4.710500490677139,True
603778,国晟科技,2025-11-24,10.068,19.7348,6070.36525,6.056097544448692,2103.255534807414,5200714278.78,0.6439696091184475,12.160566706021235,True
603778,国晟科技,2025-11-21,-8.9219,24.4284,2521.72427,2.166946696954132,1452.4340095268517,4724999993.7,0.5745970792043089,10.000000000000009,True
603778,国晟科技,2025-11-20,-10.0334,28.4695,-2078.843274,-1.3269714123595089,1329.5576399762128,5187857135.94,0.4500972589506067,5.191256830601088,True
603778,国晟科技,2025-11-20,-10.0334,28.4695,-2078.843274,-1.3269714123595089,1329.5576399762128,5187857135.94,0.4500972589506067,5.191256830601088,True
603778,国晟科技,2025-11-19,10.0613,28.7844,2777.36355,1.716230451946425,1320.9256612092763,5766428563.74,0.5649631732634847,-18.39464882943144,False
603778,国晟科技,2025-11-19,10.0613,28.7844,2777.36355,1.716230451946425,1320.9256612092763,5766428563.74,0.5649631732634847,-18.39464882943144,False
603778,国晟科技,2025-11-17,-7.0588,30.5694,4690.5019170000005,2.9974242119570795,1588.7398819576294,5078571421.8,0.5943333847786235,1.781170483460559,True
603778,国晟科技,2025-11-14,9.9612,28.8656,-5456.712447999999,-3.596428950013175,1709.1706077523647,5464285707.0,0.3947902294334842,-0.3802281368821214,False
603778,国晟科技,2025-11-13,9.9573,29.36,309.16115,0.2183683013051622,1840.7546603274568,4969285707.66,0.5059314884816404,-1.4981273408239737,False
603778,国晟科技,2025-10-22,3.1532,24.2229,1167.898666,1.67454757007306,2124.640615678808,2944285710.36,0.539407784020406,-0.4484304932735328,False
603778,国晟科技,2025-10-21,2.7778,26.525,-3641.769284,-4.768535053241907,2596.29092521244,2854285710.48,0.4081663960125785,3.720930232558151,True
603778,国晟科技,2025-10-20,-1.5945,21.7373,2412.717075,3.978527584948957,2423.628004693591,2777142853.44,0.582077933933016,-4.231625835189323,False
603778,国晟科技,2025-10-17,1.3857,31.7584,5801.349012,6.396226698925907,2416.990306042612,2822142853.38,0.6323180048123276,2.277904328018243,True
603778,国晟科技,2025-07-16,-9.919,24.4012,-2078.0505780000003,-2.89219316745765,1508.5886050607662,2860714281.9,0.4041424163699966,-8.351648351648343,False
603778,国晟科技,2025-07-16,-9.919,24.4012,-2078.0505780000003,-2.89219316745765,1508.5886050607662,2860714281.9,0.4041424163699966,-8.351648351648343,False
603778,国晟科技,2025-07-15,-10.0182,25.0382,-1413.786622,-1.736385970512657,1412.7218596576429,3175714281.48,0.4385446626084822,-3.191489361702138,False
603778,国晟科技,2025-07-15,-10.0182,25.0382,-1413.786622,-1.736385970512657,1412.7218596576429,3175714281.48,0.4385446626084822,-3.191489361702138,False
603778,国晟科技,2025-07-14,10.02,29.0681,-1235.199875,-1.2899297119609845,1469.4429911673496,3529285709.58,0.4561082083580444,-12.476722532588456,False
603778,国晟科技,2025-07-14,10.02,29.0681,-1235.199875,-1.2899297119609845,1469.4429911673496,3529285709.58,0.4561082083580444,-12.476722532588456,False
603778,国晟科技,2025-07-09,10.1333,10.4196,1813.80648,6.783467857046209,3995.46666404574,2654999996.46,0.5848895564326569,18.826405867970664,True
603778,国晟科技,2025-02-11,10.0917,2.4073,2272.162,41.26260226566382,7327.783231042546,2314285711.2,0.7815490098756186,-6.97050938337801,False
603779,威龙股份,2026-05-26,-7.5253,26.0047,1000.108279,0.8808153792921501,1707.2034674010436,4244017596.12,0.5257970240838679,-10.40000000000001,False
603779,威龙股份,2026-05-25,5.7383,27.4287,-18178.602998,-14.797383135491009,3094.1549852970275,4589383660.28,0.260881675193938,-10.265613783201722,False
603779,威龙股份,2026-05-22,-9.9862,25.5074,22718.43034,20.402017653972045,5028.244114132994,4340321594.78,0.7028741762619247,5.1320754716981165,True
603779,威龙股份,2026-05-22,-9.9862,25.5074,22718.43034,20.402017653972045,5028.244114132994,4340321594.78,0.7028741762619247,5.1320754716981165,True
603779,威龙股份,2026-05-21,10.0,42.6298,5203.584235,2.552656230445696,2023.9783812006365,4821841588.08,0.56306036304922,1.377199693955622,True
603787,新日股份,2026-04-07,-9.7796,10.1739,-502.0605,-1.612191748833582,1467.5397334899346,3014883649.0,0.445071615028792,1.095461658841934,True
603787,新日股份,2025-10-27,10.0158,4.8969,3779.7084,24.1865840208335,4506.62792965323,3210505870.5,0.7683445848911536,-0.651230101302458,False
603787,新日股份,2025-06-13,-9.379,18.2045,1245.635902,1.9712704569081096,1297.9015614205437,3224314497.9,0.575940676685471,-4.892966360856277,False
603787,新日股份,2025-06-12,10.0356,20.6751,-7230.140704,-10.248946508538715,2039.2834837555736,3558022993.4,0.2487120699456627,-9.418282548476451,False
603790,雅运股份,2026-05-25,-10.0061,3.9256,-1716.36432,-7.527276572880249,3696.729861873358,5662342400.0,0.3981900645417228,-2.493938344302049,False
603790,雅运股份,2025-11-17,-10.0128,3.5528,-1412.07599,-9.588158601364473,4164.217000211723,4041523200.0,0.3848744121538698,-3.3557046979865723,False
603790,雅运股份,2025-09-10,10.0056,2.3339,1993.6055,23.132482725730423,5220.754300421221,3787014400.0,0.7215434915589117,5.979899497487451,True
603790,雅运股份,2025-07-04,-9.9806,5.4365,-4617.02553,-23.313488868706305,4983.86198931219,3555468800.0,0.2661102081207134,-0.8086253369272378,False
603790,雅运股份,2025-05-14,-7.3428,5.2246,-2647.93824,-14.84632359477573,4298.181975374657,3356454400.0,0.3272953113684578,0.7701421800948127,True
603806,福斯特,2025-07-29,10.0375,4.5855,13971.369522,8.171192773737266,3292.5218642038744,38322342886.88,0.6240871452149498,-1.487491548343467,False
603809,豪能股份,2025-12-25,10.0235,10.4251,9631.027411,7.3111769716226,1988.556528498718,12930057738.35,0.6838312581725361,-3.340292275574108,False
603809,豪能股份,2025-05-08,10.0351,2.1587,7199.142720000001,25.5157540956838,6575.718639944338,13070231054.72,0.6940149472081106,-4.428044280442823,False
603809,豪能股份,2025-01-08,10.0441,8.6857,12316.747046,18.128574218510305,3811.900682115559,8008594282.47,0.7377891730438416,8.941418293936266,True
603815,交建股份,2026-04-15,10.0346,3.5124,3532.7698,26.08485974778749,5511.772370321224,3936358134.6,0.7366286014299541,-0.9216589861751112,False
603815,交建股份,2025-12-09,-10.0276,1.0305,167.3358,2.682575021165846,7884.826440061458,6053079018.3,0.5170109960032611,0.5543237250554389,True
603815,交建股份,2025-12-08,-10.0166,0.977,-2065.4087,-31.423751798501662,8512.907867101065,6727706434.45,0.3154346770276833,-7.770961145194278,False
603815,交建股份,2025-11-28,10.0452,3.2341,4115.09004,17.499850807999334,4166.761639943305,7526118697.6,0.7099934231927585,-1.4285714285714235,False
603815,交建股份,2025-11-17,-9.3822,4.3396,-7078.369159999999,-21.407015166653856,3636.279872429917,7352819911.8,0.2056467610075792,-4.110738255033564,False
603818,曲美家居,2025-06-30,10.0642,9.1009,1665.2174,5.32290965165868,3487.664507939081,3528835414.7,0.576310517246455,2.5390625,True
603818,曲美家居,2025-06-19,-9.417,13.5812,-969.1998,-2.4296289186526403,2516.719952853557,2773637174.2,0.4517302488125898,6.435643564356441,True
603818,曲美家居,2025-06-09,10.1266,9.8853,-2831.3155,-9.617492575968528,4882.917799951903,2986465769.25,0.401518999807213,9.174311926605494,True
603818,曲美家居,2025-02-17,10.1754,1.7052,1722.5412,46.86032835831372,8021.044939381052,2155747704.7,0.7921086261980831,-10.029498525073755,False
603823,百合花,2025-11-05,-10.0052,14.1947,-174.635002,-0.1678765959503213,2003.59855108623,7172499744.8,0.495810622944918,2.245862884160754,True
603823,百合花,2025-06-10,10.0429,5.0285,2790.93007,10.950773939149563,2717.4347496931127,5269423881.28,0.7014910190646945,-2.4615384615384595,False
603826,坤彩科技,2026-04-16,10.0161,2.8399,2223.134266,3.549546891300829,4364.6456148352,22381632000.0,0.5406624867690989,-3.774647887323957,False
603829,洛凯股份,2026-06-04,-8.8025,5.1912,-298.38145,-1.4853169063132723,4227.827226734116,3801692305.19,0.4824340396773895,-2.154750244857984,False
603829,洛凯股份,2025-12-24,-9.9745,9.1497,-4341.795197,-10.186664527413134,3460.599819897282,4606362112.07,0.3528193802004605,-6.351132686084149,False
603829,洛凯股份,2025-12-22,-10.0131,4.1083,-3710.404868,-17.425904453107865,5428.3445593304095,5105555418.19,0.3394915405364637,0.8061561011359464,True
603829,洛凯股份,2025-11-24,-9.9846,5.7885,-1574.626724,-6.159019178799985,3759.11441003013,4349314812.65,0.4180788543923218,7.0876288659793785,True
603829,洛凯股份,2025-11-21,10.0085,2.8655,1488.9534,10.96780760799708,3867.943817109348,4831744164.46,0.6417782693673368,-8.77742946708463,False
603829,洛凯股份,2025-11-10,-10.0,7.9806,-3941.520587,-14.047977851107571,3540.2514238093822,3430959453.18,0.3015963250995369,-1.4077163712200136,False
603829,洛凯股份,2025-07-15,-6.7048,9.5104,-2145.832131,-7.323553621012325,2167.2454695891724,2872148428.55,0.3310400523665509,-0.893854748603351,False
603829,洛凯股份,2025-06-10,4.3882,14.9131,-4132.493249,-8.85103247649916,2578.27312915105,3235200000.0,0.3283534747264433,-7.852314092563706,False
603838,*ST四通,2025-02-17,10.0775,1.3332,546.741604,23.073005376103364,5504.417808810281,1817690880.0,0.7095862466978168,-3.2258064516129004,False
603839,安正时尚,2025-09-09,-9.9806,11.4877,-804.03046,-1.9173434505456683,2346.754418212279,3614130505.0,0.4591490392930362,-0.4519774011299327,False
603839,安正时尚,2025-09-08,-10.0262,16.5325,-3162.926362,-4.596877796219023,2328.45223876874,4014836040.0,0.4012889824476322,-9.693877551020414,False
603839,安正时尚,2025-08-05,-8.1437,10.4866,634.29748,2.009243729914313,1543.2664480796354,2983894615.0,0.5650971104961985,-0.1312335958005173,False
603839,安正时尚,2025-08-04,-10.0216,10.691,-418.64408,-1.1988018707163255,1332.9565723392832,3248438075.0,0.4550322232699419,-2.3076923076922995,False
603839,安正时尚,2025-08-01,-1.6949,16.5827,-3860.199833,-6.158469247103682,1956.059092998982,3610240160.0,0.3425796728446054,-6.586826347305386,False
603839,安正时尚,2025-07-31,10.0233,1.349,265.200752,5.3530083417880485,3385.0761457221997,3672485680.0,0.5790677685131658,-16.58341658341659,False
603839,安正时尚,2025-05-15,10.0486,3.1733,2358.90702,28.59080719502509,5814.310162441214,2710650566.4,0.745865858513307,1.5918958031837738,True
603839,安正时尚,2025-04-23,-9.9844,6.2763,-1148.17458,-7.609749236443313,3190.9356455464963,2303454163.2,0.3807599074104795,-0.1949317738791367,False
603871,嘉友国际,2025-12-15,10.0386,2.0012,5524.334772,14.338140768017546,4237.603156658225,19494123376.5,0.6691774835674397,-1.89473684210526,False
603876,鼎胜新材,2026-05-12,-7.8571,7.811,-9972.652297,-4.795465467198329,3973.908344814474,26372603504.94,0.4396631093233957,-0.3523608174770931,False
603876,鼎胜新材,2026-02-06,10.031,4.3196,11443.489407,16.63344210797174,3910.9168016127705,16513078375.01,0.712654000989135,-0.2185792349726711,False
603877,太平鸟,2025-11-18,10.0134,1.303,1476.555578,15.3166241771255,3943.977370630356,7682821979.01,0.694177384119695,5.180722891566258,True
603893,瑞芯微,2025-02-13,-8.1397,6.3292,-4750.9317200000005,-1.0341354289408822,2033.110272208946,71161249405.96,0.4745676502874261,-0.9734093067426342,False
603893,瑞芯微,2025-02-06,10.0024,4.7196,68288.994404,19.43925411898355,4213.880442482766,78094823718.52,0.7306573998042784,-5.1480118202083975,False
603893,瑞芯微,2025-02-05,3.076,5.9794,-12503.086019,-2.93959486686816,2219.9871402461245,70993771765.56,0.4337925248850258,18.906423375662666,True
603898,好莱客,2025-12-08,10.0304,3.0931,1544.89884,11.597564553155763,4210.256488714245,4508276497.76,0.637729905342388,2.959394356503786,True
603898,好莱客,2025-11-24,-10.0195,5.6072,-3815.142905,-15.602863111790596,5412.226669855448,4305902207.46,0.3558554171548831,0.3825554705432221,True
603898,好莱客,2025-11-21,10.0215,8.8279,-3568.103433,-8.79832557972134,5476.042488752822,4785373602.94,0.4196652911496567,-13.95655036208031,False
603898,好莱客,2025-07-29,-7.0237,2.5011,198.72052,2.3904914601564085,3429.102184545241,3296522520.63,0.534855937961403,-4.622641509433967,False
603906,龙蟠科技,2025-03-04,-10.0148,9.3492,459.546932,0.701803786898346,1081.84824577402,6854407093.39,0.5324354080916511,1.2499999999999956,True
603916,苏博特,2026-01-20,10.0461,4.9653,12045.8474,49.75635352403942,6541.657153249214,5018684953.62,0.8803038921057308,-6.436041834271911,False
603916,苏博特,2025-07-25,-10.0071,18.9185,-5396.973896,-5.165675723768748,1677.623863548715,5291754758.21,0.3460418978291809,-2.430846605196979,False
603922,ST金鸿顺,2026-04-17,10.0256,4.7174,1557.18278,8.838354934198737,4174.790095972303,3854592000.0,0.6058538840398908,-0.971322849213696,False
603922,ST金鸿顺,2026-01-05,-9.9711,7.1209,-1430.21344,-5.921203629699321,3789.891321928332,3349248000.0,0.421881617087023,3.0481283422459926,True
603922,ST金鸿顺,2025-08-14,-10.0042,15.2142,-601.940759999999,-1.0032905969925183,4225.090809735059,3836672000.0,0.4881269936887412,7.17339667458432,True
603922,ST金鸿顺,2025-04-22,-10.015,2.4369,-2622.90922,-33.180132966489786,6093.343738821242,3220224000.0,0.2277346036208644,5.875152998776012,True
603922,ST金鸿顺,2025-04-21,-10.0045,5.7844,-1927.1018,-9.05459344814722,2943.113845043541,3578624000.0,0.3461732381947111,-10.710382513661209,False
603929,亚翔集成,2026-06-18,-7.1755,6.5968,-3615.700111,-1.1583382712958823,3867.141261872313,45983347200.0,0.4850233261102148,-2.741064780342506,False
603929,亚翔集成,2026-04-14,-10.0,4.4096,-756.3743,-0.4052701680948192,4428.959793351999,40613076000.0,0.4954247702959153,-1.9305628616517525,False
603929,亚翔集成,2026-01-19,-10.0024,3.1777,-6379.4895,-6.179053253171609,4194.753515755603,31387389600.0,0.4263478386755869,-0.2951925780151687,False
603929,亚翔集成,2025-12-26,-5.0943,7.5309,-22686.469588,-12.90397741791767,2920.4098401321867,21464016000.0,0.2790724911176577,-4.308067465962195,False
603929,亚翔集成,2025-11-18,10.0019,3.473,5641.121274,13.784089467036162,6524.106767810175,12413284800.0,0.6056396680618917,-4.415048960659684,False
603933,睿能科技,2025-12-09,-9.9842,17.2279,-4966.407738,-4.772212633343589,1606.5299673817506,5894265930.0,0.3514745217880646,1.532710280373828,True
603933,睿能科技,2025-12-08,6.5518,25.7909,-1473.338256,-0.9699572397557072,1527.0445547713282,6548031341.25,0.4682407027114884,-7.503457814661141,False
603933,睿能科技,2025-12-08,6.5518,25.7909,-1473.338256,-0.9699572397557072,1527.0445547713282,6548031341.25,0.4682407027114884,-7.503457814661141,False
603933,睿能科技,2025-12-05,3.1348,27.0432,-9258.236991,-5.437922067257137,2104.900645395811,6145394865.75,0.3708271081784344,0.0,False
603933,睿能科技,2025-10-28,1.3835,19.9163,-2898.69177,-3.016823591877667,1923.7121732639096,4866920283.75,0.4215884882934668,-3.530950305143865,False
603933,睿能科技,2025-10-24,4.5519,22.0102,-1101.598641,-1.156577153609004,2106.340587093356,4576357878.75,0.4725453433149427,2.5652985074626766,True
603933,睿能科技,2025-10-23,-9.9872,8.0179,-3035.375991,-8.587352460046414,2670.7045981536803,4377115086.75,0.3392305823342826,7.468671679198002,True
603933,睿能科技,2025-10-22,10.0,23.7223,1051.233775,0.9349421652570366,2465.402880374435,4862769392.25,0.518961245091006,-6.949626865671654,False
603937,丽岛新材,2026-05-07,2.2646,21.7877,3368.055636,4.229722368397935,2092.9742465526483,3584561357.52,0.6010457337295176,9.740259740259738,True
603937,丽岛新材,2026-05-06,10.0328,4.9741,691.5819,4.049923014019876,3066.545226699115,3505182959.16,0.5660339684339057,-1.568855316676343,False
603937,丽岛新材,2025-08-14,-4.2571,15.0332,-1881.81068,-4.953681589457821,1822.6316127460204,2395864209.75,0.3641063406665462,2.54545454545454,True
603937,丽岛新材,2025-07-24,-7.1616,11.4791,-4111.157733,-16.056157405762576,3546.451488486356,2220404232.75,0.2736306635253676,-3.267973856209161,False
603949,雪龙集团,2026-03-25,-8.7851,13.0855,-7112.528275,-13.582020670865322,2612.6812421554,3819429828.58,0.2400750529433035,-6.077658975801903,False
603949,雪龙集团,2025-05-27,9.8091,12.9748,2429.18485,3.924130641533728,1717.7771500902957,5200478478.76,0.6142211794273621,-1.927194860813719,False
603949,雪龙集团,2025-04-03,-10.0,10.6024,-111.97888,-0.2348191945729692,1522.0765037138176,4426923070.44,0.4922862223416491,-4.373024236037947,False
603949,雪龙集团,2025-04-02,-10.0,8.4499,594.6066,1.4180425877438871,1438.3377810113475,4918803411.6,0.5492944914075333,-10.132575757575758,False
603949,雪龙集团,2025-04-01,-10.0035,13.1593,-55.958360000000106,-0.0759895358527685,1384.7755761039978,5465337124.0,0.4972562508624479,-8.09399477806788,False
603949,雪龙集团,2025-03-31,10.0152,15.6824,-2447.88668,-2.7142133677102893,1564.7549403259773,6072830365.86,0.4132703371703415,-9.9882491186839,False
603949,雪龙集团,2025-03-31,10.0152,15.6824,0.01,1.986739704516177e-06,20000.00019867397,6072830365.86,0.5000000049668493,-9.9882491186839,False
603949,雪龙集团,2025-03-27,-2.452,12.2197,-1065.8049,-1.779614097616624,1373.0958062249133,5017599890.38,0.4351970164955436,7.29431721798135,True
603949,雪龙集团,2025-03-26,0.9905,14.4214,782.000002,1.0811752919022235,1318.4060690068757,5143723054.78,0.5410031217740316,3.693931398416894,True
603949,雪龙集团,2025-03-25,3.3703,16.0996,-6478.352199,-8.078098046810487,1844.6860980798597,5093273789.02,0.2810441013455077,6.162464985994376,True
603949,雪龙集团,2025-03-24,9.9953,13.1766,4684.0206100000005,7.862412024041901,2434.8855308010184,4927211622.56,0.6614534220312065,-5.179282868525892,False
603949,雪龙集团,2025-02-28,-8.0347,12.6022,252.129582,0.5266418216557652,1116.885775448073,3344365909.34,0.5235763510124608,-5.853314527503528,False
603967,中创物流,2025-04-16,10.0332,15.5664,3425.151521,4.856010889153169,1744.1710072663182,4600267241.7,0.6392068458001752,0.7620660457239525,True
603967,中创物流,2025-04-08,3.9464,18.698,-8477.668718,-9.764459612226432,2047.412944926297,4839467271.6,0.2615415191052743,-0.7258064516128981,False
603980,吉华集团,2025-06-24,10.0394,7.7493,2178.0142,7.884689063956163,2438.569495619874,3783498482.4,0.661666277670547,-6.896551724137923,False
603980,吉华集团,2025-05-19,10.0806,20.4562,-3144.20408,-4.282802330666893,2887.0139626189757,3695510145.6,0.4258264354429772,-5.587668593448935,False
603990,麦迪科技,2025-03-10,2.3854,26.4345,3115.916811,2.2574030622895784,1437.2526482178448,4995471342.61,0.578531880427867,2.3948220064724968,True
603990,麦迪科技,2025-02-26,4.8325,27.3899,3158.757259,2.3101906601473834,1360.2728240880515,4983220033.37,0.5849164454085221,-2.812499999999996,False
603990,麦迪科技,2025-02-18,-10.0,24.8492,2312.977025,2.021718181089337,1326.0910067324523,4465602217.98,0.5762284854819634,6.352605281941481,True
603990,麦迪科技,2025-02-17,9.9796,32.2743,-716.307166,-0.4568741920011517,1236.057129061851,4961780242.2,0.4815188885182065,-13.51851851851852,False
603990,麦迪科技,2025-01-14,4.2763,28.6691,1604.918915,1.512442139227118,1577.9194010414467,3883665029.08,0.5479252025873086,-1.2924071082390909,False
603990,麦迪科技,2025-01-14,4.2763,28.6691,1604.918915,1.512442139227118,1577.9194010414467,3883665029.08,0.5479252025873086,-1.2924071082390909,False
603990,麦迪科技,2025-01-13,-6.3174,31.2083,987.58248,0.7892355270171011,1251.0957131781606,3724398008.96,0.5315417724920584,12.545454545454549,True
603990,麦迪科技,2025-01-13,-6.3174,31.2083,987.58248,0.7892355270171011,1251.0957131781606,3724398008.96,0.5315417724920584,12.545454545454549,True
603997,继峰股份,2026-05-07,10.0412,2.3732,2229.7724,5.674954808559972,5218.430220320287,17010181231.68,0.5543741562976353,-1.5683345780433178,False
605005,合兴股份,2025-06-06,-10.0,5.4469,-1191.480574,-2.584761596847799,2057.1540682583995,8228520000.0,0.4371762757896866,-0.7680491551459445,False
605005,合兴股份,2025-06-05,-5.7462,8.2012,-4361.761825,-5.668979574602719,2346.9076428987764,9142800000.0,0.3792244852123645,-9.708737864077666,False
605005,合兴股份,2025-04-02,-7.6965,3.9634,-833.7096,-2.8628757932340148,2203.918326998468,6732790000.0,0.4350503201919241,-4.8397234443746,False
605006,山东玻纤,2026-06-18,-10.0,4.1759,2566.82538,4.160542977324296,3057.1143020531404,14703626012.4,0.5680468992364809,2.089268755935425,True
605006,山东玻纤,2026-05-27,3.5156,15.9335,-9787.269704,-5.444095288621922,2731.090988686681,11656079595.3,0.400331125708121,12.35955056179774,True
605006,山东玻纤,2026-05-26,10.0061,11.6396,10735.65871,8.810034537040542,3336.3188354184763,11260212741.12,0.6320322632764127,-2.94438386041439,False
605006,山东玻纤,2026-05-12,3.8509,21.3248,582.466301999998,0.2794547287242089,2870.152972365253,10194821874.26,0.5048682897987474,-3.214069132807751,False
605006,山东玻纤,2025-08-14,10.0267,4.2312,8322.368059999999,40.52764218204908,5545.10550704371,4938076555.46,0.8654361682619796,1.073985680190925,True
605006,山东玻纤,2025-07-11,-9.9476,13.8641,-4203.412995000001,-5.674977317678299,1818.1474511402323,5160079997.2,0.3439351738463429,-2.716049382716046,False
605018,长华集团,2026-06-10,-10.0152,6.3198,-2684.938721,-4.854547241835438,2649.840883384603,8362470457.47,0.4083992689471453,0.3605769230769162,True
605018,长华集团,2026-06-10,-10.0152,6.3198,-2684.938721,-4.854547241835438,2649.840883384603,8362470457.47,0.4083992689471453,0.3605769230769162,True
605018,长华集团,2025-06-05,10.0429,4.3709,1718.7485420000005,6.741585604628567,2802.1255999158257,6026243466.26,0.6202941367944228,1.420678768745054,True
605018,长华集团,2025-01-23,-7.4853,10.5073,2982.82658,4.98351767342063,2633.632299236845,5170723723.0,0.5946130117493,4.323827046918138,True
605033,美邦股份,2026-02-26,-9.983,13.0222,651.558134,1.382021362502187,1525.9292618539891,3584152000.0,0.5452845815677931,-3.0217566478646263,False
605033,美邦股份,2026-02-25,-6.6265,22.4593,-7271.871848000001,-8.201209974295622,2036.1471528392772,3981640000.0,0.2986095955083709,-6.656637833772095,False
605033,美邦股份,2026-02-25,-6.6265,22.4593,-7271.871848000001,-8.201209974295622,2036.1471528392772,3981640000.0,0.2986095955083709,-6.656637833772095,False
605033,美邦股份,2025-12-16,-8.0821,11.3093,-2644.178334,-7.430009650240348,2666.247324860597,2844608000.0,0.3606654082507364,-5.0424628450106095,False
605033,美邦股份,2025-07-24,-9.296,14.2699,-834.96622,-1.8387557873381053,1274.571157935895,3152864000.0,0.4278676684354022,-4.075372480280459,False
605033,美邦股份,2025-07-23,-9.0555,20.7448,-3838.521154,-5.215424923680384,1767.932345878015,3475992000.0,0.3524993070057151,-0.8688097306689846,False
605033,美邦股份,2025-05-29,-8.959,12.9526,277.660657,0.7209800304116476,1567.1166119990985,2885168000.0,0.5230033944152991,-7.350096711798837,False
605033,美邦股份,2025-05-27,10.0155,12.051,1919.9948,5.9807017246736445,2394.0364666737123,2881112000.0,0.6249083254981338,-4.357394366197176,False
605033,美邦股份,2025-01-20,-10.0119,18.1939,-867.799246,-1.5338195322772523,1869.31829368774,3074448000.0,0.4589738265158852,-3.3488372093023244,False
605033,美邦股份,2025-01-17,-10.0071,0.8658,-1183.3941,-40.00854335753951,6070.055531824008,3416504000.0,0.1704433497536945,-4.486894713460687,False
605033,美邦股份,2025-01-16,-10.0,13.5411,-1348.423617,-2.489418618317111,1570.7559464290337,3796416000.0,0.4207573072068716,-9.81570512820512,False
605033,美邦股份,2025-01-16,-10.0,13.5411,-1348.423617,-2.489418618317111,1570.7559464290337,3796416000.0,0.4207573072068716,-9.81570512820512,False
605033,美邦股份,2025-01-10,9.9953,11.5582,0.0,0.0,20000.0,3169088000.0,0.5,13.446739570676392,True
605033,美邦股份,2025-01-06,10.0344,13.6011,-4684.991644,-17.308096740988184,3362.3283286343594,2164552000.0,0.242617391145468,9.981740718198417,True
605055,迎丰股份,2026-05-27,10.0223,4.4753,-871.0008,-3.0500794928426327,3641.6141678198414,6520800000.0,0.4581218746374131,-0.9383378016085796,False
605055,迎丰股份,2025-09-24,10.0524,6.8658,-2384.7037,-7.684955049205662,2664.885527137422,4624400000.0,0.3558107849108866,-4.039408866995076,False
605055,迎丰股份,2025-09-23,10.023,6.2292,3994.7572,15.859234423422302,3014.3732581001223,4202000000.0,0.7630602295320578,6.282722513089012,True
605055,迎丰股份,2025-09-08,10.026,5.6369,1210.0268199999998,6.029893345959349,2922.915437449074,3718000000.0,0.6031486109502683,-3.033838973162195,False
605055,迎丰股份,2025-08-11,-0.1229,11.2485,-1573.009,-3.8649656541534263,2956.969627747828,3577200000.0,0.4346465107743231,0.5249343832020914,True
605055,迎丰股份,2025-05-20,10.0307,15.4523,-830.965491,-1.2754871895705944,1587.1312252998405,4730000000.0,0.4598178408552945,-1.9762845849802255,False
605055,迎丰股份,2025-05-19,10.0225,13.3967,1647.102759,2.9925701354039327,1691.383882661985,4298800000.0,0.5884651369236792,8.23529411764705,True
605055,迎丰股份,2025-05-16,-4.6187,14.1051,-351.0977,-0.6219149997499569,1349.8743932489497,3907200000.0,0.476963967800993,15.00615006150059,True
605055,迎丰股份,2025-05-15,10.0473,11.2139,-1179.989128,-2.648086711222348,1855.1250786135545,4096400000.0,0.4286278121688317,-10.952902519167573,False
605055,迎丰股份,2025-05-14,10.013,12.2244,-1120.947916,-2.698447938785284,2247.5262348088345,3722400000.0,0.4399684885321304,13.275434243176187,True
605055,迎丰股份,2025-05-09,10.052,3.9103,1356.1291,12.834771932340733,2949.282974129428,2794000000.0,0.7175913950089735,10.319767441860472,True
605056,咸亨国际,2026-04-09,10.0188,4.5371,4629.8294,8.92369971025626,3462.63478415165,11827488624.0,0.628857073681286,-1.0805158591843944,False
605058,澳弘电子,2025-12-11,-10.0088,4.9059,1559.085445,7.231461455315172,3083.2949932271954,4369185151.5,0.6172684007076827,-0.4721753794266314,False
605058,澳弘电子,2025-06-27,10.0198,4.3188,1007.6076,6.1265354483251855,4304.433884242698,3970427331.0,0.571165403083001,11.036339165545094,True
605058,澳弘电子,2025-01-21,2.7165,13.9203,-1745.439191,-3.730452104742041,2215.269984543272,3458759590.0,0.4158014117743946,4.939919893190914,True
605060,联德股份,2026-05-14,-10.0061,5.1275,-12387.191,-16.554017713947747,3975.291854412007,14140492872.0,0.2917886494852554,-3.9082855653986495,False
605060,联德股份,2026-03-02,-9.198,5.4846,129.751729999998,0.1544705427911997,4945.952809189074,15096254472.0,0.5015615852875124,-10.259678190218269,False
605060,联德股份,2026-01-22,-6.623,7.5746,-4143.65,-5.31732856766004,6980.257660445495,9533721960.0,0.4619116598102721,0.3761283851554609,True
605066,天正电气,2026-05-27,10.0275,8.5017,3498.052326,10.40634229884818,3097.434510569837,4024489331.25,0.6679832497400198,-6.393244873341364,False
605066,天正电气,2025-03-07,-9.9305,33.0536,-5077.149761,-3.1923898694844333,1552.3722565257776,4557068443.75,0.3971770509275582,-7.526881720430101,False
605066,天正电气,2025-03-07,-9.9305,33.0536,-5077.149761,-3.1923898694844333,1552.3722565257776,4557068443.75,0.3971770509275582,-7.526881720430101,False
605066,天正电气,2025-03-07,-9.9305,33.0536,-5077.149761,-3.1923898694844333,1552.3722565257776,4557068443.75,0.3971770509275582,-7.526881720430101,False
605066,天正电气,2025-03-06,-6.2384,42.0804,-473.66203499999904,-0.2129894395836954,1550.7386329928574,5059501568.75,0.4931326454680297,-10.289389067524125,False
605066,天正电气,2025-03-06,-6.2384,42.0804,-473.66203499999904,-0.2129894395836954,1550.7386329928574,5059501568.75,0.4931326454680297,-10.289389067524125,False
605066,天正电气,2025-03-06,-6.2384,42.0804,-473.66203499999904,-0.2129894395836954,1550.7386329928574,5059501568.75,0.4931326454680297,-10.289389067524125,False
605066,天正电气,2025-03-05,10.041,45.1498,-1096.379976,-0.4648614802115947,1484.9738715495694,5396131762.5,0.484347822910631,-2.3036649214659755,False
605066,天正电气,2025-03-05,10.041,45.1498,-1096.379976,-0.4648614802115947,1484.9738715495694,5396131762.5,0.484347822910631,-2.3036649214659755,False
605066,天正电气,2025-03-03,10.0496,5.8536,1159.81235,4.447421166637184,3643.47699948489,4456581818.75,0.5610326505048057,15.801354401805876,True
605080,浙江自然,2025-05-29,-9.7861,8.8865,-1148.553428,-3.2696972466384557,2962.742938911947,3907377408.0,0.4448197613823487,-3.631185475258103,False
605080,浙江自然,2025-04-23,10.0225,2.7459,2258.77454,24.236387616482677,4753.028866380193,3435797376.0,0.7549572945781476,-1.8914473684210509,False
605099,共创草坪,2026-05-18,-10.0075,1.6377,-793.743775,-2.4154177370461936,1893.1822281386533,19350030840.4,0.4362074685377489,-4.064685314685312,False
605099,共创草坪,2026-05-18,-10.0075,1.6377,-793.743775,-2.4154177370461936,1893.1822281386533,19350030840.4,0.4362074685377489,-4.064685314685312,False
605099,共创草坪,2025-09-10,10.003,2.074,4715.194829,16.275564093179213,3771.050031947285,14431246300.0,0.7157961834939496,-4.772475027746948,False
605099,共创草坪,2025-08-04,-8.338,3.9412,-1512.852693,-2.976567747237176,4489.429730044251,13018928600.0,0.4668491553914149,-2.653190145293749,False
605099,共创草坪,2025-08-01,-9.9899,1.1286,-1405.915033,-8.715575104888924,3756.1374021915135,14203195000.0,0.3839822113562215,1.2148337595907943,True
605099,共创草坪,2025-06-17,-10.0,4.3618,-2578.449701,-3.877709343967104,1774.5117069757314,14655296700.0,0.3907386936720802,-0.7501442585112428,False
605099,共创草坪,2025-06-16,-9.5556,5.0765,-5171.968575,-6.201422078415929,1858.079241509385,16283663000.0,0.3331227770087381,-9.267015706806305,False
605100,华丰股份,2025-09-22,10.0162,4.8503,3321.3581280000003,15.33103963982727,4484.3734089010695,4610255160.0,0.670938481721845,1.157523905384994,True
605100,华丰股份,2025-03-13,10.0,27.2953,-2818.912354,-2.100429038301733,1668.0308527255886,5308675680.0,0.4370386634375018,-7.332071901608328,False
605100,华丰股份,2025-03-12,-6.3942,31.2786,-6538.861067,-3.884630278520328,1324.043536474969,4826068800.0,0.3533042845078014,7.747196738022422,True
605100,华丰股份,2025-03-07,-9.982,20.0915,-2940.1553280000003,-3.328060264211137,1764.3848029748146,4260195240.0,0.4056877995491711,19.94134897360702,True
605100,华丰股份,2025-03-05,0.0791,30.2906,-4353.312068,-3.319867519861535,1752.6231316026062,4302678240.0,0.4052886082581304,6.414662084765155,True
605100,华丰股份,2025-03-04,10.0,30.5874,2742.940691,2.362022115554778,1879.022364292366,4299279600.0,0.562852421568817,-0.9080590238365494,False
605100,华丰股份,2025-03-04,10.0,30.5874,2742.940691,2.362022115554778,1879.022364292366,4299279600.0,0.562852421568817,-0.9080590238365494,False
605100,华丰股份,2025-03-03,-9.1627,24.3858,-3683.855584,-3.557192788428153,2569.837959509206,3908436000.0,0.4307895508495891,13.677419354838726,True
605100,华丰股份,2025-03-03,-9.1627,24.3858,-3683.855584,-3.557192788428153,2569.837959509206,3908436000.0,0.4307895508495891,13.677419354838726,True
605118,力鼎光电,2025-03-21,-10.0,4.2131,-3038.72186,-7.549057615487801,2702.6883315716427,9306671760.0,0.3603416915057693,-3.507951356407857,False
605118,力鼎光电,2025-03-13,10.0142,4.8294,2413.11668,5.5861220048855404,2131.273408811056,9481731640.0,0.6310512762415075,-1.0564997703261358,False
605118,力鼎光电,2025-01-13,-10.0209,3.2076,-728.5849,-3.1989597922770403,2072.5859986004284,7018679840.0,0.4228268502624926,5.00625782227786,True
605118,力鼎光电,2025-01-10,-10.0047,6.4054,-4894.363740999999,-9.284996972052486,2848.8061735807305,7800342560.0,0.3370370533074569,-8.002302820955675,False
605136,丽人丽妆,2026-01-14,10.0415,6.944,8509.896032999999,23.63180168183006,3524.181059690426,5310079710.0,0.8352807543308508,-1.7345399698340924,False
605136,丽人丽妆,2025-11-24,10.0394,11.2615,4695.8332,9.68224048718608,2126.0359867888887,4477126030.0,0.7277064110709126,2.6785714285714413,True
605136,丽人丽妆,2025-11-20,-9.9671,18.716,-5958.081946,-6.862252729313778,1907.5969359884796,4377011405.0,0.3201335774908369,2.6919242273180544,True
605136,丽人丽妆,2025-07-10,-7.563,16.3933,-11472.57132,-15.64127120669666,2729.350640394244,4405043500.0,0.2134616751837107,-4.717853839037922,False
605136,丽人丽妆,2025-06-11,-9.9853,17.7517,-8890.886773,-9.925421428535037,2860.610510544951,4909621210.0,0.326515679223939,-2.4722932651321528,False
605136,丽人丽妆,2025-05-30,-10.0,22.8616,181.387899000001,0.1373259155251373,2674.306610867864,5658478605.0,0.502567505067801,-1.1538461538461608,False
605136,丽人丽妆,2025-05-29,1.8158,27.3856,12685.972146,7.1473487394478825,1924.1164995409829,6287198450.0,0.685730664987098,-10.95890410958904,False
605136,丽人丽妆,2025-05-22,5.0996,29.1306,-556.829476000001,-0.3692310203908747,1668.9250958606233,5282047615.0,0.488938058954633,4.548900682335111,True
605136,丽人丽妆,2025-05-16,10.035,3.0855,989.883131,8.495411502766926,11360.766152248245,3776323655.0,0.5373892543377707,14.3915343915344,True
605138,盛泰集团,2026-04-27,10.0741,1.5671,-88.5821,-1.3718411910161183,8618.18106130633,4127896178.13,0.4920410050493405,0.9497964721845388,True
605138,盛泰集团,2025-11-04,10.0381,2.9759,3391.5869,24.459270692925102,3874.729294411067,4811237654.88,0.8156255422566592,-2.328288707799764,False
605138,盛泰集团,2025-08-01,-4.824,4.4914,-206.157598,-1.1475739196983363,1623.829593307055,4055615265.5,0.4646645828962504,1.400560224089653,True
605138,盛泰集团,2025-05-16,-7.4205,6.7598,-103.679868,-0.3497150262460483,1298.3834729514224,4366720589.76,0.4865326756874418,1.5277777777777724,True
605162,新中港,2026-06-04,10.0433,7.3546,2499.430042,6.198637594322834,2909.91984988099,5628576612.81,0.6065087341594021,-10.48632218844986,False
605162,新中港,2026-05-28,-10.0,7.8868,-126.290516999999,-0.3549695000964364,2210.226454604612,4371113231.1,0.4919698386706729,-0.9018036072144242,False
605162,新中港,2026-04-15,-8.7544,9.7497,-217.48519199999905,-0.4169522015551413,1465.934818376253,5225300223.22,0.4857786241131451,5.691056910569103,True
605162,新中港,2026-04-09,-8.5917,12.8017,-1878.511245,-2.516367438880356,1396.9722531555403,5745232043.9,0.4099349527810493,-2.1739130434782705,False
605162,新中港,2026-04-07,10.0078,14.8474,5079.701955,6.393871065407265,1952.695291588993,5636329397.79,0.6637191192335056,4.033970276008492,True
605162,新中港,2026-04-03,-8.968,16.2778,-344.23044500000003,-0.3743115962973392,1564.8741277241052,5123571641.63,0.4880402011361219,10.476935105551233,True
605162,新中港,2026-04-02,10.0235,11.5626,1521.2977449999998,2.366954729099008,1536.432228817028,5628317557.85,0.5770276320915709,-11.671270718232051,False
605162,新中港,2026-03-31,10.0474,8.1432,2858.8731,7.86346669822975,2336.183178508169,4650873085.17,0.6682973058484903,13.55932203389829,True
605162,新中港,2025-07-17,-2.5641,17.0278,-5126.717266,-6.843822431611812,2014.9098810173964,4261669492.08,0.3301705079694152,-4.3222003929273,False
605162,新中港,2025-07-16,-1.6216,13.2317,344.176055,0.6119671086365783,2561.524179607374,4373818689.24,0.5119453705240913,-5.653382761816495,False
605162,新中港,2025-07-10,-10.0352,13.1491,-1869.377947,-3.3430438696616687,1616.6022243575148,4093445696.34,0.3966027690890289,-0.6282722513089034,False
605162,新中港,2025-07-04,10.0515,2.1885,2915.8787,39.77220192079356,6012.208637064788,3420550513.38,0.8307619904904922,10.481283422459908,True
605162,新中港,2025-01-23,-6.9575,10.6719,-3463.1843740000004,-9.99935463564472,2412.6331900225587,3160040311.2,0.2927709301812427,-4.488078541374474,False
605167,利柏特,2026-04-15,-9.9796,4.6916,-7024.497044,-18.027446251189367,4471.687690885829,7940075694.72,0.2984268189398287,-0.3357582540570947,False
605167,利柏特,2026-04-14,10.028,1.9336,2661.0223,16.125436470881873,5133.183535889176,8820310330.56,0.6570705231766918,-8.686765457332646,False
605167,利柏特,2025-12-23,10.0395,12.359,4918.496202,6.736970313364325,2568.8375531674205,6251054400.0,0.6311287727216837,-2.0968908170643563,False
605167,利柏特,2025-05-28,10.0375,6.7612,3386.786606,9.836056859417802,3013.194420795019,5267591100.0,0.6632164322278049,-0.7745266781411297,False
605189,富春染织,2026-04-09,10.0275,4.5732,1217.251286,8.565076807847621,4135.752468732578,3109124529.72,0.6035491953713616,-0.7946210268948595,False
605196,华通线缆,2026-05-26,9.9902,4.2658,7019.654578,7.737427100301869,5770.526393643261,22571836310.7,0.567042645440677,-7.592143014787034,False
605196,华通线缆,2026-03-06,-7.7462,4.1197,-18879.34228,-17.386462877256186,3564.288213209783,25919739548.73,0.2561018941619344,-1.3645224171539905,False
605196,华通线缆,2025-12-18,-8.3284,7.205,-20589.908694,-17.860286309726238,6781.6954328859465,15785136534.06,0.3683199025488689,5.977382875605808,True
605196,华通线缆,2025-08-06,10.0217,4.6615,480.1731,1.031495723868068,5049.3844642658105,10244379862.11,0.5102140739249299,6.116360019890599,True
605228,神通科技,2025-09-18,-4.2276,8.0597,-3885.72145,-5.883095300809207,2922.8593244173294,7877051596.95,0.3993606149351372,1.142204454597362,True
605228,神通科技,2025-04-02,10.0386,1.3591,2318.304,35.09941969554141,6036.768800507752,4859931024.6,0.7907136322049405,-11.54192966636609,False
605268,王力安防,2026-03-12,-10.0187,7.6875,-161.7151,-0.328675232891354,1831.0920537653767,6369521550.0,0.4910251581231135,-3.146067415730336,False
605268,王力安防,2026-03-11,-4.6856,12.012,-8154.675739,-9.487826712822365,2352.4096727430947,7078714475.0,0.2983381291372006,-8.935879945429747,False
605268,王力安防,2025-08-01,-9.9567,5.8694,-658.398516,-2.44922976311907,1425.8648456617211,4552041000.0,0.4141142384367285,-1.596806387225547,False
605268,王力安防,2025-07-31,-1.7021,10.1434,-3890.459414,-7.334981525872466,1890.421893835856,5055391687.5,0.3059961760443577,-3.653846153846163,False
605277,新亚电子,2025-09-26,3.3209,23.1316,-8652.627290999999,-4.210753872033797,1509.075670679667,8809152141.27,0.3604856617250568,-1.8747142203932363,False
605277,新亚电子,2025-06-27,10.0187,14.0308,-2888.0272010000003,-3.793050852708217,2278.014220961968,5551208283.92,0.4167465501794261,-2.307185234014497,False
605277,新亚电子,2025-01-23,10.0121,1.1364,4555.686457,70.42532616157534,8890.101266407477,5692500349.97,0.8960884361783793,-3.223684210526301,False
605298,必得科技,2025-08-13,10.0231,8.1688,781.365429,2.199328744963922,2724.0704058515835,4398410640.0,0.5403684269730976,-4.088586030664398,False
605298,必得科技,2025-08-04,10.0196,2.7534,3612.88404,43.15024014004774,7456.1739112966225,3102153600.0,0.7893591314619964,-0.6980802792321161,False
605298,必得科技,2025-06-05,10.0318,4.9371,411.496934,3.3366964943878377,4707.822450615957,2551890640.0,0.5354377902882815,-4.075895994378076,False
605298,必得科技,2025-04-08,-10.0318,2.9006,290.473034,4.731541443281477,6143.490201126771,2086567600.0,0.5385085780914378,6.480648064806482,True
605299,舒华体育,2026-06-02,-10.0055,3.1447,-461.5457,-2.1522465704537197,1896.7457327647835,6636693534.24,0.4432647578092477,10.102389078498277,True
605299,舒华体育,2026-05-19,-9.9912,1.6712,1895.1015,13.55022664132183,3282.2050007311013,8368682395.35,0.7064195660890097,-0.2168021680216791,False
605299,舒华体育,2026-05-11,-7.6668,10.7209,-4168.357370000001,-3.71863393334664,2458.915557427607,10251124401.15,0.424384675957785,-1.843137254901961,False
605299,舒华体育,2026-04-20,10.0214,9.6364,10568.095116,13.31499184851516,2843.1552257744875,8401420517.19,0.7341587214058652,0.2894356005788578,True
605299,舒华体育,2026-04-10,-10.0184,10.4582,-1160.838323,-1.3423000056826162,1631.770083436038,8012655320.34,0.4588698181407972,-8.67320598864223,False
605299,舒华体育,2026-04-07,10.0191,16.9512,7669.62346,5.130620621816286,1963.5969947076248,9436763620.38,0.6306434221391803,-6.976744186046513,False
605299,舒华体育,2026-04-01,1.2658,16.4322,-4461.056002,-3.138031836592724,1806.954640995228,8839292896.8,0.4131679410927446,6.4189189189189255,True
605299,舒华体育,2026-03-30,0.7273,15.7039,-1753.882225,-1.3862292495535506,1609.8105411981176,7934902280.97,0.4569443355575919,12.623376623376624,True
605299,舒华体育,2026-03-27,10.0,15.2283,2801.10755,2.530358908894546,1538.6083923855565,7877610567.75,0.5822288153833386,3.5502958579881616,True
605299,舒华体育,2026-03-24,10.0273,11.7357,2829.7245,3.841288509564672,1777.8973887766624,6600823815.99,0.6080289710141199,18.620689655172427,True
605299,舒华体育,2026-01-21,10.0422,6.2196,4856.6183,15.43049274693797,3702.828200150879,5336313859.92,0.7083609056762238,-2.0721412125863314,False
605299,舒华体育,2025-12-12,-10.0146,13.1925,-2808.3914,-4.19067618310206,1711.4217649931074,5037578498.13,0.3775674042243194,0.7640067911714787,True
605299,舒华体育,2025-12-10,-3.0612,19.6935,736.5034,0.5613812093350508,1524.406616074382,6220243149.6,0.5184131059067661,-9.63944076526858,False
605299,舒华体育,2025-12-09,10.0351,7.3353,1186.5005,2.637856653909792,1806.3143907707768,6416671880.64,0.5730176503987267,-16.88073394495414,False
605299,舒华体育,2025-12-08,10.0386,3.2479,-1004.3865,-5.386887935794513,2383.8725627537565,5831477952.75,0.3870139280941304,11.527967257844484,True
605299,舒华体育,2025-07-28,10.0541,3.9694,2670.646327,16.460839235776668,3752.412642203257,4165926004.14,0.7193367415225363,-0.2973240832507384,False
605299,舒华体育,2025-06-11,7.2549,11.9923,4283.195669,8.385480007096028,2376.702742722332,4476938161.62,0.676409945096691,1.2670565302144388,True
605299,舒华体育,2025-04-14,10.0621,1.3946,2005.0399,40.07145287363158,5682.3688876162205,3640834918.14,0.8525946103302151,-3.267211201866993,False
605299,舒华体育,2025-02-05,10.0613,1.557,2166.9019,38.459353615777744,7339.124624063654,3686037157.53,0.7620159459459002,3.333333333333344,True
605303,园林股份,2026-05-28,-10.0072,2.0632,-59.161030000000096,-0.7087118929189007,5306.247477668687,4045446566.72,0.4933219106732063,6.886227544910173,True
605303,园林股份,2026-04-03,10.031,5.8394,4815.5125,30.003556553980943,5253.727247637194,2865188740.16,0.7855454341246466,-4.842105263157903,False
605303,园林股份,2025-12-02,-9.9958,8.7748,-5086.4127,-16.5834233428361,3460.763264825149,3455317653.44,0.2604080072250485,-10.619047619047617,False
605303,园林股份,2025-10-17,10.0292,9.493,5750.6567,20.95956495273828,4038.8166251396974,3042549888.96,0.7594765608108454,-3.179487179487184,False
605303,园林股份,2025-08-28,-9.9908,19.5434,-842.4710230000001,-1.3452874857917785,1690.6142168455383,3166702693.12,0.4602130553384939,-9.862142099681858,False
605303,园林股份,2025-08-27,-9.9835,30.6159,-1852.398408,-1.646582918262125,1745.2613861562209,3518200242.56,0.4528270397969276,-3.971486761710796,False
605303,园林股份,2025-08-27,-9.9835,30.6159,-1852.398408,-1.646582918262125,1745.2613861562209,3518200242.56,0.4528270397969276,-3.971486761710796,False
605303,园林股份,2025-08-26,9.9819,29.3634,-1552.7933,-1.549206139520445,2142.899702168923,3908394769.92,0.4638525746689771,-21.37710168134508,False
605303,园林股份,2025-08-20,10.0332,15.0889,-1120.9474,-2.9528363128726878,4205.476084061969,2670091476.48,0.464892960346827,14.188034188034182,True
605303,园林股份,2025-03-17,-7.3944,11.5953,-563.40305,-2.8158319670116625,1898.4031185495076,1696217532.16,0.4258368272918998,-2.715355805243436,False
605339,南侨食品,2025-11-21,10.0262,1.921,10240.660692,61.52596940948325,8425.05620190905,8893131311.36,0.8651368485562266,-1.8648018648018567,False
605339,南侨食品,2025-11-20,-9.372,4.1356,-4859.36449,-13.87559304894811,2789.8621339223014,8082736234.8,0.2513211695977204,14.339019189765455,True
605388,均瑶健康,2026-04-21,-4.3321,13.0807,-2712.75946,-4.105325795650036,1621.7006145848395,4773847800.0,0.3734252870496379,-1.7632241813602123,False
605388,均瑶健康,2026-04-17,10.0496,7.758,-675.4275,-1.6517462995450247,2456.722065581308,5326293080.0,0.4663831264699006,3.50877192982455,True
605388,均瑶健康,2026-04-15,10.0601,6.5838,4733.12975,17.01406808099291,3287.399205373856,4401547720.0,0.7587770303828677,14.597544338335622,True
605388,均瑶健康,2025-12-15,10.0418,3.6026,2657.05415,15.89029828370574,3068.2198346208297,4737818760.0,0.7589498005391367,-1.2210012210012169,False
605388,均瑶健康,2025-06-11,-10.0,11.2665,-8405.272328000001,-11.652559446049423,2549.6065405448,6215009400.0,0.271483182586292,-1.3626834381551212,False
605388,均瑶健康,2025-06-06,5.7971,19.7486,75.72775300000009,0.0607908040501598,2347.461177393499,6575299800.0,0.5012948202218547,11.014492753623184,True
605388,均瑶健康,2025-06-05,5.5046,20.6957,6896.550994,5.461077791119492,1852.392808872679,6215009400.0,0.6474060405806414,5.397148676171071,True
605388,均瑶健康,2025-06-03,10.0,15.9114,6752.719220999999,8.411343950327394,2122.449046919043,5812685120.0,0.6981518463903136,-9.792284866468847,False
605388,均瑶健康,2025-05-30,-5.478,17.9323,-3895.591611,-3.800926061977257,1546.528528920572,5284259200.0,0.3771142597469514,25.90286425902864,True
605388,均瑶健康,2025-05-29,10.0473,3.3002,2569.7294420000003,13.928438090967392,5254.993460478927,5590506040.0,0.6325257414278304,-12.906724511930602,False
605388,均瑶健康,2025-03-14,10.0629,6.0154,241.117896,0.9925508393034888,1971.9290835996,4203388000.0,0.525167001378459,-4.207573632538564,False
605398,新炬网络,2025-09-15,-10.0,15.919,-10413.948938,-11.097064296885884,2414.73067192196,5769922799.34,0.2702214904146353,0.0584795321637354,True
605398,新炬网络,2025-03-03,-10.0,9.8958,-3541.7533020000005,-5.947102430746538,2915.524756255209,5960300962.77,0.3980097421915707,1.394943330427223,True
605398,新炬网络,2025-02-17,-9.6985,16.9707,-3366.722024,-2.757153470679374,1439.3995339832638,6969142512.57,0.4042255674819667,-4.48309652131308,False
605398,新炬网络,2025-02-14,-10.0,3.5864,-419.67486900000006,-1.51623626985623,1415.2252514694037,7717637855.97,0.4464312741635317,-11.702357776335704,False
605398,新炬网络,2025-02-13,6.5292,22.7035,-7129.939519,-3.656557502378956,1191.7187418677927,8575153173.3,0.3465847110599268,-2.4889263868382194,False
605398,新炬网络,2025-01-22,10.021,6.5327,3357.8063340000003,15.724337560027424,3640.248240638762,3412162467.63,0.7159789184771125,11.077057793345023,True
605598,上海港湾,2026-05-19,-9.9787,3.3029,-1684.6596,-4.014101717622824,4206.210410562148,12299080703.49,0.4522836315137364,0.7919223916056151,True
605598,上海港湾,2025-12-24,10.0098,4.3789,12690.017485,22.37892238438558,4640.547347726254,13674555842.43,0.7411237372176652,6.409175240344078,True
605598,上海港湾,2025-11-26,-4.3079,10.4473,-22886.75714,-19.37779585108056,2980.915704746142,11390197837.83,0.1749690737609973,6.102003642987253,True
605598,上海港湾,2025-10-24,10.0179,1.5021,4103.2356,37.27406631372403,6052.825083913613,7472766876.75,0.8079063560979652,-2.083333333333337,False
605598,上海港湾,2025-08-15,-6.5985,13.1788,-8835.00565,-9.594966509635192,2630.861593058254,6879805862.79,0.3176459275745957,-3.527336860670194,False
605598,上海港湾,2025-08-12,-9.9845,13.9235,1820.98018,1.7775650676599828,2436.4183634942306,7054777965.27,0.536479060704309,-3.5778175313059046,False
605598,上海港湾,2025-01-06,0.5089,4.6047,-823.8299400000001,-3.165698694745479,2087.3101784838523,5759499131.7,0.4241679859711859,17.82742006132283,True
688001,华兴源创,2026-05-25,20.0029,3.3945,1979.642664,0.5016736151289904,2766.3578923664663,38927741848.45,0.5090674026038591,-4.936343982704782,False
688001,华兴源创,2026-05-25,20.0029,3.3945,319.58159700000004,0.2454383334852691,3763.812736433279,38927741848.45,0.5032605013940977,-4.936343982704782,False
688001,华兴源创,2026-04-27,20.0,5.9479,7985.861089,5.404600601798466,3335.8605607062736,26962756181.46,0.5810075916460699,-3.528428093645486,False
688002,睿创微纳,2026-01-23,19.9981,3.3449,3303.177487,1.7928979691242977,4117.529228582915,56751982060.18,0.5217715269229715,-3.131782945736439,False
688006,杭可科技,2026-05-28,19.9878,9.1736,6931.952915000001,3.3800445703740114,5010.122114594042,23808829674.88,0.5337321575508932,-2.475000000000005,False
688006,杭可科技,2025-09-10,5.8839,7.0042,-0.01,-7.493313978203239e-07,19999.99992506686,24985990371.28,0.4999999981266715,-1.8104098566758984,False
688006,杭可科技,2025-09-05,19.9875,7.9461,-6409.981858,-1.943452249197612,2008.9031593801203,23265524738.08,0.4516290210375971,-0.2835782418148969,False
688006,杭可科技,2025-09-01,17.1329,9.2277,-1932.330244,-0.8641268618371185,2435.3448525488952,18200715382.8,0.4822586345228951,1.0111223458038276,True
688006,杭可科技,2025-08-29,20.0,3.9327,6534.879731,11.137696557544777,3757.155251269184,15538521192.48,0.6482198074431766,9.929603556872934,True
688041,海光信息,2025-09-11,20.0022,3.3377,15511.436749,0.9696484300442424,2854.027347122782,513306824016.44,0.5169873710394151,7.519807255710509,True
688041,海光信息,2025-08-22,20.0,3.2334,44926.925885,3.375431002461161,2919.366842171537,432466345211.46,0.5578110115128659,3.666258169934644,True
688055,龙腾光电,2026-05-22,7.9777,4.2057,549.931786,0.4783835467841026,1302.048290545316,19400000388.0,0.5183704225971429,-2.6642984014209503,False
688055,龙腾光电,2026-05-21,20.0445,2.2427,2711.77724,6.790475925760379,2009.4508082006244,17966667026.0,0.6689634774349354,10.392156862745106,True
688055,龙腾光电,2026-03-05,20.0565,1.6491,2976.951959,12.978361748571462,4202.4518639748085,14166666950.0,0.6544141630726036,0.9456264775413504,True
688069,德林海,2026-05-07,20.0,15.3058,387.241465000001,0.4136140776507195,4574.944213900173,6346080000.0,0.504520427554002,1.8957345971564177,True
688069,德林海,2026-05-07,20.0,15.3058,925.558465000001,0.9214957744296952,4392.37536140663,6346080000.0,0.5104897202380103,1.8957345971564177,True
688082,盛美上海,2026-06-17,20.0,2.5104,58719.644913,14.852691474217714,4141.291109403863,172441588603.2,0.6793244073145556,0.1573281810654192,True
688082,盛美上海,2025-08-26,10.1639,2.5582,2596.765079,0.4791111746416742,2610.251074255389,73266065880.0,0.5091774921456234,-3.568796068796065,False
688082,盛美上海,2025-08-22,19.9983,2.5283,16585.550027,11.244892016682977,3424.7297831207875,62018852552.35,0.6641719599617004,1.9867549668874276,True
688098,申联生物,2025-08-19,20.0312,4.7639,1614.874494,5.456599075043023,3782.587394648198,6323917600.0,0.5721278652115653,-8.227848101265822,False
688098,申联生物,2025-08-01,19.9434,7.257,3857.138767,15.988206239196847,4542.11396896982,3482261120.0,0.6759996154700525,-4.952830188679247,False
688107,安路科技,2025-03-04,20.0,3.1266,3370.0096200000003,8.220337642696851,3824.962973948679,14190067591.8,0.6074564342019059,1.6393442622950838,True
688108,赛诺医疗,2026-05-29,20.0215,13.8038,12735.982965,10.337265058430868,2365.4264413243764,9320329600.0,0.7185074301579877,-4.65934065934065,False
688108,赛诺医疗,2026-01-05,20.0104,14.8827,10914.915518000002,7.957729959579669,2801.140776649834,9606548320.0,0.6420444489244329,-4.999999999999993,False
688108,赛诺医疗,2025-10-29,-18.5788,18.6157,-5123.306159000001,-3.2319536386513263,2897.493351234709,8533144480.0,0.4442284546179529,-0.2439024390243904,False
688108,赛诺医疗,2025-08-22,-4.4418,14.5437,-17080.307662,-2.292044509414356,1056.16366840752,13604769600.0,0.3914919828254321,3.125,True
688108,赛诺医疗,2025-08-18,19.9884,15.2764,-14226.750555,-2.927627149002331,1182.4122888043798,17257671040.0,0.3762010858343387,-6.208842897460021,False
688108,赛诺医疗,2025-08-18,19.9884,15.2764,-0.01,-6.204754503583001e-07,20000.000062047544,17257671040.0,0.4999999984488114,-6.208842897460021,False
688108,赛诺医疗,2025-08-15,13.7171,17.1997,-0.01,-5.624921904990502e-07,20000.00005624922,14382779360.0,0.4999999985937695,17.134986225895332,True
688108,赛诺医疗,2025-08-13,17.4831,30.1313,21553.443922,2.4746033089264303,2044.305919699129,12273416000.0,0.5605242905447985,9.512109512109523,True
688108,赛诺医疗,2025-08-13,17.4831,30.1313,-15161.409703,-4.3644388142853225,2856.294974461915,12273416000.0,0.4235996482627372,9.512109512109523,True
688108,赛诺医疗,2025-08-13,17.4831,30.1313,0.0,0.0,20000.0,12273416000.0,0.5,9.512109512109523,True
688108,赛诺医疗,2025-08-11,20.0098,21.9128,21703.799654,9.951495025559172,2647.191044470489,10205657440.0,0.6879632950244766,2.329133256968308,True
688109,品茗科技,2026-05-20,-0.6885,1.0186,-0.01,-2.494577599037413e-06,19999.99975054224,7164399801.0,0.4999999937635559,-9.760406315557011,False
688109,品茗科技,2025-12-16,-11.6213,5.8295,-4282.513763,-2.1661418439242786,2069.919844714052,8831914446.0,0.4476757071184193,10.514060540927828,True
688109,品茗科技,2025-12-15,-18.6718,6.332,-5078.019547,-7.532570002716047,2652.2577023495205,9993261525.0,0.3579970189917204,-12.47844489731933,False
688109,品茗科技,2025-11-12,-0.0966,4.0738,-0.01,-6.931358953294929e-07,19999.99993068641,11412422925.0,0.4999999982671602,0.0,False
688109,品茗科技,2025-10-15,18.0,7.674,2338.2911710000003,3.4345354781671977,2339.790160590808,9303391400.0,0.5733940918295845,9.439064817238084,True
688109,品茗科技,2025-10-14,-15.6972,6.6151,-2558.515963,-4.517086898781868,2893.041221316633,7884230000.0,0.4219318607440006,10.582674126953506,True
688112,鼎阳科技,2026-04-08,18.7653,3.6349,1299.20966,4.831711964869193,4982.860622955965,7737256887.84,0.5484833144098951,0.2103049421661396,True
688114,华大智造,2025-03-04,19.9975,4.6388,-4476.532765999999,-5.03418108704678,3231.416863129304,20711943205.03,0.4221056691185971,-2.3337102909427365,False
688114,华大智造,2025-02-07,15.425,4.7975,13108.031243,11.876561291581115,5269.17348871163,11711286895.0,0.6126985220454856,17.962466487935647,True
688115,思林杰,2026-01-19,-16.3713,5.8941,-2177.765188,-8.992797916485145,3874.906679957732,3964198200.0,0.3839611033344519,-8.728813559322035,False
688115,思林杰,2025-10-22,20.0038,3.7384,982.403414,6.729486501686134,4725.4656036343495,4187542700.0,0.5712044808506329,-6.128886885984663,False
688115,思林杰,2025-08-04,17.3613,6.6112,-1718.238547,-8.799994607038505,4740.541219280477,3156248550.0,0.4071836505582143,1.7998363785110438,True
688125,安达智能,2026-05-25,-1.8023,1.912,0.0,0.0,20000.0,15578232655.2,0.5,-8.217616580310882,False
688125,安达智能,2026-02-25,17.7981,1.9491,840.0423699999999,2.497321074483601,4670.763503731227,18215177333.28,0.5267335423051137,0.946655300821031,True
688125,安达智能,2025-12-23,15.5095,5.0134,-766.693537000001,-1.7659642068492003,5540.458684911048,9010377880.8,0.484063014388514,9.36757013789824,True
688125,安达智能,2025-12-23,15.5095,5.0134,-104.255968000001,-0.1515247722644019,5269.093483761326,9010377880.8,0.4985621362314847,9.36757013789824,True
688125,安达智能,2025-12-22,17.613,3.3486,-1324.80155,-5.217900868664469,6386.490135508507,7800552890.64,0.4591489162438907,6.957583155324998,True
688136,科兴制药,2025-07-03,4.4776,5.7498,-5142.944002,-2.569025646328285,2527.0867566359934,9782470250.0,0.4491702127047644,2.592285358772295,True
688136,科兴制药,2025-07-01,15.6201,8.3156,3306.266988,4.767086213275421,3134.989271317578,8822191027.5,0.576030343339451,5.020632737276487,True
688136,科兴制药,2025-06-03,14.9749,2.5991,2357.988586,2.6172267251886425,3082.0435218718744,12323916092.5,0.5424592759092363,-11.427102963851288,False
688136,科兴制药,2025-05-20,15.5611,3.4637,4884.674142,17.543079994598454,4604.007782679712,8347042472.5,0.6905196605074774,1.540683678382293,True
688136,科兴制药,2025-04-21,19.6033,3.9071,3501.618569,12.116528471753163,3820.3835541213134,8185332250.0,0.6585773823505524,-1.7125837676842837,False
688136,科兴制药,2025-04-14,16.8333,4.2262,14692.956338,22.261920136847653,5245.787047957286,6997460862.5,0.7121885613476863,-0.346921075455342,False
688136,科兴制药,2025-04-14,16.8333,4.2262,5636.894351,19.573813972013472,6853.352894666114,6997460862.5,0.6428046554209075,-0.346921075455342,False
688158,优刻得,2026-03-10,13.6844,36.8391,51777.632967000005,6.790589214676918,1764.3363775615353,20918398913.72,0.692440322067782,0.0388500388500467,True
688158,优刻得,2026-03-10,13.6844,36.8391,52605.968745,4.901531827439292,1411.0661609449855,20918398913.72,0.6736818571340679,0.0388500388500467,True
688158,优刻得,2026-01-26,19.9939,30.4127,13710.221142,1.5676237499788612,2222.1865534330805,15866194020.04,0.5352721005254266,16.216216216216207,True
688158,优刻得,2026-01-26,19.9939,30.4127,-837.106938,-0.1805037156913441,2377.8230251529444,15866194020.04,0.4962044333455023,16.216216216216207,True
688158,优刻得,2026-01-26,19.9939,30.4127,-837.106938,-0.1805037156913441,2377.8230251529444,15866194020.04,0.4962044333455023,16.216216216216207,True
688158,优刻得,2025-12-26,19.9919,24.6293,40792.005787,14.292215640675138,2343.4819986675507,12046629806.68,0.8049354688621752,0.0344946533287426,True
688158,优刻得,2025-02-14,14.3666,33.9224,0.01,4.283325793109385e-07,19999.999957166743,15434866149.96,0.5000000010708314,-4.517611026033697,False
688158,优刻得,2025-02-14,14.3666,33.9224,8539.469159999999,0.6547124956488429,832.7808743770433,15434866149.96,0.5393088095436027,-4.517611026033697,False
688158,优刻得,2025-02-14,14.3666,33.9224,0.0,0.0,20000.0,15434866149.96,0.5,-4.517611026033697,False
688158,优刻得,2025-02-14,14.3666,33.9224,1791.861584,0.3456154367480584,1264.3055659705751,15434866149.96,0.5136681924864713,-4.517611026033697,False
688158,优刻得,2025-02-13,10.8724,31.6916,11861.272095,2.8253315341284053,1146.4153848814335,13495954113.4,0.6232245995381774,15.507075471698116,True
688158,优刻得,2025-02-12,8.4588,31.006,1847.224179,0.5046589445460788,1281.1235596119348,12172505856.08,0.5196959512905588,14.208754208754224,True
688158,优刻得,2025-02-11,-2.7197,42.7673,-774.186956,-0.146796598698494,1491.971317486403,11223163033.2,0.4950804483645902,1.7123287671232834,True
688158,优刻得,2025-02-10,20.0,35.7957,37655.772373,9.325793362935196,2624.8550029236158,11536928881.44,0.6776439718107846,-2.699100299900037,False
688158,优刻得,2025-02-10,20.0,35.7957,36258.353713,7.782986930256162,2308.08303036048,11536928881.44,0.6686028368104375,-2.699100299900037,False
688158,优刻得,2025-02-10,20.0,35.7957,0.01,1.832039632440087e-06,20000.00018320396,11536928881.44,0.5000000045800991,-2.699100299900037,False
688158,优刻得,2025-02-10,20.0,35.7957,37655.772373,9.325793362935196,2624.8550029236158,11536928881.44,0.6776439718107846,-2.699100299900037,False
688167,炬光科技,2026-06-15,20.0012,8.6661,-15284.688882,-1.2889495537968063,2772.597818875872,51829146590.46,0.4767555621478596,0.3202081352879249,True
688167,炬光科技,2026-06-15,20.0012,8.6661,8571.387481999991,2.0218672792711243,3100.9927595136637,51829146590.46,0.5326003224784733,0.3202081352879249,True
688167,炬光科技,2026-06-11,20.0014,4.1876,22758.750741,12.493362943387083,4091.886446279186,44098891713.06,0.6526601862906959,-7.258064516129037,False
688167,炬光科技,2026-05-11,9.9991,10.0236,-35331.398548000005,-3.024722661589626,3259.2484578612925,42961838424.4,0.4535978508435893,-5.5296805007564735,False
688167,炬光科技,2026-05-07,19.9994,10.0815,11890.65357,3.319939246496742,3494.6371783664545,37952169961.4,0.5475004854158941,6.994207974137945,True
688167,炬光科技,2026-02-09,17.6382,11.1805,19059.093,5.722641417147177,3451.61061396926,30972780732.32,0.5828981315851022,0.7492894668848615,True
688167,炬光科技,2026-02-03,18.0575,10.6034,8750.636335,1.358774502318646,2882.0418318855127,27065688628.8,0.5235731224870823,0.3891242242143544,True
688167,炬光科技,2026-02-03,18.0575,10.6034,3571.179231,1.3022920908050617,3455.6411338452767,27065688628.8,0.5188429880355651,0.3891242242143544,True
688167,炬光科技,2026-01-30,16.7655,8.4884,11052.04957,6.174154836740369,3446.12874407014,22642802857.52,0.58958102403116,5.562579013906444,True
688167,炬光科技,2025-12-17,17.3406,12.9027,23767.871153,11.734594670693683,5485.494402561087,16715668654.48,0.6069602282814744,-1.086015581962696,False
688167,炬光科技,2025-09-11,20.0,10.77,8945.346039,6.922271385257363,4332.69016322541,13026036599.04,0.579884218862585,3.81146348559791,True
688167,炬光科技,2025-09-04,-15.2031,11.3509,-1555.647263,-1.2606093373177407,2837.341134865624,10109196450.0,0.477785375860745,8.267716535433077,True
688167,炬光科技,2025-08-06,16.2096,12.4517,7287.420222,6.699223692354675,2992.508776469808,8986850995.24,0.6119332338309394,1.5918542951383952,True
688168,安博通,2025-02-13,3.7908,23.7002,-115.141731,-0.0603722748926368,1785.7745001495657,4881837476.48,0.4983096333023128,6.976744186046524,True
688172,燕东微,2026-05-28,20.0,4.6001,12112.278756,4.5601915642990845,4414.134615624268,60838189407.3,0.5516544233625978,-8.993169744497854,False
688172,燕东微,2026-05-28,20.0,4.6001,2403.7486320000203,0.3754059805396644,4019.0589816503953,60838189407.3,0.504670321862078,-8.993169744497854,False
688172,燕东微,2026-01-28,17.5584,4.1636,19841.908618,13.86326090243383,6245.808642101245,36435250098.0,0.6109805126672108,-5.517389437526832,False
688172,燕东微,2025-12-12,16.8357,6.0815,9685.428058,9.822276931345977,4217.0467029894,16855252156.8,0.616459190793205,-2.832556471853709,False
688172,燕东微,2025-10-09,18.4834,12.8817,-6258.073216,-2.774965692903665,3626.4370173077255,19020683857.5,0.4617397781946892,-11.13287626509958,False
688178,万德斯,2025-03-24,19.9766,1.9108,783.36,23.55148279096616,13030.61365658898,1740755845.12,0.5903698145446022,-3.040224508886802,False
688182,灿勤科技,2026-05-21,-15.7953,7.5057,-3710.803473,-3.047313441121365,3046.356970164556,15140000000.0,0.4499843013972726,2.525651144435681,True
688182,灿勤科技,2026-05-19,20.0109,3.1277,4530.298842,8.354464940117376,3695.696508027134,17536000000.0,0.6130296403123375,1.3962005035477176,True
688182,灿勤科技,2025-04-18,20.0177,4.0021,-605.478816,-1.500050703735443,3283.5986566210545,10864000000.0,0.4771584340749022,-0.5303030303030143,False
688182,灿勤科技,2025-02-25,19.9803,5.7921,1828.782172,3.437665800662689,3739.4382124865856,9728000000.0,0.5459650033684709,7.506255212677226,True
688183,生益电子,2026-05-26,20.0036,9.2718,-32094.980019,-3.305807752044179,3340.004914362582,109883577217.5,0.4505119328144002,-3.5978352008537278,False
688183,生益电子,2025-10-28,8.5407,5.8588,-7804.65894899998,-0.6570042511842465,2088.687979466226,87424405492.5,0.4842723217243739,2.4798624309892325,True
688183,生益电子,2025-06-18,16.3061,3.3245,1511.208542,1.1532690145794755,4909.070294600111,41591058750.0,0.5117463078074891,-3.6499294212542943,False
688183,生益电子,2025-06-06,7.9958,4.3731,42297.201304,12.901518482312571,4925.563790563205,34379169162.75,0.6309648908316886,0.7217521154803341,True
688183,生益电子,2025-06-05,20.0063,4.2081,19288.218668,15.361379905841735,5187.346551605226,31833796367.25,0.6480658729180929,5.21078816444096,True
688187,时代电气,2026-05-13,19.996,3.2185,17373.105299000003,11.218363379655967,4609.183300024344,51517526386.48,0.6216957826302626,-6.377049180327865,False
688196,卓越新能,2026-05-12,-3.5359,1.5384,0.01,2.646450186688536e-06,20000.00026464502,6419319423.65,0.5000000066161254,-0.1972386587771213,False
688196,卓越新能,2025-11-07,20.0076,4.6725,2010.729243,5.9776648501354295,3988.8853828346273,7564800000.0,0.5749290124486794,-2.276707530647981,False
688211,中科微至,2025-05-28,15.4506,4.5784,703.015014,3.406296688404157,2600.743906711133,4602356169.06,0.5654869685480051,4.117647058823515,True
688216,气派科技,2026-06-10,20.0125,9.8573,-3096.185307,-7.9626551885449555,4172.899923952964,4078507233.52,0.4045908680575069,4.945945945945951,True
688216,气派科技,2026-01-28,19.9929,3.8926,681.555446,4.968101377469908,3818.773749273797,3610528795.85,0.5650483859958275,-3.8285714285714367,False
688227,品高股份,2026-04-20,15.0947,20.9667,27892.822944,10.09613557813819,3512.098438471584,13189028381.5,0.643733664574218,-7.6301381767619585,False
688227,品高股份,2026-04-20,15.0947,20.9667,33168.114006,10.18244060178975,3219.0370270494705,13189028381.5,0.6581597309416918,-7.6301381767619585,False
688227,品高股份,2025-11-26,18.9855,17.8351,7795.486211,3.43170292093,1967.754385119233,9494381994.5,0.5871984569538149,-3.611764705882348,False
688227,品高股份,2025-11-26,18.9855,17.8351,2136.24818,1.3538429685313074,2010.892813253546,9494381994.5,0.533662733279673,-3.611764705882348,False
688227,品高股份,2025-11-25,19.9932,8.6949,0.01,4.005024222787002e-06,20000.000400502424,7979441309.5,0.5000000100125603,10.389610389610391,True
688227,品高股份,2025-11-25,19.9932,8.6949,6820.542481999999,9.832201997335137,4332.620247564381,7979441309.5,0.6134671565418454,10.389610389610391,True
688227,品高股份,2025-04-09,15.2713,4.727,908.248027,10.163489321179268,4371.921239920415,2056224734.48,0.6162359608445769,-3.5013582855418117,False
688227,品高股份,2025-02-07,19.9878,14.3955,3555.121887,10.585269047173844,4540.33151360287,2527977042.64,0.6165693409771983,-2.7283511269276306,False
688228,开普云,2026-02-02,-20.0,6.0281,-19183.969080000003,-22.28538615789984,5077.65576991928,13229140838.4,0.2805543821036325,-8.999999999999996,False
688228,开普云,2025-12-17,20.0,5.2927,17168.161145,23.182461251301028,3832.961971965257,15077329632.0,0.8024092258266626,-3.38751069289992,False
688228,开普云,2025-10-14,-17.17,12.0151,-8991.407375,-5.060688005694099,3814.7741700926495,12963502080.0,0.4336698873898059,-1.9812304483837415,False
688228,开普云,2025-10-14,-17.17,12.0151,-8991.407375,-5.060688005694099,3814.7741700926495,12963502080.0,0.4336698873898059,-1.9812304483837415,False
688228,开普云,2025-09-22,14.561,9.4075,0.0,0.0,19999.99988924453,14448903360.0,0.5,-10.115942028985502,False
688228,开普云,2025-09-15,13.7078,11.3463,30087.351295,9.12231628845187,3392.589812819908,12355162737.6,0.6344447279476653,-3.554945054945058,False
688228,开普云,2025-08-29,16.5152,18.7775,0.0,0.0,20000.0,10384305312.0,0.5,1.0272807673991302,True
688228,开普云,2025-08-29,16.5152,18.7775,1444.517731,0.8381646288307919,2857.534869715595,10384305312.0,0.5146658687828053,1.0272807673991302,True
688228,开普云,2025-08-29,16.5152,18.7775,1444.517731,0.8381646288307919,2857.534869715595,10384305312.0,0.5146658687828053,1.0272807673991302,True
688228,开普云,2025-08-28,16.095,20.0971,-1234.69448,-0.5438532503206446,2062.895080209353,8912407680.0,0.4868182038064327,13.575954257456369,True
688228,开普云,2025-02-05,20.0081,12.2094,3677.895681,7.987942774909331,3072.4396535940577,3988977619.2,0.629993485235182,-0.5825908156271375,False
688228,开普云,2025-02-05,20.0081,12.2094,2002.595654,1.9349479391010869,2194.5162638978663,3988977619.2,0.54408597855785,-0.5825908156271375,False
688231,隆达股份,2026-05-18,17.8571,3.7633,8950.01764,20.09523921145988,5075.334610894069,12626742864.45,0.6979695995641941,-6.824408468244092,False
688234,天岳先进,2026-05-14,15.2561,7.4472,13301.747781,1.1927392616707138,3240.509096423338,72621166436.0,0.5184035783603752,-11.764705882352944,False
688234,天岳先进,2026-01-16,19.9978,4.9677,16852.689281,7.479244538881405,2923.547681096317,47779570982.36,0.6279138456889598,-2.066486972147352,False
688234,天岳先进,2025-09-05,20.0,6.9883,-2862.820689,-1.326537229516343,3312.5275498217056,33208069480.32,0.479976963065745,-3.691358024691349,False
688256,寒武纪,2025-08-22,20.0,3.3742,-67822.088373,-4.113241734486923,3527.984767870965,520092998476.8,0.4417055060448979,-0.8330793457279273,False
688256,寒武纪,2025-08-14,10.3488,3.6025,168829.769274,4.1669181499859205,3250.5610822265594,397014362576.0,0.5640953676085311,2.954908961662106,True
688256,寒武纪,2025-08-12,20.0,4.5804,92646.861773,6.124977060175737,3407.1929206763352,355129138149.12,0.5898830386592832,4.216672655407838,True
688256,寒武纪,2025-02-21,19.9997,3.9603,153070.374405,13.546670142902286,3459.300540120268,309840576644.13,0.6958007115281073,4.838354077726348,True
688266,泽璟制药,2025-10-31,16.1449,3.5247,18653.788888,20.18006578555208,6482.5765692007,27497886361.68,0.6556484953947893,-0.2270362311985518,False
688280,精进电动,2026-05-13,1.5038,3.3891,0.0,0.0,20000.0,3513672978.75,0.5,-4.289940828402372,False
688280,精进电动,2026-05-06,-2.4725,11.325,0.0,0.0,20000.000000000004,3695863429.5,0.5,-0.2816901408450589,False
688280,精进电动,2026-01-30,19.9785,14.7452,-43.9148060000002,-0.0539098084858331,4021.8577133227855,5814478099.65,0.4993297897100232,-3.53901996370235,False
688280,精进电动,2025-08-27,20.0,12.5088,5456.355353,8.733934637415654,2102.8577722714035,5309550279.0,0.7076682206610123,-5.16194331983807,False
688280,精进电动,2025-05-07,20.0477,17.697,0.0,0.0,20000.0,5236674098.7,0.5,-10.97308488612837,False
688280,精进电动,2025-05-07,20.0477,17.697,1192.354459,1.3070682591058145,2128.253650536408,5236674098.7,0.5307075300628846,-10.97308488612837,False
688280,精进电动,2025-05-07,20.0477,17.697,2552.532411,1.841454020324633,1664.003011144894,5236674098.7,0.5553320519251238,-10.97308488612837,False
688281,华秦科技,2026-05-14,20.0051,1.2728,24978.6,75.86904232897604,7586.904232897604,25866957057.5,,-6.084773297888035,False
688281,华秦科技,2026-05-14,20.0051,1.2728,16107.393834,48.92398071153842,11656.701844984604,25866957057.5,0.709853444662773,-6.084773297888035,False
688281,华秦科技,2026-01-12,12.2854,3.7525,8453.091163,3.943823705563354,4168.181647444252,28350075906.75,0.5473086832477843,-6.600080982588741,False
688282,理工导航,2026-01-12,20.0,4.5154,2020.936315,2.804195123460627,4708.187108982143,8289600000.0,0.5297799881201712,-13.479166666666664,False
688282,理工导航,2025-11-28,15.8193,3.2098,3885.821664,26.41680136726477,5090.892714039617,4851440000.0,0.7594515623400663,-5.459363957597175,False
688282,理工导航,2025-10-13,18.8246,7.1064,12838.874854000002,35.28889086971102,5937.819728328688,5515840000.0,0.7971536059048037,-9.685456244160696,False
688282,理工导航,2025-10-13,18.8246,7.1064,10416.732781,20.148080256676533,5091.894617053833,5515840000.0,0.6978446312419384,-9.685456244160696,False
688283,坤恒顺维,2026-01-28,16.5455,4.9279,786.530763,2.3309366857599416,4971.912981075845,7223958000.0,0.5234410446706527,-4.561403508771933,False
688295,中复神鹰,2026-04-20,16.8522,4.4889,-26837.200536,-11.445806741020991,3723.935974843894,54792000000.0,0.346321112683727,1.4551607445008496,True
688295,中复神鹰,2026-03-17,20.0,5.1059,1677.3439529999998,0.3556359749745523,1866.7258694126117,53460000000.0,0.5095256615018265,4.737031700288186,True
688295,中复神鹰,2026-03-17,20.0,5.1059,0.0,0.0,20000.0,53460000000.0,0.5,4.737031700288186,True
688295,中复神鹰,2026-03-17,20.0,5.1059,1226.889606,0.4866705352588232,2275.583444652212,53460000000.0,0.5106933133215249,4.737031700288186,True
688295,中复神鹰,2026-03-12,20.0055,3.3976,-3930.123948,-1.790407131663709,4233.317778633117,38925000000.0,0.4788533813750003,2.326621923937356,True
688295,中复神鹰,2026-03-12,20.0055,3.3976,9827.822072,7.455968795431837,5336.610219429312,38925000000.0,0.5698567863199606,2.326621923937356,True
688303,大全能源,2026-06-04,19.9786,2.3866,11035.746489,10.021271162430592,4349.344014368632,48181320561.04,0.6152043978278563,-8.427219468228941,False
688303,大全能源,2025-07-02,15.6844,7.2283,5996.379540999999,6.587910675738863,2407.536212867893,13126760945.0,0.6368185168000287,1.5293118096856295,True
688308,欧科亿,2026-03-31,-17.6458,19.352,12961.121967,5.053350325702343,2913.620315431205,12419905199.76,0.5867194379950372,1.1154219204655649,True
688308,欧科亿,2026-03-30,19.3966,25.5679,-20128.466197,-5.3040558926714585,2478.465615622907,15081086625.84,0.3929971862583536,-7.915596739979891,False
688308,欧科亿,2026-01-19,20.0,4.8128,4307.433243,14.624381804304916,3514.0885180102514,6316336344.24,0.7080821488894301,-6.476190476190469,False
688313,仕佳光子,2025-10-17,-18.5761,10.9881,-17582.750565000002,-6.194185508535649,3064.3585020885025,24977198736.32,0.3989317747203203,6.462708182476473,True
688313,仕佳光子,2025-04-25,18.3599,19.8899,4180.591891,1.8591617910603349,2627.2150859936264,11919684481.44,0.5353827480850734,2.128498226251474,True
688313,仕佳光子,2025-04-22,13.0876,24.0919,26518.103265,10.444127019042003,2450.747031688495,9712845283.76,0.7130804788090735,-0.7755474452554867,False
688313,仕佳光子,2025-01-07,17.4,11.245,4231.63,4.928997936325803,2580.508278633407,8079508996.08,0.5955044007635604,3.132387706855777,True
688314,康拓医疗,2026-05-20,-2.1429,1.5473,0.0,0.0,20000.0,3450227634.84,0.5,-5.235726131248519,False
688314,康拓医疗,2025-02-26,16.1723,3.815,685.882468,6.994175973437971,4476.703710199787,2672768758.8,0.5781174769004964,1.938461538461556,True
688315,诺禾致源,2025-02-17,13.0409,7.757,-5804.328061,-6.505806205856554,3603.5373298290942,8045146000.0,0.4097302787457857,-5.567338282078483,False
688315,诺禾致源,2025-02-14,20.0,4.1019,986.143783,3.626623267537738,4565.736897423818,7117020000.0,0.5397156400928844,5.480984340044737,True
688316,青云科技,2026-03-09,20.0,25.2536,7321.38663,7.262662916456408,2632.076966868988,4287840508.08,0.6379644859909964,-3.8643100230541294,False
688316,青云科技,2026-01-22,19.9969,20.4255,5600.174892,8.002404779001203,3231.7535379169963,3681929176.23,0.62380902016679,7.01434159061276,True
688316,青云科技,2025-07-23,15.0938,24.5212,9791.235759,10.593019268855846,2791.9024075467305,3929134353.6,0.6897096983086172,1.1140317937163635,True
688316,青云科技,2025-06-06,15.3142,38.5829,-3419.131022,-2.566714199481227,1500.1044254567755,2446723055.4,0.4144488158316154,6.400984766887241,True
688316,青云科技,2025-06-06,15.3142,38.5829,-1949.941058,-2.147178514440102,1586.7866222550665,2446723055.4,0.4323419266231071,6.400984766887241,True
688316,青云科技,2025-06-06,15.3142,38.5829,-1949.941058,-2.147178514440102,1586.7866222550665,2446723055.4,0.4323419266231071,6.400984766887241,True
688316,青云科技,2025-06-05,20.0041,21.5734,142.00905500000002,0.3349560881699167,3071.63870614242,2121787306.6,0.5054524004971693,6.540983606557371,True
688316,青云科技,2025-02-24,-15.1531,27.7678,-1066.1525279999998,-1.2189012045845622,1571.2869878732108,2988761893.0,0.4612132852244138,5.735660847880286,True
688316,青云科技,2025-02-21,-2.2346,32.7271,-538.927537,-0.4747186579035385,946.2176960505936,3522533560.0,0.4749149344868015,-14.068359584270862,False
688316,青云科技,2025-02-20,3.3935,31.4079,-111.479616,-0.0983632937417065,985.1455322061046,3603048612.8,0.4950076770118708,-6.8841664172403565,False
688316,青云科技,2025-02-17,-7.3714,33.2648,650.649762,0.5554462237112666,1331.853187821992,3495934837.2,0.5208523818086737,-1.2752391073326153,False
688316,青云科技,2025-02-14,6.3507,43.1485,1128.9245119999998,0.7069916707806229,1051.9305079038377,3774143100.0,0.5336044855372354,-13.661803835214236,False
688316,青云科技,2025-02-13,-2.9394,47.8696,-1277.879975,-0.7725790039251667,1207.2335836329423,3548772840.6,0.4680020911280385,17.19354838709677,True
688316,青云科技,2025-02-12,19.9953,51.4539,0.01,4.759104142428946e-06,19999.999524089588,3656246058.4,0.5000000118977607,1.1859427701012004,True
688316,青云科技,2025-02-12,19.9953,51.4539,-10717.523946,-5.930503751661216,1972.0473221877928,3656246058.4,0.3496358661139555,1.1859427701012004,True
688316,青云科技,2025-02-12,19.9953,51.4539,-12482.126283,-7.159395592410476,1942.9149661457848,3656246058.4,0.3157563321823401,1.1859427701012004,True
688316,青云科技,2025-02-12,19.9953,51.4539,-12482.126283,-7.159395592410476,1942.9149661457848,3656246058.4,0.3157563321823401,1.1859427701012004,True
688316,青云科技,2025-02-12,19.9953,51.4539,0.0,0.0,20000.0,3656246058.4,0.5,1.1859427701012004,True
688316,青云科技,2025-02-11,20.0028,2.0914,3627.8762590000006,56.92992043976256,12711.209973118996,3046991529.4,0.7239358824225033,1.0000000000000009,True
688319,欧林生物,2026-03-18,15.0554,4.2751,4221.195295,8.283260865512638,4308.405096295075,12640661974.0,0.596129085826164,0.0,False
688319,欧林生物,2026-01-16,-15.2107,4.672,3922.417483,7.622365555938165,4805.734815578597,10033880175.0,0.5793048914312644,3.461538461538449,True
688319,欧林生物,2025-08-20,6.0878,4.2319,24014.088723,13.099296447536728,4656.788968408305,13423101923.0,0.6406473058624994,-3.539823008849541,False
688319,欧林生物,2025-07-18,18.9323,5.529,1838.523962,4.075325400018398,3602.069040897912,8760894973.0,0.5565692294310177,1.818181818181808,True
688336,三生国健,2026-05-19,-0.5097,0.7486,0.0,0.0,20000.0,39727172927.13,0.5,-2.163136547994593,False
688336,三生国健,2025-11-03,7.881,3.5776,-13198.034312,-5.168295083428315,3595.491673693853,48547209767.03,0.4281281177586676,-0.4873294346978585,False
688336,三生国健,2025-10-31,20.0,1.868,3510.041622,4.391850551227013,3912.580550964256,45000691457.28,0.5561247301367974,-6.078359575247161,False
688336,三生国健,2025-05-27,15.3093,3.4562,65.6997070000008,0.0545729349762663,1850.113370088134,36328683207.7,0.5014748538078416,-7.438650306748462,False
688336,三生国健,2025-05-22,20.0042,3.731,0.0,0.0,20000.000000000004,34965586605.17,0.5,-5.6574528545595415,False
688336,三生国健,2025-05-22,20.0042,3.731,-5942.227445,-3.5792182502304244,3490.344693292253,34965586605.17,0.4487268656143192,-5.6574528545595415,False
688336,三生国健,2025-05-22,20.0042,3.731,-5629.260834000001,-4.4487776773224805,3488.7302958074847,34965586605.17,0.436240733732431,-5.6574528545595415,False
688336,三生国健,2025-05-21,19.9898,1.3668,-4216.581154,-10.678873974743992,6446.650931512164,29136960861.32,0.4171750255427658,10.284900284900278,True
688369,致远互联,2025-02-05,13.3249,12.0291,2297.261676,2.9256768833794,3618.49819073164,3085094580.81,0.5404266732932627,-0.7633587786259555,False
688376,美埃科技,2026-01-16,20.0,4.2157,2919.222558,7.052136069034641,4642.124296078235,10304225010.0,0.5759580702631384,-5.656164723393697,False
688376,美埃科技,2025-12-23,20.0,6.8951,-9976.691169,-17.16920662283453,4680.898324586697,8681512410.0,0.3166035082128119,-1.5567200986436491,False
688379,华光新材,2026-05-07,17.5688,13.0049,8032.761087999999,9.462715565611092,4093.320959931694,6769926828.0,0.6155872659173176,7.04054054054053,True
688379,华光新材,2025-12-17,18.3394,11.8041,3171.114199,5.566880027961548,2748.791262858573,4981729256.0,0.6012605086312072,8.13145539906104,True
688379,华光新材,2025-08-08,16.8226,13.309,3180.826517,5.332800164502637,2909.6096863082907,4610576913.6,0.5916411604896202,-1.8637274549098135,False
688379,华光新材,2025-02-24,20.0085,4.3702,1485.964786,14.020876938885078,3806.404095778257,2555726202.4,0.6841748351736466,-0.3768413840356421,False
688383,新益昌,2026-03-05,15.9939,3.8959,1157.360746,3.918164480468436,6858.555474681381,7777473640.0,0.5285640649472946,-4.078947368421049,False
688387,信科移动,2026-01-26,-18.1527,13.2388,-22910.832171,-4.497744842956469,2682.585064813859,36100311880.0,0.416167712592768,1.0644257703081197,True
688387,信科移动,2026-01-12,20.0126,4.9211,25164.809902,5.27741191122439,2449.33713515381,38338934572.0,0.6077314314040518,-2.805611222444904,False
688387,信科移动,2026-01-12,20.0126,4.9211,8955.233773,4.812506457752912,3132.962637760782,38338934572.0,0.5768044023211293,-2.805611222444904,False
688387,信科移动,2025-12-26,9.3609,12.2436,24447.936858,3.6339346124336607,2020.965977526328,24503842980.0,0.5899058829501329,3.754266211604085,True
688387,信科移动,2025-12-25,15.4886,10.811,13541.51104,5.896216074905461,1967.156449607804,22406394692.0,0.6498664754417728,6.545454545454543,True
688425,铁建重工,2025-07-23,20.0675,0.925,2653.809832,7.554754062892853,6138.656710605426,37974498640.0,0.5615342608248552,-1.7615176151761558,False
688432,有研硅,2026-02-25,20.0,3.9126,6577.073047,8.0516970835111,3253.308250357621,22205360998.08,0.6237462985966057,0.0,False
688433,华曙高科,2025-02-20,17.9646,3.1877,4873.027886,20.430894816083168,8122.102739183279,8015876729.7,0.6257734325220909,9.396841832772452,True
688478,晶升股份,2026-06-22,15.2163,13.0077,3382.592399,1.673754499159286,2613.5903196840677,12823769777.28,0.5320202153825243,-1.630804077010195,False
688478,晶升股份,2026-06-18,20.006,4.0224,9405.301154,21.83602253507524,4245.8975251210695,11130168762.24,0.7571425994843409,0.3409090909090917,True
688478,晶升股份,2026-05-14,19.9965,4.8188,8218.833298,18.59879864123505,4288.721781538095,9498832490.4,0.71683382122499,-6.944444444444442,False
688478,晶升股份,2026-05-14,19.9965,4.8188,-2088.906305,-1.069059261907623,3347.12038131866,9498832490.4,0.484030164139384,-6.944444444444442,False
688478,晶升股份,2026-04-10,20.0,10.5028,1390.261107,3.7250904089166736,3903.148183327912,3710331640.08,0.5477190492642349,0.324324324324321,True
688480,赛恩斯,2026-04-20,16.9169,8.3696,5576.812526,7.398821039096329,3649.124367258141,9500206999.14,0.6013780333918245,-1.916617269314358,False
688480,赛恩斯,2026-03-03,-17.0541,6.5217,-14582.42226,-17.773921894516985,5191.019350367462,11702241734.04,0.3288012363770248,5.7847124242675685,True
688480,赛恩斯,2026-02-27,18.4,5.4953,8436.146217,5.295482432309265,4402.827976196604,14108274492.0,0.5601372851828268,-0.4917578611996154,False
688480,赛恩斯,2026-02-27,18.4,5.4953,10691.325418,15.904830122066713,5719.024275884393,14108274492.0,0.6390519549736233,-0.4917578611996154,False
688480,赛恩斯,2026-02-27,18.4,5.4953,10691.325418,15.904830122066713,5719.024275884393,14108274492.0,0.6390519549736233,-0.4917578611996154,False
688480,赛恩斯,2026-02-25,16.5392,4.9702,6385.45008,12.06947763920646,5552.441422551831,11331422897.73,0.6086862221561221,1.716738197424883,True
688480,赛恩斯,2025-12-10,15.1752,4.491,231.51777,1.0168528557756544,5653.471588940126,5201949588.03,0.5089931720693965,0.8098656359285972,True
688480,赛恩斯,2025-10-14,6.6258,9.3897,1100.228247,1.602022799626777,5579.391906716383,3883763068.57,0.5143566075516068,0.2806669968631325,True
688480,赛恩斯,2025-10-13,19.8529,9.268,-2460.649902,-7.696715346481231,7142.848993732588,3642424511.95,0.446122931107499,3.5207656810801518,True
688516,奥特维,2026-02-03,19.9959,4.4252,8132.180762000001,5.178818264773999,3395.6264905567955,36575126045.68,0.5762571837505721,-14.442518775274404,False
688519,南亚新材,2026-03-24,18.0274,3.6409,5972.94667,4.845353849867971,3074.6481423179043,36859047314.0,0.5787952576293034,-3.0201987816607767,False
688519,南亚新材,2025-08-18,19.9963,7.0877,-3475.591456,-3.275274365684962,5303.290854426909,15300026200.34,0.4691203588904525,-3.0672009864364917,False
688519,南亚新材,2025-08-18,19.9963,7.0877,-5288.342688000001,-2.8098557529051407,4654.222977360396,15300026200.34,0.4698139112954712,-3.0672009864364917,False
688519,南亚新材,2025-03-10,17.5509,4.0116,0.812898000000417,0.0025094773211114,4753.484810972207,8852711001.5,0.5000263961853345,8.867819297267143,True
688519,南亚新材,2025-02-20,17.9711,5.2657,12122.69499,34.60527496085649,8033.488529559951,7212717832.5,0.7153813678423966,2.540192926045015,True
688520,神州细胞,2025-07-04,16.4576,4.5288,8753.21915800001,5.371534951475144,5470.018716504688,38036123332.74,0.5490997858496134,-4.601479046836488,False
688520,神州细胞,2025-07-04,16.4576,4.5288,21611.641446,8.567133614379514,4633.320985124131,38036123332.74,0.5924513285598536,-4.601479046836488,False
688520,神州细胞,2025-07-03,19.9935,2.8465,7172.918592,8.031791825417569,4274.671722509137,32660921264.76,0.5939462998190547,13.284574468085108,True
688520,神州细胞,2025-06-23,16.6556,1.8849,2583.000216,6.259547058921891,4099.315879788596,23455832056.38,0.5763486791757639,8.225190839694662,True
688521,芯原股份,2025-09-22,17.341,8.243,52316.7358,6.473610989709584,1774.0229811937788,101673124896.0,0.6824556687916565,0.1349999999999962,True
688521,芯原股份,2025-09-12,20.0,7.888,4856.593497999999,0.7000981946477978,3826.9888555854313,91956579955.2,0.5091468543686247,-5.626355031463182,False
688521,芯原股份,2025-08-20,15.5248,6.1777,-17359.977603,-1.8078814969432235,3164.38381997501,73645400417.28,0.4714339094149853,2.0000000000000018,True
688521,芯原股份,2025-08-20,15.5248,6.1777,5037.5671060000095,1.1861376360002018,2626.1914423010767,73645400417.28,0.5225828478627763,2.0000000000000018,True
688521,芯原股份,2025-03-05,11.2102,8.5027,5941.491435,0.9940399402360544,2572.3348684718385,49749456490.4,0.5193217444668584,-4.701627486437621,False
688521,芯原股份,2025-03-04,20.0053,4.4582,15713.664911000002,8.80579118420299,4427.829507919833,44734631517.52,0.5994368817549606,2.6185567010309274,True
688521,芯原股份,2025-02-26,13.239,7.4445,34634.809037,4.864102946613554,2898.480989208528,39909233332.88,0.5839077945434751,-3.1452581032412885,False
688536,思瑞浦,2025-04-15,7.0705,5.5287,-11816.178242,-3.467947777180555,3059.115030820422,22148419191.32,0.443317793835126,0.606391364986969,True
688536,思瑞浦,2025-04-11,19.9967,4.5436,9757.428989,11.396451883497104,5086.525883361385,19367766910.64,0.612025890999358,-0.064926632904827,False
688551,科威尔,2026-05-11,20.0079,10.2836,-419.951155,-0.8211811855676654,3886.8336308505945,5082915066.14,0.4894363733625002,2.8589315525876517,True
688551,科威尔,2026-03-24,20.0,4.9779,1951.233626,10.03318434990076,2856.469864971873,3979907364.06,0.675622093426138,-3.542887586574317,False
688551,科威尔,2026-03-04,19.2214,7.2379,-1379.504589,-5.107409213742977,4371.92191261935,4119464741.0,0.4415885128345879,-9.005726184279029,False
688551,科威尔,2025-08-08,20.0,8.7177,2274.507085,4.092261332128119,3064.246833027802,3631854628.8,0.566774342197566,1.066897347174156,True
688551,科威尔,2025-08-08,20.0,8.7177,2997.451664,9.667779935525592,4040.8312728293104,3631854628.8,0.6196261274323934,1.066897347174156,True
688561,奇安信,2025-08-28,18.0043,4.6479,8270.501961,6.5113756835742205,1996.250944131536,29818701847.04,0.6630901090545752,-6.42857142857144,False
688577,浙海德曼,2025-12-18,-20.0,4.3017,-1775.864594,-3.791570273872168,2418.756644187374,10001822042.52,0.4216215016301068,2.2222222222222143,True
688577,浙海德曼,2025-09-08,20.0,4.8296,14545.3441,21.40579092048021,6422.650647360852,14862520605.24,0.6666429648425305,-3.4689862276069072,False
688577,浙海德曼,2025-08-22,13.6156,5.5748,-5856.530062,-4.315207439463435,3120.220241634166,10539303133.59,0.4308509158763194,7.053701015965164,True
688577,浙海德曼,2025-08-08,19.9931,5.1598,2050.213014,5.323811229477866,3274.6765263793404,7767325084.2,0.5812875895770407,-3.2704654895666208,False
688577,浙海德曼,2025-02-18,15.2197,8.1144,-3957.582891,-11.946835780408623,3319.2469467153605,4199711759.08,0.320036954583465,8.560747663551393,True
688583,思看科技,2026-01-30,20.0037,3.9866,8958.907487999999,56.69498484363312,11222.661728876326,3963786916.56,0.7525915251359435,7.692307692307687,True
688583,思看科技,2026-01-30,20.0037,3.9866,10313.32,65.26616352169418,6526.616352169417,3963786916.56,,7.692307692307687,True
688583,思看科技,2026-01-30,20.0037,3.9866,10994.753992,17.06907423156398,4779.2430016782255,3963786916.56,0.6785750821371731,7.692307692307687,True
688583,思看科技,2025-02-06,7.8603,30.7715,8405.00341,20.601291299689716,5216.524862353772,1357400654.87,0.6974618337234773,0.0856164383561619,True
688583,思看科技,2025-02-05,8.8187,31.8739,2398.8617280000003,6.120264980141799,4541.842155927011,1258480769.09,0.5673764605860969,9.612548599007908,True
688583,思看科技,2025-01-23,4.9917,38.261,3623.205545,7.817639774188106,3274.394117662289,1217711462.16,0.6193753637049869,1.1401557285873,True
688583,思看科技,2025-01-22,-4.2722,30.2553,-394.93930400000096,-1.09721972909788,3931.735887238484,1159816490.25,0.4860466246898832,2.875125160921188,True
688585,上纬新材,2026-05-26,18.1818,3.2249,25102.737263,9.198366336844089,4448.09819936879,89142941888.0,0.6033966194603053,-5.0419357948520265,False
688585,上纬新材,2025-12-29,19.9982,4.3751,27588.399645,12.442322226943173,2175.2681384425973,53296185120.64,0.7859951379569087,-5.600000000000005,False
688585,上纬新材,2025-11-11,20.0,4.4943,16169.230309,7.532313186130549,2036.390422568909,52517696985.6,0.68494275711208,-5.785123966942152,False
688585,上纬新材,2025-10-22,15.5435,3.4679,2738.988992,1.9384844656633504,1242.8830904449956,42877351686.4,0.5779833791515059,-1.2229539040451542,False
688585,上纬新材,2025-10-15,-1.5352,3.1858,-9362.534468,-3.081501749085221,1346.9393018634585,35701546545.28,0.385610964620973,-0.6020540668161822,False
688585,上纬新材,2025-10-13,-20.0,0.326,-4959.118544,-35.68750998672275,8654.505222025124,42627267415.04,0.2938212002235524,-0.7356321839080415,False
688585,上纬新材,2025-09-03,-15.3074,5.5961,-29115.975862,-15.24400073884983,2438.732827304271,33341880436.48,0.1874606236448569,-9.157232704402515,False
688585,上纬新材,2025-08-06,-20.0036,6.3496,-3441.850318,-1.465827243767195,1127.1484334301508,35649109520.64,0.4349762994698767,3.960396039603964,True
688585,上纬新材,2025-08-05,19.9957,5.7404,-1573.650757,-0.6786199968321164,971.2009436118868,44563403709.44,0.4650628430040267,-3.391304347826096,False
688585,上纬新材,2025-07-28,19.997,5.3302,-3627.073568,-2.3613930855880536,1036.45546435915,31974484178.56,0.3860832343120441,5.011247188202961,True
688585,上纬新材,2025-07-28,19.997,5.3302,-0.01,-1.2627180169468125e-06,19999.9998737282,31974484178.56,0.4999999968432049,5.011247188202961,True
688585,上纬新材,2025-07-25,17.1277,5.5965,8084.202287999999,1.7515896162021711,1110.4177111699264,26646075751.68,0.5788707528069194,25.031249999999996,True
688585,上纬新材,2025-07-25,17.1277,5.5965,-694.092208,-0.5114277933363475,1030.288229380409,26646075751.68,0.4751803534801174,25.031249999999996,True
688585,上纬新材,2025-07-25,17.1277,5.5965,-0.01,-1.4992433843374431e-06,20000.000149924337,26646075751.68,0.4999999962518915,25.031249999999996,True
688585,上纬新材,2025-07-23,19.7344,9.5002,5929.275404999999,2.9569690988390707,2172.7676323722058,23273971705.6,0.5680461420444367,3.621323529411757,True
688585,上纬新材,2025-07-22,19.995,7.5646,-5591.539645000001,-3.1624858285837942,2916.0334726800547,19438001672.32,0.4457741850665858,14.526315789473676,True
688585,上纬新材,2025-07-22,19.995,7.5646,-9828.941574,-6.754155506335844,2692.261996960509,19438001672.32,0.3745635544764755,14.526315789473676,True
688606,奥泰生物,2025-02-27,15.5429,3.1154,787.423504,4.1766372231548745,5003.283059239752,6276665290.35,0.5417389659319966,1.8878101402373335,True
688622,*ST禾信,2026-05-29,20.0041,3.7865,1418.771463,2.161557692035213,3012.6308869466434,8243056646.58,0.5358749175247617,-2.0346646571213323,False
688622,*ST禾信,2026-05-29,20.0041,3.7865,1305.272702,4.342786548225968,3554.157454174875,8243056646.58,0.5610944591540918,-2.0346646571213323,False
688622,*ST禾信,2026-05-27,16.7437,2.8573,32.928627,0.1933552259173746,3899.2074753436855,6588526213.5,0.5024794169987111,12.92134831460674,True
688622,*ST禾信,2026-03-23,15.2102,7.4499,1811.756802,3.802338336429969,4599.52670609289,6623758974.0,0.5413340173826265,-3.694213111253464,False
688622,*ST禾信,2026-03-23,15.2102,7.4499,750.334,0.9292460085596236,4013.138075018446,6623758974.0,0.5115775484320378,-3.694213111253464,False
688622,*ST禾信,2026-03-09,-10.1058,7.7669,-16232.966934,-12.307110635865644,4082.077319259746,5446984773.3,0.3492543174305006,6.263982102908283,True
688622,*ST禾信,2026-03-06,-19.6505,8.0061,-4969.234450999999,-9.451923574465528,3555.2397331445945,6059330150.79,0.3670705172657184,-7.329268292682933,False
688622,*ST禾信,2025-11-25,19.9962,5.6848,4414.195497,2.9245280561389118,4194.306942127252,8875837025.16,0.5348630667293947,-6.323185011709597,False
688622,*ST禾信,2025-11-25,19.9962,5.6848,6791.643459000001,14.033533183237726,6224.4834692335,8875837025.16,0.6127284958872727,-6.323185011709597,False
688622,*ST禾信,2025-11-21,20.0,6.2271,-986.6155300000012,-2.0397645066301657,4486.818881231795,8286745269.6,0.47726936878194,-9.168,False
688622,*ST禾信,2025-11-19,-20.0015,5.458,-2879.057406,-6.568484510412404,5751.530258002372,7460184708.27,0.4428979400632261,-2.2482893450635366,False
688622,*ST禾信,2025-07-29,19.995,4.0519,3352.662725,12.9909547239251,4971.270640472388,6766080122.42,0.6306603046126921,1.4783417760777295,True
688656,浩欧博,2025-07-11,20.0015,7.2564,10661.382041,15.63108564343342,6108.336110252603,9932674917.8,0.627948801124395,-5.179536066094692,False
688656,浩欧博,2025-06-23,20.0,4.8117,2451.236464,7.092174807703715,3460.437087541284,7718339347.2,0.6024751299949634,-2.8323510150622067,False
688656,浩欧博,2025-06-12,11.1935,5.4837,909.9480569999988,0.7382248500019948,3358.242196761295,8694482264.64,0.5109912389689156,-5.591283952485426,False
688656,浩欧博,2025-06-10,20.004,5.6769,498.141784999999,1.269256789036944,4715.710655894135,7490068199.84,0.5134577466860749,5.005089921954542,True
688660,电气风电,2025-09-23,15.5458,4.5334,3623.081329,2.797872374321745,1514.5122823299523,31613334914.0,0.5923687581462678,0.3765690376569042,True
688660,电气风电,2025-08-28,14.4648,7.0784,19879.402337,3.140148477096722,2080.2240377694766,34080001704.0,0.5754762088141178,-4.798387096774204,False
688660,电气风电,2025-08-26,20.0,6.793,13912.602633,7.400909079206035,2262.538050392837,29760001488.0,0.6635532511358436,3.86363636363638,True
688660,电气风电,2025-07-31,-16.6074,8.7204,5323.830314,3.093709263531357,2058.9251587305325,18746667604.0,0.5751292306671029,0.9742519137091232,True
688660,电气风电,2025-07-30,1.2613,6.1758,2696.62062,0.6051692223421761,1782.931174253157,22480001124.0,0.5169711885428128,-5.211081794195261,False
688660,电气风电,2025-07-28,17.4689,7.1,3046.539921,2.287624926787951,2050.6278021817943,20173334342.0,0.5557786479914589,7.38255033557047,True
688660,电气风电,2025-07-23,19.8724,8.9881,-2479.119848,-1.6893874648058451,2389.5075901892696,17533334210.0,0.4646498828515537,4.137392661982831,True
688660,电气风电,2025-07-18,20.0474,4.5415,4627.820572,8.142244566758789,3426.092729122989,13493334008.0,0.6188269730347176,1.6999999999999904,True
688660,电气风电,2025-04-07,-20.0538,2.4515,2044.547074,9.884507299234782,4000.6592420553498,7920000396.0,0.6235359812118938,3.5593220338983045,True
688660,电气风电,2025-01-03,17.1393,10.9242,12731.03,4.34381106817239,1759.0960335854177,12666667300.0,0.6234671383835357,1.3437849944009097,True
688660,电气风电,2025-01-03,17.1393,10.9242,9238.03,6.97328857198112,2253.405826715474,12666667300.0,0.6547277567428959,1.3437849944009097,True
688667,菱电电控,2026-04-13,19.9982,7.9365,733.874286,1.3499790956533897,3010.550789431569,7079634647.95,0.5224207992170808,-1.931555742179292,False
688667,菱电电控,2025-11-24,18.6121,1.4103,-679.586308,-16.299652654023546,8680.230046554241,3480620636.46,0.4061104799837997,3.2831274327297377,True
688668,鼎通科技,2026-06-04,20.0,4.9774,14461.896778,6.160069311710208,4242.138267409998,50471667614.4,0.572605711122556,-0.416192741184973,False
688668,鼎通科技,2026-06-04,20.0,4.9774,8124.070778,1.533135938076643,3539.071592559577,50471667614.4,0.5216601430344028,-0.416192741184973,False
688668,鼎通科技,2026-04-16,20.0012,9.4585,19969.794579,7.715064991495183,3793.369684875952,28861047681.38,0.6016914462918669,-1.3507848525781352,False
688668,鼎通科技,2026-04-01,18.4988,9.4101,19789.419795,10.682322329930848,3508.577112191587,20777781709.14,0.6522315455574849,0.4970720413999707,True
688668,鼎通科技,2026-01-26,6.9577,11.9067,112675.88441600002,19.050246677581907,3568.212105903493,21152419639.28,0.7669438658938448,3.621794871794881,True
688668,鼎通科技,2025-12-22,20.0,11.4815,21287.213686000003,11.907453210001693,3486.2319831866457,16553869255.92,0.6707782681621418,2.0353908781257646,True
688668,鼎通科技,2025-08-28,20.0038,10.9528,-5115.604343999999,-3.011817377905398,3650.725424530712,17728731823.36,0.458750425906208,-1.2481857764876647,False
688686,奥普特,2025-01-14,15.5478,3.3691,8434.34,27.172242002971625,6524.8960383089325,9656600945.0,0.708219731344669,-0.137140007480363,False
688702,盛科通信,2026-01-27,20.0015,4.8949,6913.125667,4.730768313310907,4541.819834225614,32992254490.99,0.5520800965910344,-5.803680981595094,False
688702,盛科通信,2025-08-20,20.0,4.9402,786.3351009999991,0.8115217329606871,5034.287332435674,22365587913.0,0.508059946516482,-0.3073855611863463,False
688702,盛科通信,2025-08-12,19.2661,5.5707,917.132248999998,1.122036268231987,5527.531280233723,15716359074.0,0.5101495243658263,6.65701881331402,True
688776,国光电气,2025-10-09,20.0,6.7058,3782.425848,5.388300510235407,3907.0908131272254,10860018583.8,0.5689554040071394,-14.629629629629626,False
688776,国光电气,2025-06-09,16.3636,4.5773,4827.630074000001,9.055221339097509,4475.480816953094,12485769868.8,0.6011647877563946,-5.555555555555558,False
688776,国光电气,2025-04-01,18.8967,6.9125,7578.122914,10.645826369921997,4658.641085255419,10979240344.7,0.6142589241701406,-0.4950495049504955,False
688778,厦钨新能,2025-09-08,15.4948,7.2093,30181.733002,6.990941321597935,3201.18709346206,39875642467.83,0.6091929512004449,1.921578810698521,True
688778,厦钨新能,2025-09-05,19.9965,4.6493,9657.079728,6.350434095966584,3686.401558233861,34525916988.03,0.5861332385477974,5.463508147336693,True
688788,科思科技,2026-06-12,17.7096,3.4739,2770.148082,9.778526733663057,4190.019635785236,8482536626.25,0.6166883163285045,1.4477766287487093,True
688788,科思科技,2025-09-25,-1.966,1.6913,0.01,1.028644625747403e-06,19999.999897135534,8604561278.8,0.5000000025716116,-5.597771023302922,False
688788,科思科技,2025-08-05,7.521,11.1807,-3742.701179,-1.437351668000634,2813.1496634896084,12283218705.6,0.4744529826006902,0.2325581395348885,True
688788,科思科技,2025-04-28,-20.0,5.1443,-3786.80412,-11.08192686252286,4698.671317395252,6302576330.0,0.382073823492444,-4.522968197879862,False
688788,科思科技,2025-02-17,20.005,6.0522,1871.917925,3.54336702582058,3120.4838552993547,5074842920.75,0.5567759230640317,-2.918781725888331,False
688788,科思科技,2025-02-17,20.005,6.0522,1715.7590710000002,5.980894949094252,4693.427902492145,5074842920.75,0.5637156367728423,-2.918781725888331,False
688981,中芯国际,2026-05-25,18.7847,12.6118,111158.747997,2.9838304417106616,1649.6350753728998,311931757644.0,0.5904391063895198,-0.4843096928282331,False
